rank,label,sample_count,selected,tier,super_category
1,泊泉雅,109611,True,head,Chăm sóc da mặt
2,Shiseido/资生堂,92158,False,,Chăm sóc da mặt
3,PECHOIN/百雀羚,60342,False,,Chăm sóc da mặt
4,Lancome/兰蔻,56331,False,,Chăm sóc da mặt
5,梵贞,51246,False,,Chăm sóc da mặt
6,一枝春,40384,False,,Chăm sóc da mặt
7,Cosme Decorte/黛珂,39334,False,,Chăm sóc da mặt
8,Clarins/娇韵诗,39328,False,,Chăm sóc da mặt
9,SK-II,36911,False,,Chăm sóc da mặt
10,手饰,27045,False,,Trang sức
11,Clinique/倩碧,24135,False,,Chăm sóc da mặt
12,CPB/肌肤之钥,23844,False,,Chăm sóc da mặt
13,耳饰,22252,False,,Trang sức
14,莱蔻,21639,False,,Chăm sóc da mặt
15,CHANDO/自然堂,20526,False,,Chăm sóc da mặt
16,A.H.C/爱和纯,19886,False,,Chăm sóc da mặt
17,Curel/珂润,19498,False,,Chăm sóc da mặt
18,innisfree/悦诗风吟,19149,False,,Chăm sóc da mặt
19,Olay/玉兰油,18095,False,,Chăm sóc da mặt
20,Freeplus/芙丽芳丝,15876,False,,Chăm sóc da mặt
21,玖美堂,15485,False,,Chăm sóc da mặt
22,Avon/雅芳,15113,False,,Chăm sóc da mặt
23,Herborist/佰草集,13626,False,,Chăm sóc da mặt
24,美肤宝,13079,False,,Chăm sóc da mặt
25,Dior/迪奥,11730,False,,Chăm sóc da mặt
26,ROLANJONA/露兰姬娜,11003,False,,Chăm sóc da mặt
27,同仁堂,10907,False,,Sức khỏe & thiết bị y tế
28,帆布鞋,10194,True,head,Giày nữ
29,Biotherm/碧欧泉,9942,False,,Chăm sóc da mặt
30,CEMOY（美妆）,9495,False,,Chăm sóc da mặt
31,皮衣,9137,False,,Áo khoác & trang phục giữ ấm
32,CAUDALIE/欧缇丽,9135,False,,Chăm sóc da mặt
33,羽绒服,8919,False,,Áo khoác & trang phục giữ ấm
34,WETCODE/水密码,8737,False,,Chăm sóc da mặt
35,风衣,8268,False,,Áo khoác & trang phục giữ ấm
36,WETHERM/温碧泉,8198,False,,Chăm sóc da mặt
37,相宜本草,8180,False,,Chăm sóc da mặt
38,佰珍堂,8035,True,medium,Chăm sóc da mặt
39,职业女裤套装,7934,False,,Áo nữ
40,大宝,7918,False,,Chăm sóc da mặt
41,日韩腕表,7880,False,,Đồng hồ
42,eaoron,7676,False,,Chăm sóc da mặt
43,洗发水,7404,True,head,Chăm sóc tóc
44,皮艺床,7291,False,,Nội thất phòng ngủ
45,时装靴,7274,False,,Giày nữ
46,校服/校服定制,7244,False,,Đồng phục & trang phục biểu diễn
47,皮艺沙发,7208,False,,Nội thất phòng khách
48,湿巾,7016,True,head,Dụng cụ vệ sinh nhà cửa
49,挂钟,6853,False,,Đồng hồ
50,汉服,6652,False,,Áo nữ
51,餐椅,6619,False,,Nội thất phòng ăn
52,职业女裙套装,6580,False,,Áo nữ
53,欧美腕表,6493,False,,Đồng hồ
54,DOCTOR LI/李医生,6481,False,,Chăm sóc da mặt
55,旗袍,6474,False,,Áo nữ
56,皮草,6428,False,,Áo khoác & trang phục giữ ấm
57,舞台灯光,6400,False,,Đèn & chiếu sáng
58,双肩背包,6315,False,,Túi xách & vali
59,实木沙发,6082,False,,Nội thất phòng khách
60,沙发椅,6069,False,,Nội thất phòng khách
61,电子美容仪,6045,True,head,Mỹ phẩm dụng cụ & phụ kiện
62,茶几,5970,False,,Nội thất phòng khách
63,高帮鞋,5929,False,,Giày nữ
64,礼服/晚装,5892,False,,Áo nữ
65,颈饰,5832,False,,Trang sức
66,衬衫,5803,False,,Áo nam
67,国产白酒,5786,False,,Rượu vang & rượu mạnh
68,鱼,5750,False,,"Thịt, cá & hải sản"
69,FANJEIS/梵洁诗,5710,False,,Chăm sóc da mặt
70,Rellet/颐莲,5677,False,,Chăm sóc da mặt
71,T恤,5602,False,,Áo nam
72,酒店工作制服,5514,False,,Đồng phục & trang phục biểu diễn
73,科学实验,5509,False,,Đồ chơi giáo dục
74,猫咪特色零食,5485,False,,Thú cưng: thức ăn
75,ZIPPO/芝宝,5477,False,,Quà tặng & đồ lưu niệm
76,鞋柜,5425,False,,Phụ kiện giày
77,瑞士腕表,5375,False,,Đồng hồ
78,牙膏,5350,True,head,Chăm sóc răng miệng
79,石雕,5344,False,,Đồ trang trí nhà cửa
80,斗柜,5224,False,,Nội thất phòng khách
81,净水器,5217,False,,Thiết bị lọc nước
82,沐浴露,5210,True,head,Chăm sóc cơ thể
83,汽车氛围灯/装饰灯,5183,False,,Ô tô: phụ tùng & phụ kiện
84,儿童桌面游戏类,5146,False,,Đồ chơi giáo dục
85,菜刀,5145,True,head,Dụng cụ nhà bếp
86,餐桌,5127,False,,Nội thất phòng ăn
87,珠宝奇石,5124,False,,Trang sức
88,门厅/玄关柜/玄关架,5096,False,,Tủ & kệ lưu trữ
89,书桌,5081,False,,Nội thất văn phòng & học tập
90,摩托车头盔,5073,False,,Ô tô: phụ tùng & phụ kiện
91,乐福鞋（豆豆鞋）,5052,False,,Giày nữ
92,保暖裤,5032,False,,Quần & váy
93,电子门锁,5018,False,,Thiết bị mạng & an ninh
94,肚皮舞套装(演出服),4962,False,,Đồng phục & trang phục biểu diễn
95,DERMAFIRM+/德妃,4889,False,,Chăm sóc da mặt
96,染发膏,4854,False,,Chăm sóc tóc
97,桌椅套件,4851,False,,"Rèm, thảm & vải gia dụng"
98,音乐盒,4848,False,,Thiết bị điện tử gia đình
99,保暖上装,4846,False,,Áo khoác & trang phục giữ ấm
100,感统训练器材/教学设备,4811,False,,Đồ chơi giáo dục
101,国产腕表,4809,False,,Đồng hồ
102,唐装,4779,False,,Áo nữ
103,电热水壶,4777,True,head,Bình nước & đồ uống
104,布艺床,4771,False,,Nội thất phòng ngủ
105,纸尿裤,4771,False,,Đồ dùng cho bé
106,布鞋,4770,False,,Giày nữ
107,葡萄酒,4738,False,,Rượu vang & rượu mạnh
108,电视柜,4729,False,,Nội thất phòng khách
109,儿童机器人/变形玩具,4717,False,,Đồ chơi mô hình & điều khiển
110,帽子,4705,True,head,"Mũ, khăn & găng tay"
111,胶水,4686,False,,Văn phòng phẩm
112,正装皮鞋,4678,True,head,Giày nam
113,布艺沙发,4663,False,,Nội thất phòng khách
114,实木床,4645,False,,Nội thất phòng ngủ
115,单鞋,4639,True,medium,Giày nữ
116,猫/狗药品,4609,False,,Sức khỏe & thiết bị y tế
117,鞋油,4531,False,,Phụ kiện giày
118,电动牙刷,4518,False,,Chăm sóc răng miệng
119,乳液/面霜,4517,False,,Chăm sóc da mặt
120,油画,4506,False,,Đồ trang trí nhà cửa
121,沙发,4466,False,,Nội thất phòng khách
122,笼子,4440,False,,Thú cưng: chăm sóc
123,洗护套装,4436,False,,Chăm sóc da mặt
124,儿童演出服,4425,False,,Đồng phục & trang phục biểu diễn
125,梳妆台/桌,4417,False,,Nội thất phòng ngủ
126,卷/直发器,4414,False,,Chăm sóc tóc
127,汽车喇叭/高音头,4414,False,,Ô tô: phụ tùng & phụ kiện
128,连体泳衣,4391,False,,Đồ bơi & thể thao nước
129,时尚休闲鞋,4388,True,head,Giày thể thao
130,室内门,4371,False,,Vật liệu xây dựng
131,卫衣/绒衫,4359,False,,Áo nữ
132,猫主粮,4354,False,,Thú cưng: thức ăn
133,餐边柜,4346,False,,Nội thất phòng khách
134,休闲运动套装,4315,True,head,Khác / chưa xác định
135,护手霜,4313,False,,Chăm sóc da mặt
136,车模,4293,False,,Ô tô: phụ tùng & phụ kiện
137,剪刀,4290,False,,Dụng cụ nhà bếp
138,展示柜,4286,True,medium,Nội thất phòng khách
139,网络摄像机,4286,True,head,Camera & nhiếp ảnh
140,假睫毛,4280,False,,Trang điểm
141,剃须刀,4266,False,,Khác / chưa xác định
142,钥匙扣,4252,False,,Khác / chưa xác định
143,狗零食,4245,False,,Đồ ăn vặt
144,素肉,4243,False,,Đồ ăn vặt
145,果酒,4235,False,,Rượu vang & rượu mạnh
146,指甲彩妆,4225,False,,Trang điểm
147,煤油打火机,4189,False,,Quà tặng & đồ lưu niệm
148,连衣裙,4183,False,,Áo nữ
149,洞洞鞋,4177,False,,Giày nữ
150,普洱,4175,False,,"Trà, cà phê & đồ uống"
151,手工创意粘贴类,4174,False,,Đồ thủ công & mỹ thuật
152,电动/遥控动物/人物,4168,False,,Đồ chơi mô hình & điều khiển
153,儿童礼服,4160,False,,Áo nữ
154,手机,4158,False,,Điện thoại & phụ kiện
155,无线/蓝牙音箱,4151,False,,Âm thanh & nhạc cụ
156,暖风机/取暖器,4148,False,,Điện lạnh & điều hòa
157,雕刻机,4137,False,,Đồ thủ công & mỹ thuật
158,飞镖/射击/射箭类,4137,False,,Thể thao bóng
159,沙发床,4129,False,,Nội thất phòng khách
160,休闲板鞋,4127,False,,Giày thể thao
161,笔记本电脑,4124,True,head,Máy tính & phụ kiện
162,吉他-民谣吉他,4119,False,,Âm thanh & nhạc cụ
163,健身裤,4115,False,,Tập luyện & thể hình
164,吸尘器,4115,False,,Thiết bị gia dụng nhỏ
165,定制成品光学镜,4106,True,head,Kính mắt & kính áp tròng
166,角几/边几,4100,False,,Nội thất phòng khách
167,水杯,4074,False,,Bình nước & đồ uống
168,犬主粮,4071,False,,Thú cưng: thức ăn
169,学生校服,4052,False,,Đồng phục & trang phục biểu diễn
170,休闲裤,4024,False,,Quần & váy
171,BB霜,4019,False,,Trang điểm
172,运动文胸,4000,False,,Đồ lót & đồ ngủ
173,防水涂料,3996,False,,Vật liệu xây dựng
174,防蓝光镜,3992,False,,Kính mắt & kính áp tròng
175,整顶假发,3987,False,,Chăm sóc tóc
176,电热/火锅,3975,False,,"Nồi, chảo & đồ nấu ăn"
177,彩色隐形眼镜,3963,False,,Kính mắt & kính áp tròng
178,成人用纸尿护理用品,3956,False,,Sức khỏe & thiết bị y tế
179,吊灯,3950,False,,Đèn & chiếu sáng
180,眼线,3941,False,,Trang điểm
181,升降台,3937,False,,Nội thất văn phòng & học tập
182,衣帽架,3935,False,,Tủ & kệ lưu trữ
183,蓝牙耳机,3934,False,,Âm thanh & nhạc cụ
184,婚纱,3920,False,,Đồ cưới & trang trí sự kiện
185,防晒霜,3878,False,,Chăm sóc da mặt
186,眉笔/眉粉/眉膏,3875,False,,Trang điểm
187,美甲工具,3873,False,,Mỹ phẩm dụng cụ & phụ kiện
188,半身裙,3870,False,,Áo nữ
189,智能车机导航,3870,False,,Ô tô: phụ tùng & phụ kiện
190,旅行箱,3858,False,,Túi xách & vali
191,多用途清洁剂,3857,False,,Dụng cụ vệ sinh nhà cửa
192,内裤,3855,False,,Đồ lót & đồ ngủ
193,高光,3846,False,,Trang điểm
194,射灯,3844,False,,Đèn & chiếu sáng
195,床品套件/四件套/多件套,3823,True,head,Chăn ga gối đệm
196,猫/狗保健品,3820,False,,Sức khỏe & thiết bị y tế
197,加湿器,3814,False,,Điện lạnh & điều hòa
198,眼影,3809,False,,Trang điểm
199,电饭煲,3804,False,,Thiết bị gia dụng nhỏ
200,大班台/主管桌,3794,False,,Nội thất văn phòng & học tập
201,麦克风/话筒,3789,False,,Âm thanh & nhạc cụ
202,儿童床,3787,False,,Nội thất phòng ngủ
203,四轮推车,3779,False,,Đồ dùng cho bé
204,健身衣,3773,False,,Tập luyện & thể hình
205,油污清洁剂,3771,False,,Dụng cụ vệ sinh nhà cửa
206,润肤乳,3766,False,,Chăm sóc da mặt
207,书法,3758,False,,Đồ chơi giáo dục
208,行车记录仪,3739,False,,Ô tô: phụ tùng & phụ kiện
209,背心吊带,3721,False,,Áo nam
210,浴足剂,3720,False,,Chăm sóc cơ thể
211,UZRO/优资莱,3714,False,,Chăm sóc da mặt
212,唇彩/唇蜜/唇釉,3710,False,,Trang điểm
213,大灯总成,3691,False,,Ô tô: phụ tùng & phụ kiện
214,奶瓶,3679,False,,Đồ dùng cho bé
215,化妆刷,3665,False,,Trang điểm
216,西装,3661,False,,Áo nam
217,电动/遥控轨道,3653,False,,Đồ chơi mô hình & điều khiển
218,扫地机器人,3649,False,,Đồ chơi mô hình & điều khiển
219,代用/花草茶,3643,False,,"Trà, cà phê & đồ uống"
220,懒人沙发,3637,False,,Nội thất phòng khách
221,遥控开关,3635,True,head,Linh kiện & thiết bị điện
222,贴片面膜,3630,False,,Chăm sóc da mặt
223,化妆/美容工具,3620,False,,Mỹ phẩm dụng cụ & phụ kiện
224,装饰台灯,3615,False,,Đèn & chiếu sáng
225,遮阳篷/雨篷/车篷/广告篷/天幕,3600,False,,Khác / chưa xác định
226,男士包袋,3596,False,,Túi xách & vali
227,常规洗衣液,3584,False,,Dụng cụ vệ sinh nhà cửa
228,落地灯,3584,False,,Đèn & chiếu sáng
229,面部护理套装,3580,False,,Chăm sóc da mặt
230,卫生巾,3561,False,,Khác / chưa xác định
231,吸顶灯,3561,False,,Đèn & chiếu sáng
232,睫毛膏/睫毛增长液,3560,False,,Trang điểm
233,换气扇/排气扇,3557,False,,Điện lạnh & điều hòa
234,耳机/耳麦,3557,False,,Âm thanh & nhạc cụ
235,西服套装,3556,False,,Áo nam
236,戒指/指环,3550,False,,Trang sức
237,耳机保护套,3548,False,,Âm thanh & nhạc cụ
238,牛肉类,3545,False,,"Thịt, cá & hải sản"
239,瑜伽长裤,3540,False,,Tập luyện & thể hình
240,逗猫棒,3540,False,,Thú cưng: chăm sóc
241,卸妆,3538,False,,Chăm sóc da mặt
242,儿童电动车,3533,False,,Xe đạp & xe điện
243,换鞋凳,3533,False,,Nội thất phòng khách
244,传统黄酒,3530,False,,Rượu vang & rượu mạnh
245,牛仔裤,3526,False,,Quần & váy
246,惯性/回力/滑行玩具,3523,False,,Đồ chơi mô hình & điều khiển
247,LED显示屏,3517,False,,Khác / chưa xác định
248,野餐炉具,3516,True,head,Cắm trại & dã ngoại
249,养生壶/煎药壶,3514,False,,"Nồi, chảo & đồ nấu ăn"
250,空气芳香剂,3497,False,,Thiết bị gia dụng nhỏ
251,登山鞋/徒步鞋,3490,False,,Giày thể thao
252,隔离/妆前,3483,False,,Trang điểm
253,组合/屏风工作位,3482,False,,Nội thất văn phòng & học tập
254,手电筒,3474,False,,Đèn & chiếu sáng
255,高低/子母床,3468,False,,Nội thất phòng ngủ
256,Yalget/雅丽洁,3458,False,,Chăm sóc da mặt
257,抽纸,3458,False,,Dụng cụ vệ sinh nhà cửa
258,项链,3454,False,,Trang sức
259,分体泳衣,3449,False,,Đồ bơi & thể thao nước
260,蜜粉/散粉,3445,False,,Trang điểm
261,碗,3442,False,,Dụng cụ nhà bếp
262,遮瑕,3440,False,,Trang điểm
263,头发造型,3433,True,medium,Chăm sóc tóc
264,灯箱,3432,False,,Thiết bị thương mại
265,笔记本电脑包,3428,False,,Máy tính & phụ kiện
266,手镯,3422,False,,Trang sức
267,芭蕾舞服,3421,False,,Khác / chưa xác định
268,滑板,3420,False,,Tập luyện & thể hình
269,电磁炉/陶炉,3416,False,,"Nồi, chảo & đồ nấu ăn"
270,智能手表手环表带/腕带,3414,False,,Đồng hồ
271,抹胸,3410,False,,Áo nữ
272,榨汁机,3403,False,,Thiết bị gia dụng nhỏ
273,景观庭院灯饰,3399,False,,Đèn & chiếu sáng
274,塑身连体衣,3389,False,,Quần áo trẻ em
275,钢笔,3387,False,,Văn phòng phẩm
276,游艺机,3385,False,,Đồ chơi ngoài trời
277,床头柜,3384,False,,Nội thất phòng ngủ
278,手机包,3384,False,,Điện thoại & phụ kiện
279,跑步鞋,3384,True,medium,Giày thể thao
280,理发器,3376,False,,Chăm sóc tóc
281,停车场控制机/道闸,3370,False,,Thiết bị mạng & an ninh
282,鱼线轮,3369,True,head,Câu cá & săn bắn
283,吊扇,3363,False,,Đèn & chiếu sáng
284,组合型花茶,3362,False,,"Trà, cà phê & đồ uống"
285,广告牌,3356,False,,Thiết bị thương mại
286,壁灯,3339,False,,Đèn & chiếu sáng
287,移动电源,3330,False,,Điện thoại & phụ kiện
288,越野车外侧脚踏板,3330,False,,Ô tô: phụ tùng & phụ kiện
289,智能手环,3327,False,,Điện thoại & phụ kiện
290,工装制服,3318,False,,Đồng phục & trang phục biểu diễn
291,练字帖/练字板,3311,False,,Đồ chơi giáo dục
292,眼膜,3310,False,,Chăm sóc da mặt
293,车载充电器,3309,False,,Điện thoại & phụ kiện
294,现代舞服装,3305,False,,Khác / chưa xác định
295,雨鞋,3302,False,,Giày nữ
296,建构/拼插积木,3301,False,,Đồ chơi mô hình & điều khiển
297,电脑椅,3300,False,,Máy tính & phụ kiện
298,陀螺,3296,False,,Đồ chơi mô hình & điều khiển
299,电吹风,3295,False,,Khác / chưa xác định
300,民族服装/舞台装,3285,False,,Áo nữ
301,洗洁精,3283,False,,Dụng cụ vệ sinh nhà cửa
302,游戏手柄,3281,False,,Trò chơi điện tử
303,钱包,3274,False,,Túi xách & vali
304,马桶清洁剂/洁厕剂,3266,False,,Thiết bị phòng tắm
305,电炖锅/煲汤锅/电炖盅,3264,False,,"Nồi, chảo & đồ nấu ăn"
306,拉拉裤,3259,False,,Đồ dùng cho bé
307,棉衣/棉服,3254,False,,Áo khoác & trang phục giữ ấm
308,女士包袋,3240,False,,Túi xách & vali
309,唇膏/口红,3239,False,,Trang điểm
310,糖果,3236,False,,Đồ ăn vặt
311,牙刷/口腔清洁工具,3224,False,,Chăm sóc răng miệng
312,服装展示架,3221,False,,Thiết bị thương mại
313,粉底液/膏,3208,False,,Trang điểm
314,睡袋/防踢被,3196,False,,Chăn ga gối đệm
315,果冻/布丁,3194,False,,Đồ ăn vặt
316,影室灯,3189,False,,Camera & nhiếp ảnh
317,酒架,3189,False,,Thiết bị thương mại
318,沐浴乳/沐浴露,3186,False,,Chăm sóc cơ thể
319,项坠/吊坠,3183,False,,Trang sức
320,尾翼/顶翼,3182,False,,Ô tô: phụ tùng & phụ kiện
321,早教闪卡/潜能开发卡,3181,False,,Đồ chơi giáo dục
322,液态精华,3174,False,,Chăm sóc da mặt
323,小型燃气灶,3168,False,,"Nồi, chảo & đồ nấu ăn"
324,涂抹面膜,3164,False,,Chăm sóc da mặt
325,洗手液,3160,False,,Chăm sóc cơ thể
326,电动/遥控飞机,3156,False,,Đồ chơi mô hình & điều khiển
327,砖雕,3156,False,,Đồ trang trí nhà cửa
328,保暖贴,3152,False,,Sức khỏe & thiết bị y tế
329,商用展示柜/展示架,3152,False,,Nội thất phòng khách
330,拉丁舞练习套装,3151,False,,Đồng phục & trang phục biểu diễn
331,电动/遥控车,3151,False,,Đồ chơi mô hình & điều khiển
332,门禁机,3144,False,,Thiết bị mạng & an ninh
333,单个书柜,3134,True,medium,Nội thất văn phòng & học tập
334,消毒液,3134,False,,Dụng cụ vệ sinh nhà cửa
335,香熏香料,3133,False,,Nước hoa & hương thơm
336,按摩温熏调理器,3125,False,,Khác / chưa xác định
337,支架,3123,False,,Linh kiện & thiết bị điện
338,拉杆广场音箱/户外音响,3122,False,,Thiết bị điện tử gia đình
339,空气净化器,3116,False,,Thiết bị gia dụng nhỏ
340,海苔系列,3115,False,,Đồ ăn vặt
341,文胸,3114,False,,Đồ lót & đồ ngủ
342,传统糕点,3106,False,,Đồ ăn vặt
343,连体衣/裤,3100,False,,Quần áo trẻ em
344,保暖套装,3097,False,,Áo khoác & trang phục giữ ấm
345,男士洁面,3097,False,,Chăm sóc da mặt
346,粉饼,3097,False,,Trang điểm
347,有线鼠标,3095,False,,Máy tính & phụ kiện
348,铁观音,3091,False,,"Trà, cà phê & đồ uống"
349,耳环,3090,False,,Trang sức
350,洁面,3087,False,,Chăm sóc da mặt
351,腮红/胭脂,3087,False,,Trang điểm
352,人字拖,3079,False,,Giày nữ
353,手套,3078,False,,"Mũ, khăn & găng tay"
354,露营/旅游/登山帐篷,3075,False,,Cắm trại & dã ngoại
355,手机保护套/壳,3068,False,,Điện thoại & phụ kiện
356,永生花,3060,False,,Đồ trang trí nhà cửa
357,足球鞋,3049,False,,Giày thể thao
358,鞋垫,3046,False,,Phụ kiện giày
359,机械喷嘴,3043,False,,Linh kiện & thiết bị điện
360,潜水服,3042,False,,Đồ bơi & thể thao nước
361,塑身美体裤,3040,False,,Quần & váy
362,止汗露,3040,False,,Chăm sóc cơ thể
363,铁艺/钢木床,3029,False,,Nội thất phòng ngủ
364,香波浴液,3026,True,medium,Chăm sóc cơ thể
365,车挂,3019,False,,Ô tô: phụ tùng & phụ kiện
366,马丁靴,3019,False,,Giày nữ
367,液压装卸车,3017,True,head,Máy móc công nghiệp
368,筒灯,3015,False,,Đèn & chiếu sáng
369,婚庆绢花,3011,False,,Đồ trang trí nhà cửa
370,保温杯,3010,False,,Bình nước & đồ uống
371,枣类制品,3007,False,,Đồ ăn vặt
372,奖状/证书,3003,False,,Văn phòng phẩm
373,乳胶枕,3002,False,,Nội thất phòng ngủ
374,化妆水/爽肤水,3002,False,,Chăm sóc da mặt
375,塑杯,3000,False,,Bình nước & đồ uống
376,鸭肉零食,2995,False,,"Thịt, cá & hải sản"
377,鱼干,2988,False,,"Thịt, cá & hải sản"
378,车蜡,2987,False,,Ô tô: phụ tùng & phụ kiện
379,板鞋/休闲鞋,2980,False,,Giày thể thao
380,玄关台,2978,False,,Nội thất phòng khách
381,鸡肉零食,2978,False,,Đồ ăn vặt
382,普通U盘,2977,False,,Dụng cụ nhà bếp
383,韩美肌,2975,False,,Chăm sóc da mặt
384,啤酒,2974,False,,Rượu vang & rượu mạnh
385,电视机架,2974,False,,Thiết bị điện tử gia đình
386,车载自动升窗器,2972,False,,Ô tô: phụ tùng & phụ kiện
387,香薰蜡烛,2972,False,,Nước hoa & hương thơm
388,放大镜,2963,False,,Kính mắt & kính áp tròng
389,身体乳/霜,2963,False,,Chăm sóc cơ thể
390,建筑/DIY小屋/拼装模型,2961,False,,Đồ chơi mô hình & điều khiển
391,猪肉类,2961,False,,"Thịt, cá & hải sản"
392,进户门,2961,False,,Vật liệu xây dựng
393,宣纸,2960,False,,Đồ chơi giáo dục
394,中老年女装,2959,False,,Áo nữ
395,豆腐干,2958,False,,Đồ ăn vặt
396,亲子装/亲子时装,2956,False,,Áo nữ
397,一字拖,2952,False,,Khác / chưa xác định
398,车用洗车机/设备,2950,False,,Ô tô: phụ tùng & phụ kiện
399,车用钥匙包,2945,False,,Túi xách & vali
400,篮球,2939,False,,Thể thao bóng
401,衣柜,2938,False,,Tủ & kệ lưu trữ
402,早教机/点读学习,2935,False,,Đồ chơi giáo dục
403,眼镜架,2935,False,,Kính mắt & kính áp tròng
404,显示器,2932,False,,Máy tính & phụ kiện
405,汽车灯泡,2929,False,,Ô tô: phụ tùng & phụ kiện
406,奶嘴/安抚奶嘴,2928,False,,Đồ dùng cho bé
407,洗衣机,2928,False,,Điện lạnh & điều hòa
408,毛呢外套,2923,False,,Áo khoác & trang phục giữ ấm
409,润唇膏,2921,False,,Trang điểm
410,车载手机支架/手机座,2914,False,,Điện thoại & phụ kiện
411,马夹,2914,False,,Áo nam
412,美工刀,2911,True,head,Dụng cụ cầm tay
413,无线鼠标,2909,False,,Máy tính & phụ kiện
414,洗漱包/化妆包,2909,True,medium,Mỹ phẩm dụng cụ & phụ kiện
415,请柬,2909,False,,Văn phòng phẩm
416,腰包,2907,False,,Túi xách & vali
417,贴纸,2907,False,,Văn phòng phẩm
418,一体机,2906,False,,Máy tính & phụ kiện
419,单方精油,2901,False,,Nước hoa & hương thơm
420,卡包,2901,False,,Túi xách & vali
421,休闲皮鞋,2899,True,medium,Giày nam
422,纯露/花水,2898,False,,Chăm sóc da mặt
423,LED灯带,2896,False,,Đèn & chiếu sáng
424,太阳眼镜,2895,False,,Kính mắt & kính áp tròng
425,机箱,2895,True,head,Linh kiện máy tính
426,毛笔,2891,False,,Văn phòng phẩm
427,报警主机,2887,False,,Thiết bị mạng & an ninh
428,车用清洗/除蜡/除胶剂,2886,False,,Khác / chưa xác định
429,手链,2883,False,,Trang sức
430,大型组合式游乐设备,2881,False,,Đồ chơi ngoài trời
431,头灯,2878,False,,Đèn & chiếu sáng
432,包挂件,2877,False,,Túi xách & vali
433,仿真/动物玩偶,2876,True,head,Búp bê & đồ chơi nhập vai
434,大型绿植/成品组合盆栽,2875,True,head,Nông nghiệp & làm vườn
435,灭鼠/杀虫剂,2859,False,,Dụng cụ vệ sinh nhà cửa
436,居家棉拖/棉鞋,2858,True,medium,Phụ kiện giày
437,钓竿,2857,False,,Câu cá & săn bắn
438,毛呢大衣,2855,False,,Áo khoác & trang phục giữ ấm
439,皮靴/棉靴,2855,True,tail,Giày nữ
440,即食鱼零食,2853,False,,Đồ ăn vặt
441,手工皂/精油皂,2852,False,,Nước hoa & hương thơm
442,瑜伽t恤,2851,False,,Áo nam
443,民族服装,2848,False,,Áo nữ
444,传统布鞋/手工编织鞋,2845,False,,Đồ thủ công & mỹ thuật
445,鱼饵,2845,False,,Câu cá & săn bắn
446,私处洗液,2837,False,,Chăm sóc cơ thể
447,缝纫DIY材料套装,2835,False,,Đồ thủ công & mỹ thuật
448,对讲机,2831,False,,Thiết bị mạng & an ninh
449,保健护具(护腰/膝/腿/颈),2830,False,,Sức khỏe & thiết bị y tế
450,魔方,2830,False,,Đồ chơi giáo dục
451,笔筒,2829,False,,Văn phòng phẩm
452,眼霜,2825,False,,Chăm sóc da mặt
453,猫砂,2818,False,,Thú cưng: chăm sóc
454,假睫毛辅助工具,2815,False,,Trang điểm
455,工具车,2814,False,,Dụng cụ cầm tay
456,书包,2803,False,,Túi xách & vali
457,汽车包围,2803,False,,Ô tô: phụ tùng & phụ kiện
458,狗狗,2797,False,,Thú cưng: chăm sóc
459,咖啡杯,2790,False,,Bình nước & đồ uống
460,过家家玩具,2787,False,,Đồ chơi mô hình & điều khiển
461,凤凰单丛,2783,False,,"Trà, cà phê & đồ uống"
462,香皂,2783,False,,Chăm sóc cơ thể
463,面部磨砂/去角质,2781,False,,Chăm sóc da mặt
464,早教教具/早教套装,2779,False,,Đồ chơi giáo dục
465,内衣套装,2776,False,,Đồ lót & đồ ngủ
466,包头拖,2770,False,,Phụ kiện giày
467,马甲,2762,False,,Áo nam
468,办公屏风/隔断,2761,False,,Nội thất văn phòng & học tập
469,摩托车整车,2761,False,,Xe đạp & xe điện
470,充气用品,2758,False,,Đồ chơi ngoài trời
471,水彩颜料,2756,False,,Đồ thủ công & mỹ thuật
472,口罩,2750,False,,"Mũ, khăn & găng tay"
473,折屏,2748,False,,Nội thất văn phòng & học tập
474,毛衣/针织衫,2746,False,,Áo nữ
475,电源,2745,False,,Linh kiện & thiết bị điện
476,宠物服装/雨衣,2743,False,,Thú cưng: chăm sóc
477,防晒衣,2740,False,,Chăm sóc da mặt
478,厨房冰箱,2739,False,,Điện lạnh & điều hòa
479,毛巾/面巾,2739,False,,"Rèm, thảm & vải gia dụng"
480,开发板/学习板/评估板/工控板,2738,False,,Khác / chưa xác định
481,烧烤炉,2738,False,,Dụng cụ nhà bếp
482,茶盘,2737,False,,Dụng cụ nhà bếp
483,西服/小西装,2734,False,,Áo nam
484,GHOST CALL BEAUTY/蜕唤美,2726,False,,Chăm sóc da mặt
485,Hifi音箱,2724,False,,Âm thanh & nhạc cụ
486,定制窗帘,2720,False,,"Rèm, thảm & vải gia dụng"
487,茶壶,2719,False,,Bình nước & đồ uống
488,松糕（摇摇）鞋,2709,False,,Giày nữ
489,充气打火机,2706,True,medium,Quà tặng & đồ lưu niệm
490,车用置物袋/置物箱,2703,False,,Ô tô: phụ tùng & phụ kiện
491,炒锅,2700,False,,"Nồi, chảo & đồ nấu ăn"
492,浴巾,2696,False,,"Rèm, thảm & vải gia dụng"
493,茶杯,2688,False,,Bình nước & đồ uống
494,大红袍,2687,False,,"Trà, cà phê & đồ uống"
495,新鲜蛋糕,2686,False,,Đồ ăn vặt
496,基础材料,2676,False,,Đồ thủ công & mỹ thuật
497,运动护具,2673,False,,Sức khỏe & thiết bị y tế
498,眼部精华,2672,True,tail,Chăm sóc da mặt
499,西式糕点,2672,False,,Đồ ăn vặt
500,普通望远镜,2671,False,,Kính mắt & kính áp tròng
501,功夫茶具,2667,True,medium,Bình nước & đồ uống
502,裤子,2661,True,medium,Quần & váy
503,家居服连体衣,2657,False,,Đồ lót & đồ ngủ
504,美容/美发床,2655,True,medium,Nội thất phòng ngủ
505,干洗剂,2654,True,medium,Dụng cụ vệ sinh nhà cửa
506,开关插座套装,2651,False,,Linh kiện & thiết bị điện
507,多宝格/博古架,2650,False,,Tủ & kệ lưu trữ
508,手刹套/档把套/套饰套装,2650,False,,Khác / chưa xác định
509,补胎工具,2647,False,,Ô tô: phụ tùng & phụ kiện
510,钓鱼类玩具,2647,False,,Đồ chơi mô hình & điều khiển
511,高尔夫服装,2645,False,,Thể thao bóng
512,方向盘,2644,False,,Dụng cụ nhà bếp
513,卷筒纸,2636,False,,Dụng cụ vệ sinh nhà cửa
514,穿衣镜,2636,False,,Nội thất phòng ngủ
515,水枪,2628,False,,Đồ chơi ngoài trời
516,水果罐头,2625,False,,Đồ ăn vặt
517,果盘/果篓,2623,False,,Dụng cụ nhà bếp
518,亚克力板,2620,False,,Vật liệu xây dựng
519,西装裤/正装裤,2620,False,,Quần & váy
520,防追尾灯,2620,False,,Ô tô: phụ tùng & phụ kiện
521,防撞胶条/防刮条,2619,False,,Ô tô: phụ tùng & phụ kiện
522,打底裤,2617,False,,Đồ lót & đồ ngủ
523,书架,2616,False,,Nội thất văn phòng & học tập
524,香水,2615,True,medium,Nước hoa & hương thơm
525,学步/幼童鞋,2612,False,,Quần áo trẻ em
526,水泵,2608,False,,"Đồng hồ, thiết bị đo lường"
527,花瓶,2604,False,,Đồ trang trí nhà cửa
528,数码相机包,2599,False,,Camera & nhiếp ảnh
529,首饰盒,2597,False,,Trang sức
530,发声玩具,2596,False,,Đồ chơi mô hình & điều khiển
531,专车专用脚垫,2594,False,,Ô tô: phụ tùng & phụ kiện
532,睡袍/浴袍,2592,False,,Đồ lót & đồ ngủ
533,脚架,2592,False,,Khác / chưa xác định
534,烟嘴,2591,False,,Đồ dùng hút thuốc
535,文件柜,2588,False,,Nội thất văn phòng & học tập
536,山楂类制品,2586,False,,Đồ ăn vặt
537,复方精油,2585,False,,Nước hoa & hương thơm
538,拉丁舞鞋,2584,False,,Đồng phục & trang phục biểu diễn
539,棉衣,2581,False,,Áo khoác & trang phục giữ ấm
540,牛排,2581,False,,Khác / chưa xác định
541,篮球鞋,2581,True,tail,Giày thể thao
542,摇椅,2580,False,,Nội thất phòng khách
543,腌制/榨菜/泡菜,2574,True,head,Gia vị & thực phẩm khô
544,分离设备,2572,False,,"Đồng hồ, thiết bị đo lường"
545,烧烤炉/烤架,2568,False,,Dụng cụ nhà bếp
546,沙滩鞋/凉鞋/拖鞋,2567,False,,Giày nữ
547,观赏鱼饲料,2567,False,,Thú cưng: thức ăn
548,收银台,2563,False,,Thiết bị thương mại
549,酥性饼干,2562,False,,Đồ ăn vặt
550,花生,2558,False,,Đồ ăn vặt
551,门窗控制器,2558,False,,Vật liệu xây dựng
552,直发片,2557,False,,Chăm sóc tóc
553,皮带扣,2553,False,,"Mũ, khăn & găng tay"
554,鸡蛋,2549,False,,Gia vị & thực phẩm khô
555,花盆,2548,False,,Nông nghiệp & làm vườn
556,塑身上衣,2543,False,,Áo nữ
557,夹心饼干,2539,False,,Đồ ăn vặt
558,X展架/易拉宝,2538,False,,Thiết bị thương mại
559,木雕,2536,False,,Đồ trang trí nhà cửa
560,泳池设备,2535,False,,Khác / chưa xác định
561,单反镜头,2526,False,,Camera & nhiếp ảnh
562,拼图/拼板,2521,False,,Đồ chơi giáo dục
563,花架/花几,2517,False,,Nông nghiệp & làm vườn
564,瓜子,2515,False,,Đồ ăn vặt
565,羽毛球拍,2512,False,,Thể thao bóng
566,清凉油/防暑/醒神药油,2511,False,,Sức khỏe & thiết bị y tế
567,上衣,2509,False,,Áo nữ
568,壁饰,2508,False,,Đồ trang trí nhà cửa
569,白模填色/模具彩绘,2508,False,,Đồ chơi giáo dục
570,彩泥/橡皮泥,2503,False,,Đồ chơi giáo dục
571,过滤设备,2503,False,,"Đồng hồ, thiết bị đo lường"
572,水桶,2497,False,,Dụng cụ nhà bếp
573,广场舞套装,2495,False,,Tập luyện & thể hình
574,毛巾,2494,False,,"Rèm, thảm & vải gia dụng"
575,脱毛膏,2492,False,,Chăm sóc cơ thể
576,施工除尘器,2490,False,,Khác / chưa xác định
577,旅行袋,2482,False,,Túi xách & vali
578,油烟机,2482,False,,"Nồi, chảo & đồ nấu ăn"
579,电风扇,2482,False,,Điện lạnh & điều hòa
580,太极服,2478,False,,Áo nữ
581,夹克,2473,False,,Áo khoác & trang phục giữ ấm
582,报警灯,2473,False,,Thiết bị mạng & an ninh
583,风筝,2468,False,,Đồ chơi ngoài trời
584,身体乳液,2466,False,,Chăm sóc da mặt
585,膨化食品,2464,False,,Đồ ăn vặt
586,皮鞋,2459,True,tail,Giày nam
587,老花镜,2458,True,medium,Kính mắt & kính áp tròng
588,婴童枕头/枕芯,2455,False,,Nội thất phòng ngủ
589,矮凳,2453,False,,Nội thất phòng khách
590,纸杯,2450,False,,Dụng cụ nhà bếp
591,香薰炉,2450,False,,Nước hoa & hương thơm
592,咖啡壶,2447,False,,"Trà, cà phê & đồ uống"
593,家居服套装,2447,False,,Đồ lót & đồ ngủ
594,平板电脑保护套/壳,2447,False,,Điện thoại & phụ kiện
595,西服,2446,False,,Áo nam
596,围巾/丝巾/披肩,2441,False,,"Mũ, khăn & găng tay"
597,车用纸巾盒/套,2441,False,,Khác / chưa xác định
598,车顶架/车顶箱,2438,False,,Ô tô: phụ tùng & phụ kiện
599,文房四宝,2436,False,,Đồ chơi giáo dục
600,胸针,2436,False,,Trang sức
601,钥匙包,2434,False,,Túi xách & vali
602,家用酒壶,2428,False,,Bình nước & đồ uống
603,仿真植物盆景,2425,False,,Nông nghiệp & làm vườn
604,仿真水果,2425,False,,Đồ trang trí nhà cửa
605,瑜伽套装,2418,False,,Tập luyện & thể hình
606,短外套,2417,False,,Áo khoác & trang phục giữ ấm
607,卷笔刀/削笔器,2416,False,,Văn phòng phẩm
608,拉丁舞上装,2416,False,,Đồng phục & trang phục biểu diễn
609,佛珠/念珠,2412,False,,Đồ dùng tôn giáo & phong thủy
610,棉袄/棉服,2410,False,,Áo khoác & trang phục giữ ấm
611,医护制服,2407,False,,Đồng phục & trang phục biểu diễn
612,婴儿礼盒,2407,False,,Đồ dùng cho bé
613,烛台,2404,False,,Đồ trang trí nhà cửa
614,围巾,2403,False,,"Mũ, khăn & găng tay"
615,汽车发动机机油,2401,False,,Ô tô: phụ tùng & phụ kiện
616,拉丁舞演出服,2399,False,,Đồng phục & trang phục biểu diễn
617,时尚套装,2394,False,,Áo nữ
618,儿童餐具,2392,False,,Dụng cụ nhà bếp
619,洗车水枪,2391,False,,Ô tô: phụ tùng & phụ kiện
620,绞肉/碎肉/绞菜机,2386,False,,Dụng cụ nhà bếp
621,家居拖鞋/凉拖/棉拖/居家鞋,2383,False,,Phụ kiện giày
622,节日装扮用品,2380,False,,Đồ trang trí nhà cửa
623,苹果,2379,True,medium,Gia vị & thực phẩm khô
624,弯头,2378,False,,Vật liệu xây dựng
625,塑身腰封/腰夹,2376,False,,Khác / chưa xác định
626,自行车灯,2376,False,,Xe đạp & xe điện
627,毛衣,2371,False,,Áo nữ
628,梅类制品,2369,False,,Đồ ăn vặt
629,保温壶,2368,False,,Bình nước & đồ uống
630,扶手箱,2367,False,,Ô tô: phụ tùng & phụ kiện
631,门腕,2364,False,,Vật liệu xây dựng
632,功放,2363,False,,Thiết bị điện tử gia đình
633,管道疏通剂,2360,False,,Dụng cụ vệ sinh nhà cửa
634,摇铃,2359,False,,Khác / chưa xác định
635,封口机,2355,False,,Thiết bị đóng gói & in ấn
636,键盘,2354,False,,Dụng cụ nhà bếp
637,茶宠摆件,2352,False,,Đồ trang trí nhà cửa
638,单块效果器,2351,False,,Âm thanh & nhạc cụ
639,折叠床/午休床,2351,False,,Nội thất phòng ngủ
640,热水袋,2351,False,,Sức khỏe & thiết bị y tế
641,西裤,2350,False,,Quần & váy
642,气体检测仪,2346,False,,"Đồng hồ, thiết bị đo lường"
643,排气管,2345,False,,Ô tô: phụ tùng & phụ kiện
644,数码收纳整理包,2345,False,,Túi xách & vali
645,现代装饰画,2345,False,,Đồ trang trí nhà cửa
646,蚕丝被,2345,False,,Chăn ga gối đệm
647,室内新风系统,2340,False,,Điện lạnh & điều hòa
648,手机贴膜,2340,False,,Điện thoại & phụ kiện
649,插头,2338,False,,Linh kiện & thiết bị điện
650,酱菜,2338,False,,Gia vị & thực phẩm khô
651,棉花被,2317,False,,Chăn ga gối đệm
652,灯笼,2317,False,,Đồ trang trí nhà cửa
653,笔记本/记事本/手帐,2316,False,,Máy tính & phụ kiện
654,转换插头,2314,False,,Linh kiện & thiết bị điện
655,吸管杯,2312,False,,Dụng cụ nhà bếp
656,UPS电源,2311,False,,Linh kiện & thiết bị điện
657,猫抓板,2309,False,,Thú cưng: chăm sóc
658,斜挎包/拎包/腰包,2307,False,,Túi xách & vali
659,睡袋,2307,False,,Chăn ga gối đệm
660,水粉/水彩/油画专用笔,2304,False,,Đồ trang trí nhà cửa
661,LED灯管,2302,False,,Đèn & chiếu sáng
662,腰带/皮带/腰链,2302,False,,"Mũ, khăn & găng tay"
663,普通外套,2301,False,,Áo khoác & trang phục giữ ấm
664,橡胶球/球形玩具,2301,False,,Đồ chơi mô hình & điều khiển
665,洗衣机槽清洁剂,2301,False,,Dụng cụ vệ sinh nhà cửa
666,薯类制品,2300,False,,Đồ ăn vặt
667,运动袜,2300,False,,Đồ lót & đồ ngủ
668,扩音器,2299,False,,Thiết bị điện tử gia đình
669,茶叶罐,2291,False,,"Trà, cà phê & đồ uống"
670,冰淇淋/冻品,2290,False,,Đồ ăn vặt
671,电脑桌,2290,False,,Nội thất văn phòng & học tập
672,高隔断/隔墙,2289,False,,Nội thất văn phòng & học tập
673,折叠椅/躺椅,2288,False,,Nội thất phòng khách
674,鲜花速递(同城),2287,False,,Khác / chưa xác định
675,成品印章/学生用印,2283,False,,Văn phòng phẩm
676,艺术玻璃,2282,False,,Vật liệu xây dựng
677,儿童泳衣/裤,2274,False,,Quần áo trẻ em
678,液压机/油压机,2273,False,,Máy móc công nghiệp
679,一次性餐盒,2272,False,,Dụng cụ nhà bếp
680,雾化微喷/滴灌设备,2264,True,medium,Nông nghiệp & làm vườn
681,速干裤,2263,False,,Quần & váy
682,男士面部乳霜,2262,False,,Chăm sóc da mặt
683,手工锯,2258,False,,Dụng cụ cầm tay
684,步进电机,2257,False,,Linh kiện & thiết bị điện
685,清洗剂/养护剂,2257,False,,Khác / chưa xác định
686,笋类制品,2257,False,,Đồ ăn vặt
687,公道杯,2247,False,,Bình nước & đồ uống
688,倒车镜/后视镜,2245,False,,Ô tô: phụ tùng & phụ kiện
689,漆面保护膜,2245,False,,Ô tô: phụ tùng & phụ kiện
690,猫砂盆/猫厕所,2244,False,,Thú cưng: chăm sóc
691,泳镜,2243,False,,Đồ bơi & thể thao nước
692,毛绒布艺类玩具,2241,False,,"Rèm, thảm & vải gia dụng"
693,背包/箱包,2240,False,,Túi xách & vali
694,专车专用后备箱垫,2236,False,,Ô tô: phụ tùng & phụ kiện
695,针织衫/毛衣,2236,False,,Áo nữ
696,会议桌,2233,False,,Nội thất văn phòng & học tập
697,割草机/草坪机,2232,False,,Nông nghiệp & làm vườn
698,保鲜袋,2226,False,,Dụng cụ nhà bếp
699,键鼠套装,2225,False,,Máy tính & phụ kiện
700,接线板,2224,False,,Linh kiện & thiết bị điện
701,酒盒,2224,False,,Rượu vang & rượu mạnh
702,婴儿步前鞋/袜鞋,2219,False,,Đồ dùng cho bé
703,宣传单/海报/说明书,2219,False,,Văn phòng phẩm
704,全套厨房刀具,2217,False,,Dụng cụ nhà bếp
705,乳牙刷/训练牙刷/护齿牙刷,2216,True,medium,Chăm sóc răng miệng
706,酒杯,2215,False,,Bình nước & đồ uống
707,口琴,2213,False,,Âm thanh & nhạc cụ
708,曲奇饼干,2212,False,,Đồ ăn vặt
709,名片,2209,False,,Văn phòng phẩm
710,家私清洁/护理剂,2208,False,,Dụng cụ vệ sinh nhà cửa
711,铅笔,2207,False,,Văn phòng phẩm
712,美容喷雾机/蒸脸器,2204,False,,Chăm sóc da mặt
713,蚊香液,2204,False,,Dụng cụ vệ sinh nhà cửa
714,吹泡泡,2199,False,,Đồ chơi ngoài trời
715,摩托车车灯,2199,False,,Ô tô: phụ tùng & phụ kiện
716,电饼铛/可丽饼机/薄饼机,2198,True,medium,"Nồi, chảo & đồ nấu ăn"
717,中性笔,2194,False,,Văn phòng phẩm
718,喷雾,2194,False,,Chăm sóc da mặt
719,弱电布线箱,2194,False,,Thiết bị mạng & an ninh
720,电动车电池,2194,False,,Xe đạp & xe điện
721,包带,2193,False,,Túi xách & vali
722,背心/马甲,2191,False,,Áo nam
723,USB HUB/转换器,2190,True,medium,Máy tính & phụ kiện
724,滑梯,2188,False,,Đồ chơi ngoài trời
725,点读笔,2188,False,,Văn phòng phẩm
726,气球,2186,False,,Đồ chơi ngoài trời
727,马克笔,2186,False,,Văn phòng phẩm
728,耳机绕线器,2185,False,,Âm thanh & nhạc cụ
729,花艺包装纸,2184,False,,Đồ trang trí nhà cửa
730,咖啡机,2183,False,,"Trà, cà phê & đồ uống"
731,化纤被,2182,True,medium,Chăn ga gối đệm
732,广场舞鞋,2182,False,,Giày nữ
733,睡裙,2179,False,,Đồ lót & đồ ngủ
734,烟斗,2176,False,,Đồ dùng hút thuốc
735,现代舞鞋,2175,False,,Giày nữ
736,盖碗,2175,False,,Dụng cụ nhà bếp
737,混合坚果,2173,False,,Đồ ăn vặt
738,薄脆饼干,2173,False,,Đồ ăn vặt
739,多功能组合工具,2172,False,,Dụng cụ cầm tay
740,闪存卡,2172,False,,Máy tính & phụ kiện
741,假领,2168,False,,Khác / chưa xác định
742,万用表,2167,False,,Linh kiện & thiết bị điện
743,板式床,2166,False,,Nội thất phòng ngủ
744,发膜/护发产品,2165,False,,Chăm sóc tóc
745,羽毛球服,2165,False,,Thể thao bóng
746,DIY兼容机,2162,False,,Máy tính & phụ kiện
747,创意/整蛊玩具,2161,False,,Đồ chơi mô hình & điều khiển
748,威士忌/Whiskey,2160,False,,Rượu vang & rượu mạnh
749,轮毂,2160,False,,Ô tô: phụ tùng & phụ kiện
750,线,2159,False,,Văn phòng phẩm
751,虾类制品,2159,False,,Khác / chưa xác định
752,金属漆,2157,False,,Khác / chưa xác định
753,酒柜,2156,False,,Nội thất phòng khách
754,饮水器/水壶/水头,2156,False,,Bình nước & đồ uống
755,雪地靴,2151,False,,Khác / chưa xác định
756,汽车车灯透镜,2149,False,,Ô tô: phụ tùng & phụ kiện
757,超市货架,2149,False,,Tủ & kệ lưu trữ
758,滇红,2145,False,,Khác / chưa xác định
759,柴油机,2144,False,,Khác / chưa xác định
760,刘海片,2143,False,,Khác / chưa xác định
761,订书机,2143,False,,Khác / chưa xác định
762,家居裙/睡裙,2142,False,,Đồ lót & đồ ngủ
763,笔袋,2138,False,,Văn phòng phẩm
764,板鞋,2136,False,,Giày thể thao
765,再加工茶/配方茶/调味茶,2133,False,,"Trà, cà phê & đồ uống"
766,毛针织衫,2132,False,,Áo nữ
767,定制菜谱/桌牌/台牌,2130,False,,Khác / chưa xác định
768,超声波清洗机,2128,False,,Khác / chưa xác định
769,鸟食,2125,False,,Khác / chưa xác định
770,床罩,2123,False,,Khác / chưa xác định
771,餐具瓷器套装,2119,False,,Dụng cụ nhà bếp
772,接头,2118,False,,Khác / chưa xác định
773,切割机,2117,False,,Khác / chưa xác định
774,普通路由器,2116,False,,Máy tính & phụ kiện
775,洗衣粉,2115,False,,Khác / chưa xác định
776,电池/燃料,2113,False,,Khác / chưa xác định
777,防腐木,2113,False,,Khác / chưa xác định
778,桌旗,2108,False,,Khác / chưa xác định
779,滤镜,2108,False,,Khác / chưa xác định
780,双眼皮贴,2106,False,,Khác / chưa xác định
781,修正带,2105,False,,Khác / chưa xác định
782,整鸡,2104,False,,Khác / chưa xác định
783,时装凉鞋,2097,False,,Giày nữ
784,尤克里里/小吉他,2096,False,,Âm thanh & nhạc cụ
785,连身衣/爬服/哈衣,2094,False,,Khác / chưa xác định
786,仓储货架,2093,False,,Tủ & kệ lưu trữ
787,网面鞋,2093,False,,Khác / chưa xác định
788,圈椅,2092,False,,Khác / chưa xác định
789,煎锅/平底锅,2091,False,,Khác / chưa xác định
790,私处保养,2090,False,,Khác / chưa xác định
791,更多舞蹈配饰,2089,False,,Khác / chưa xác định
792,喂食器,2088,False,,Khác / chưa xác định
793,荧光笔,2087,False,,Văn phòng phẩm
794,婴童抱被/抱毯,2086,False,,Khác / chưa xác định
795,贺卡/卡片,2086,False,,Khác / chưa xác định
796,收边条/压线条,2082,False,,Khác / chưa xác định
797,手机挂件/手机链,2081,False,,Điện thoại & phụ kiện
798,手包,2080,False,,Khác / chưa xác định
799,踏行车/滑行学步车,2079,False,,Đồ dùng cho bé
800,速干T恤,2076,False,,Áo nam
801,豆类制品,2074,False,,Khác / chưa xác định
802,皮划艇充气艇,2072,False,,Khác / chưa xác định
803,比基尼,2071,False,,Khác / chưa xác định
804,阅读台灯(护眼灯/写字灯),2071,False,,Đèn & chiếu sáng
805,白板,2070,False,,Khác / chưa xác định
806,飞机模型,2070,False,,Đồ chơi mô hình & điều khiển
807,男士泳衣,2068,False,,Áo nam
808,滑轮,2067,False,,Khác / chưa xác định
809,移门,2065,False,,Khác / chưa xác định
810,笔记本多功能支架/桌,2065,False,,Máy tính & phụ kiện
811,车内灯,2064,False,,Khác / chưa xác định
812,摩托车排气管,2063,False,,Ô tô: phụ tùng & phụ kiện
813,手机镜头,2062,False,,Camera & nhiếp ảnh
814,全车改装套件,2061,False,,Khác / chưa xác định
815,座椅及附件,2060,False,,Khác / chưa xác định
816,卡套/证件套,2058,False,,Khác / chưa xác định
817,电话机(有绳/无绳/网络),2058,False,,Điện thoại & phụ kiện
818,螺母,2058,False,,Khác / chưa xác định
819,PE管,2057,False,,Khác / chưa xác định
820,户外椅子凳子,2057,False,,Cắm trại & dã ngoại
821,标志牌/提示牌/付款码,2057,False,,Khác / chưa xác định
822,背景布类,2053,False,,Khác / chưa xác định
823,篮球服,2048,False,,Thể thao bóng
824,护套线,2043,False,,Văn phòng phẩm
825,烟盒,2041,False,,Khác / chưa xác định
826,螺母拆装/组合玩具,2039,False,,Đồ chơi mô hình & điều khiển
827,宝珠/走珠/签字笔,2036,False,,Văn phòng phẩm
828,汽车装饰贴,2035,False,,Ô tô: phụ tùng & phụ kiện
829,威化饼干,2033,False,,Đồ ăn vặt
830,纽扣电池,2033,False,,Khác / chưa xác định
831,国画,2029,False,,Khác / chưa xác định
832,改色膜,2029,False,,Khác / chưa xác định
833,漏电保护器,2028,False,,Khác / chưa xác định
834,卫衣,2026,False,,Áo nữ
835,挡泥板,2026,False,,Khác / chưa xác định
836,泳帽,2026,False,,Khác / chưa xác định
837,骑行服,2022,False,,Khác / chưa xác định
838,仿真花/假花,2019,False,,Đồ trang trí nhà cửa
839,生鸡肉,2017,False,,Khác / chưa xác định
840,儿童储物架/收纳架（原婴童）,2014,False,,Khác / chưa xác định
841,地垫,2013,False,,Khác / chưa xác định
842,素描/素写本,2012,False,,Khác / chưa xác định
843,燃气灶,2010,False,,"Nồi, chảo & đồ nấu ăn"
844,非乘用车轮胎,2010,False,,Ô tô: phụ tùng & phụ kiện
845,挂饰/生肖挂饰,2008,False,,Khác / chưa xác định
846,文具盒,2007,False,,Văn phòng phẩm
847,瑜伽背心,2006,False,,Áo nam
848,井盖,2004,False,,Khác / chưa xác định
849,画板/画架,2004,False,,Khác / chưa xác định
850,海带,2003,False,,Khác / chưa xác định
851,海参,1999,False,,Khác / chưa xác định
852,飘空气球,1997,False,,Đồ chơi ngoài trời
853,玩具挂图/认知卡,1995,False,,Đồ chơi mô hình & điều khiển
854,鱼线,1991,False,,Văn phòng phẩm
855,水彩笔,1990,False,,Văn phòng phẩm
856,车用挂钩,1990,False,,Khác / chưa xác định
857,中网,1987,False,,Khác / chưa xác định
858,运动长裤,1987,False,,Khác / chưa xác định
859,发光玩具,1986,False,,Đồ chơi mô hình & điều khiển
860,创意摆件,1984,False,,Đồ trang trí nhà cửa
861,漱口水,1983,False,,Chăm sóc răng miệng
862,香水/除味剂,1983,False,,Nước hoa & hương thơm
863,电脑多媒体音箱,1982,False,,Âm thanh & nhạc cụ
864,净水/饮水机配件耗材,1979,False,,Thiết bị lọc nước
865,蜡笔,1974,False,,Văn phòng phẩm
866,运动鞋,1974,False,,Giày thể thao
867,餐车,1974,False,,Khác / chưa xác định
868,睡裤/家居裤,1970,False,,Khác / chưa xác định
869,头枕,1964,False,,Khác / chưa xác định
870,婴儿床/儿童床（原婴童）,1964,False,,Đồ dùng cho bé
871,矫姿用品,1959,False,,Khác / chưa xác định
872,棉鞋,1958,False,,Khác / chưa xác định
873,防护鞋,1955,True,head,Bảo hộ lao động
874,水草,1953,False,,Khác / chưa xác định
875,家庭园艺种子,1952,False,,Nông nghiệp & làm vườn
876,搅拌/料理机,1952,False,,Thiết bị gia dụng nhỏ
877,浮漂,1948,False,,Khác / chưa xác định
878,彩妆套装,1947,False,,Trang điểm
879,云台,1946,False,,Khác / chưa xác định
880,手帕纸,1944,False,,Khác / chưa xác định
881,随手杯,1944,False,,Khác / chưa xác định
882,奶锅,1942,False,,Khác / chưa xác định
883,装饰灯,1941,False,,Khác / chưa xác định
884,潜水泵,1940,False,,"Đồng hồ, thiết bị đo lường"
885,自行车锁,1940,False,,Xe đạp & xe điện
886,西餐餐具套装,1939,False,,Dụng cụ nhà bếp
887,睡衣/家居服套装,1938,False,,Đồ lót & đồ ngủ
888,开关/按钮,1936,False,,Linh kiện & thiết bị điện
889,针梳,1936,False,,Khác / chưa xác định
890,智力解题/通关玩具,1933,False,,Đồ chơi mô hình & điều khiển
891,被套,1932,False,,Chăn ga gối đệm
892,PS游戏软件,1930,False,,Khác / chưa xác định
893,食饭兜,1928,False,,Khác / chưa xác định
894,饮水机,1928,False,,Thiết bị lọc nước
895,喷枪,1927,False,,Khác / chưa xác định
896,电烤箱,1923,False,,Thiết bị gia dụng nhỏ
897,儿童学习桌,1920,False,,Nội thất văn phòng & học tập
898,车载摄像头,1920,False,,Thiết bị mạng & an ninh
899,商用电磁炉,1919,False,,Thiết bị thương mại
900,炖锅/炖煲/汤煲,1919,False,,Khác / chưa xác định
901,百叶帘/折帘/罗马帘,1914,False,,Khác / chưa xác định
902,计算器,1913,False,,Khác / chưa xác định
903,金骏眉,1913,False,,Khác / chưa xác định
904,尾喉/消声器,1912,False,,Khác / chưa xác định
905,相框/画框,1912,False,,Đồ trang trí nhà cửa
906,车载垃圾桶,1912,False,,Dụng cụ vệ sinh nhà cửa
907,手串/宝珠,1908,False,,Khác / chưa xác định
908,火锅,1907,False,,"Nồi, chảo & đồ nấu ăn"
909,商用磨粉机/药材粉碎机,1906,False,,Thiết bị thương mại
910,蔬果干/混合冻干/混合果干,1906,False,,Khác / chưa xác định
911,办公电脑桌,1902,False,,Nội thất văn phòng & học tập
912,胸包,1902,False,,Khác / chưa xác định
913,气钉枪,1901,False,,Khác / chưa xác định
914,泳衣裤,1901,False,,Đồ bơi & thể thao nước
915,自拍杆/架,1899,False,,Khác / chưa xác định
916,书皮,1898,False,,Khác / chưa xác định
917,传感器,1898,False,,"Đồng hồ, thiết bị đo lường"
918,户外秋千,1897,False,,Đồ chơi ngoài trời
919,购物袋/环保袋/帆布袋,1891,False,,Khác / chưa xác định
920,干燥剂,1889,False,,Khác / chưa xác định
921,折叠桌,1887,False,,Khác / chưa xác định
922,手机袋,1881,False,,Điện thoại & phụ kiện
923,沙画/胶画/画,1879,False,,Khác / chưa xác định
924,螺栓,1878,False,,Khác / chưa xác định
925,智能灯光,1876,False,,Đèn & chiếu sáng
926,HDMI线,1874,False,,Văn phòng phẩm
927,膏药贴（器械）,1871,False,,Khác / chưa xác định
928,鱼缸/水族箱,1866,False,,Khác / chưa xác định
929,单肩背包,1865,False,,Túi xách & vali
930,钢结构阳光房,1864,False,,Khác / chưa xác định
931,保险杠,1863,False,,Khác / chưa xác định
932,干花/花瓣/干花包/干树枝,1862,False,,Khác / chưa xác định
933,冲氧泵,1861,False,,Khác / chưa xác định
934,空调扇,1861,False,,Điện lạnh & điều hòa
935,压力锅/高压锅,1857,False,,"Nồi, chảo & đồ nấu ăn"
936,电锤,1855,False,,Khác / chưa xác định
937,葡萄干,1855,False,,Khác / chưa xác định
938,课桌椅,1855,False,,Khác / chưa xác định
939,床笠,1853,False,,Khác / chưa xác định
940,插卡音箱/唱戏机,1852,False,,Âm thanh & nhạc cụ
941,婚庆床品套件,1846,False,,Chăn ga gối đệm
942,路障灯,1846,False,,Khác / chưa xác định
943,跳绳,1846,False,,Tập luyện & thể hình
944,婴幼儿串珠/绕珠,1845,False,,Khác / chưa xác định
945,砂锅/石锅,1841,False,,"Nồi, chảo & đồ nấu ăn"
946,对联,1840,False,,Khác / chưa xác định
947,文具套装/礼盒,1840,False,,Văn phòng phẩm
948,服装模特,1836,False,,Khác / chưa xác định
949,运动拖鞋,1836,False,,Khác / chưa xác định
950,猫咪,1835,False,,Khác / chưa xác định
951,窝/屋/帐篷,1835,False,,Cắm trại & dã ngoại
952,休闲毯/毛毯/绒毯,1834,False,,Khác / chưa xác định
953,骑士手套,1834,False,,"Mũ, khăn & găng tay"
954,课业本/教学用本,1831,False,,Khác / chưa xác định
955,鱼缸清洁用具,1831,False,,Khác / chưa xác định
956,休闲椅系列,1829,False,,Khác / chưa xác định
957,运动中长裤／短裤,1829,False,,Quần & váy
958,红包/利是封,1825,False,,Khác / chưa xác định
959,测温仪,1823,False,,Khác / chưa xác định
960,台历,1820,False,,Khác / chưa xác định
961,LED单灯,1819,False,,Khác / chưa xác định
962,书签,1818,False,,Khác / chưa xác định
963,渔具包,1818,True,medium,Câu cá & săn bắn
964,防滑垫/防护垫,1818,False,,Khác / chưa xác định
965,地板革（PVC地板）,1817,False,,Vật liệu xây dựng
966,空气开关,1817,True,medium,Linh kiện & thiết bị điện
967,面条机/压面机,1816,True,head,"Gạo, mì & ngũ cốc"
968,按摩靠垫/坐垫,1813,False,,"Rèm, thảm & vải gia dụng"
969,USB加湿器,1812,False,,Điện lạnh & điều hòa
970,强电布线箱,1810,False,,Khác / chưa xác định
971,大理石制品,1809,False,,Khác / chưa xác định
972,按摩穴位棒,1809,False,,Khác / chưa xác định
973,排挡杆,1809,False,,Khác / chưa xác định
974,气动磨光机,1808,False,,Khác / chưa xác định
975,证件包,1807,False,,Khác / chưa xác định
976,乳液器,1806,False,,Chăm sóc da mặt
977,运动T恤,1803,False,,Áo nam
978,法兰（新）,1802,False,,Khác / chưa xác định
979,珠帘/挂帘,1799,False,,Khác / chưa xác định
980,定制眼镜片,1798,False,,Kính mắt & kính áp tròng
981,装饰纸巾盒,1797,False,,Khác / chưa xác định
982,冲锋衣,1796,False,,Khác / chưa xác định
983,手机充电器,1795,False,,Điện thoại & phụ kiện
984,月饼,1789,False,,Khác / chưa xác định
985,毛球修剪器,1789,False,,Khác / chưa xác định
986,挎包/拎包/休闲包,1787,False,,Túi xách & vali
987,蔬果刨丝器/瓜果刀,1784,False,,Khác / chưa xác định
988,韧性饼干,1782,False,,Đồ ăn vặt
989,KTV/卡拉OK音箱,1779,False,,Âm thanh & nhạc cụ
990,造景/装饰,1779,False,,Khác / chưa xác định
991,描红本/涂色本,1775,False,,Khác / chưa xác định
992,戏水/玩沙玩具,1773,False,,Đồ chơi mô hình & điều khiển
993,足贴,1773,False,,Khác / chưa xác định
994,护具（器械）,1770,False,,Sức khỏe & thiết bị y tế
995,圣诞装饰品,1769,False,,Khác / chưa xác định
996,小夜灯,1769,False,,Khác / chưa xác định
997,电表,1769,False,,Khác / chưa xác định
998,面部按摩霜,1769,False,,Khác / chưa xác định
999,圆珠笔,1768,False,,Văn phòng phẩm
1000,不锈钢管,1765,False,,Khác / chưa xác định
1001,保鲜膜,1765,False,,Khác / chưa xác định
1002,花胶/鱼胶,1765,False,,Khác / chưa xác định
1003,护栏/隔离栏,1764,False,,Trang điểm
1004,正山小种,1763,False,,Khác / chưa xác định
1005,番薯,1762,False,,Khác / chưa xác định
1006,地毯,1761,False,,"Rèm, thảm & vải gia dụng"
1007,电子秤,1759,False,,Khác / chưa xác định
1008,咸鸭蛋,1758,False,,Khác / chưa xác định
1009,简易衣柜,1758,False,,Tủ & kệ lưu trữ
1010,马克杯,1758,False,,Khác / chưa xác định
1011,头纱,1755,False,,Khác / chưa xác định
1012,牙刷头,1754,False,,Chăm sóc răng miệng
1013,抓绒衣,1753,False,,Khác / chưa xác định
1014,电动车灯,1752,False,,Xe đạp & xe điện
1015,立铣刀,1747,False,,Khác / chưa xác định
1016,大视野后视辅助镜,1743,False,,Khác / chưa xác định
1017,补漆笔,1743,False,,Văn phòng phẩm
1018,勾缝剂,1742,False,,Khác / chưa xác định
1019,瑜伽内衣,1742,False,,Tập luyện & thể hình
1020,电动尾门/中门/电吸门,1742,False,,Khác / chưa xác định
1021,笔记本散热器/降温卡,1742,False,,Máy tính & phụ kiện
1022,橡皮,1741,False,,Khác / chưa xác định
1023,大拉手,1736,False,,Khác / chưa xác định
1024,定制/广告杯,1736,False,,Khác / chưa xác định
1025,巧克力制品,1735,False,,Khác / chưa xác định
1026,电动/遥控机器人,1735,False,,Đồ chơi mô hình & điều khiển
1027,线材,1735,False,,Khác / chưa xác định
1028,雨眉/晴雨挡,1734,False,,Khác / chưa xác định
1029,太阳镜,1733,False,,Kính mắt & kính áp tròng
1030,驾驶证件套,1731,False,,Khác / chưa xác định
1031,护发素,1730,True,tail,Chăm sóc tóc
1032,登山杖/手杖,1730,False,,Khác / chưa xác định
1033,花边,1730,False,,Khác / chưa xác định
1034,吸管,1728,False,,Khác / chưa xác định
1035,手机支架/手机座,1726,False,,Điện thoại & phụ kiện
1036,三轮车,1725,False,,Khác / chưa xác định
1037,酒吧椅,1725,False,,Khác / chưa xác định
1038,鼠标垫/贴/腕垫,1721,False,,Máy tính & phụ kiện
1039,车用眼镜夹/票据夹,1719,False,,Kính mắt & kính áp tròng
1040,车用钥匙扣,1719,False,,Ô tô: phụ tùng & phụ kiện
1041,文件袋,1717,False,,Khác / chưa xác định
1042,整体厨柜,1715,False,,Khác / chưa xác định
1043,电压力锅,1713,False,,"Nồi, chảo & đồ nấu ăn"
1044,直排轮,1713,False,,Khác / chưa xác định
1045,鱼钩,1713,False,,Khác / chưa xác định
1046,冰箱磁性贴,1709,False,,Điện lạnh & điều hòa
1047,首饰展示架,1709,False,,Trang sức
1048,护膝/护腰/护肩/护颈,1708,False,,Khác / chưa xác định
1049,枕头/枕芯,1708,False,,Nội thất phòng ngủ
1050,项圈,1708,False,,Khác / chưa xác định
1051,丙烯颜料,1707,False,,Đồ thủ công & mỹ thuật
1052,信封,1706,False,,Khác / chưa xác định
1053,奥特曼玩具专区,1706,False,,Đồ chơi mô hình & điều khiển
1054,医疗用品,1705,False,,Sức khỏe & thiết bị y tế
1055,车用防踢垫/防磨垫,1703,False,,Khác / chưa xác định
1056,猫爬架,1702,False,,Khác / chưa xác định
1057,运动帽,1702,False,,Khác / chưa xác định
1058,饲料/零食,1702,False,,Đồ ăn vặt
1059,爬虫/鸣虫用具,1700,False,,Khác / chưa xác định
1060,冰包,1699,False,,Khác / chưa xác định
1061,空中吊饰,1699,False,,Khác / chưa xác định
1062,运动套装,1697,False,,Khác / chưa xác định
1063,喇叭/扬声器,1695,False,,Khác / chưa xác định
1064,羽绒衣,1695,False,,Khác / chưa xác định
1065,茶滤,1695,False,,Khác / chưa xác định
1066,儿童帐篷/游戏屋,1694,True,medium,Cắm trại & dã ngoại
1067,户外休闲衣,1694,False,,Cắm trại & dã ngoại
1068,普通干电池,1694,False,,Khác / chưa xác định
1069,餐垫,1693,False,,Khác / chưa xác định
1070,水粉颜料,1692,False,,Đồ thủ công & mỹ thuật
1071,电动螺丝批,1692,False,,Khác / chưa xác định
1072,开瓶器,1691,False,,Khác / chưa xác định
1073,酒吧台,1691,True,medium,Nội thất phòng ăn
1074,化妆包,1690,False,,Mỹ phẩm dụng cụ & phụ kiện
1075,防潮垫,1686,False,,Khác / chưa xác định
1076,吉他-电吉他,1685,False,,Âm thanh & nhạc cụ
1077,沙发垫,1685,False,,Nội thất phòng khách
1078,冲气泵/空压机,1684,False,,Máy móc công nghiệp
1079,直线运动轴承,1684,False,,Khác / chưa xác định
1080,笔用墨水/补充液/墨囊,1684,False,,Văn phòng phẩm
1081,Polo衫,1683,False,,Áo nam
1082,淡水鱼类,1683,False,,Khác / chưa xác định
1083,雨刮器,1683,False,,Khác / chưa xác định
1084,摩托车保险杠,1682,False,,Khác / chưa xác định
1085,千斤顶,1679,False,,Khác / chưa xác định
1086,手机耳机,1679,False,,Âm thanh & nhạc cụ
1087,领结,1676,False,,Khác / chưa xác định
1088,单芯线,1672,False,,Văn phòng phẩm
1089,粘土/超轻粘土,1672,False,,Khác / chưa xác định
1090,血糖用品,1672,False,,Sức khỏe & thiết bị y tế
1091,藤/竹沙发,1671,False,,Nội thất phòng khách
1092,会议椅/会客椅,1668,False,,Khác / chưa xác định
1093,螺钉,1667,False,,Khác / chưa xác định
1094,汤锅,1665,False,,Khác / chưa xác định
1095,蜡烛,1662,False,,Khác / chưa xác định
1096,数学学习板/计算架,1660,False,,Khác / chưa xác định
1097,瘦脸机/瘦脸工具,1658,False,,Khác / chưa xác định
1098,餐台椅,1657,False,,Khác / chưa xác định
1099,组合件和连接副,1655,False,,Khác / chưa xác định
1100,折叠凳/马扎,1654,False,,Khác / chưa xác định
1101,即食鱿鱼零食,1653,False,,Đồ ăn vặt
1102,记号笔,1652,False,,Văn phòng phẩm
1103,花卉,1651,False,,Khác / chưa xác định
1104,瑜伽舒展器/健康架,1650,False,,Tập luyện & thể hình
1105,防风/尘保暖面罩,1650,False,,Khác / chưa xác định
1106,干衣机,1647,False,,Khác / chưa xác định
1107,家用防油贴纸,1646,False,,Văn phòng phẩm
1108,披风/斗篷,1645,False,,Khác / chưa xác định
1109,打击乐器,1644,False,,Âm thanh & nhạc cụ
1110,钢琴,1644,False,,Âm thanh & nhạc cụ
1111,颈椎/腰椎按摩器,1644,False,,Sức khỏe & thiết bị y tế
1112,牙线/牙线棒,1642,False,,Khác / chưa xác định
1113,相册/相簿,1641,False,,Khác / chưa xác định
1114,压线钳,1640,False,,Khác / chưa xác định
1115,木屋凉亭,1640,False,,Khác / chưa xác định
1116,迷宫类,1639,False,,Khác / chưa xác định
1117,药盒,1637,False,,Khác / chưa xác định
1118,浴盐,1635,True,tail,Chăm sóc cơ thể
1119,乳胶床垫,1634,False,,Nội thất phòng ngủ
1120,智能手表,1634,False,,Đồng hồ
1121,床盖,1632,False,,Khác / chưa xác định
1122,毛线,1632,False,,Văn phòng phẩm
1123,纽扣,1632,False,,Khác / chưa xác định
1124,书立/阅读架,1628,False,,Khác / chưa xác định
1125,刀片,1627,False,,Khác / chưa xác định
1126,运动茄克/外套,1624,False,,Áo khoác & trang phục giữ ấm
1127,飘窗垫,1624,False,,Khác / chưa xác định
1128,美发椅,1623,False,,Khác / chưa xác định
1129,招财猫,1620,False,,Khác / chưa xác định
1130,传动链,1619,False,,Khác / chưa xác định
1131,管接头,1619,False,,Khác / chưa xác định
1132,鲍鱼,1619,False,,"Thịt, cá & hải sản"
1133,蓄电池,1616,False,,Khác / chưa xác định
1134,遮阳挡,1615,False,,Khác / chưa xác định
1135,牛奶巧克力,1614,False,,Khác / chưa xác định
1136,鞋盒,1614,False,,Khác / chưa xác định
1137,床单,1613,False,,Chăn ga gối đệm
1138,热风枪,1611,False,,Khác / chưa xác định
1139,冻虾,1610,False,,Khác / chưa xác định
1140,油箱盖,1610,False,,Khác / chưa xác định
1141,按摩棒/锤,1608,False,,Khác / chưa xác định
1142,驾驶室脚踏板,1607,False,,Ô tô: phụ tùng & phụ kiện
1143,芭蕾舞鞋,1606,False,,Khác / chưa xác định
1144,赛车服,1606,False,,Khác / chưa xác định
1145,车用窗帘,1606,False,,"Rèm, thảm & vải gia dụng"
1146,足球服,1605,False,,Thể thao bóng
1147,通用座垫,1604,False,,Khác / chưa xác định
1148,摩托车尾箱,1602,False,,Khác / chưa xác định
1149,身体精油/身体按摩,1602,False,,Nước hoa & hương thơm
1150,书法用纸,1598,False,,Đồ chơi giáo dục
1151,破壁机,1598,False,,Khác / chưa xác định
1152,反穿衣/罩衣,1596,False,,Khác / chưa xác định
1153,女士脱毛/剃毛器,1594,False,,Chăm sóc cơ thể
1154,地插,1593,False,,Khác / chưa xác định
1155,套装,1592,False,,Khác / chưa xác định
1156,小型喷雾壶,1592,False,,Chăm sóc da mặt
1157,发条玩具,1589,False,,Đồ chơi mô hình & điều khiển
1158,气动元件,1589,False,,Khác / chưa xác định
1159,防晒喷雾,1589,False,,Chăm sóc da mặt
1160,多肉植物,1588,False,,Nông nghiệp & làm vườn
1161,机械门锁,1588,False,,Khác / chưa xác định
1162,卡套,1587,False,,Khác / chưa xác định
1163,压力表,1587,False,,Khác / chưa xác định
1164,胶水/胶粘剂,1587,False,,Văn phòng phẩm
1165,刀架,1585,False,,Khác / chưa xác định
1166,脱水蔬菜,1583,False,,Khác / chưa xác định
1167,叉/勺/筷套装,1581,True,medium,Dụng cụ nhà bếp
1168,弹簧床垫,1581,False,,Nội thất phòng ngủ
1169,低压接触器,1580,False,,Khác / chưa xác định
1170,电热毯,1580,False,,"Nồi, chảo & đồ nấu ăn"
1171,车用烟灰缸,1579,False,,Đồ dùng hút thuốc
1172,测距仪,1578,False,,"Đồng hồ, thiết bị đo lường"
1173,防蚊水,1576,False,,Khác / chưa xác định
1174,云石片,1575,False,,Khác / chưa xác định
1175,床架/床板,1575,False,,Nội thất phòng ngủ
1176,前台/接待台（新增）,1574,False,,Khác / chưa xác định
1177,沙滩鞋,1572,False,,Khác / chưa xác định
1178,雨靴,1572,False,,Khác / chưa xác định
1179,风车,1572,False,,Khác / chưa xác định
1180,台式整机,1570,False,,Khác / chưa xác định
1181,笛子,1570,False,,Khác / chưa xác định
1182,运动卫衣/套头衫,1570,False,,Áo nữ
1183,健身套装,1569,False,,Tập luyện & thể hình
1184,塑胶/运动地板,1568,False,,Vật liệu xây dựng
1185,玻璃杯,1567,False,,Khác / chưa xác định
1186,台秤,1566,False,,Khác / chưa xác định
1187,更衣柜,1565,False,,Tủ & kệ lưu trữ
1188,脚链,1565,False,,Khác / chưa xác định
1189,发动机总成及部件,1563,False,,Khác / chưa xác định
1190,球类玩具/球类运动,1563,False,,Đồ chơi mô hình & điều khiển
1191,销,1561,False,,Khác / chưa xác định
1192,发包/丸子,1558,False,,Khác / chưa xác định
1193,遥控器,1558,False,,Khác / chưa xác định
1194,创意礼品,1557,False,,Quà tặng & đồ lưu niệm
1195,杯垫,1557,False,,Khác / chưa xác định
1196,冷水壶,1556,True,tail,Bình nước & đồ uống
1197,棉裤/羽绒裤,1555,False,,Khác / chưa xác định
1198,小围嘴,1554,False,,Khác / chưa xác định
1199,户外休闲鞋,1554,False,,Giày thể thao
1200,隔尿床垫,1553,False,,Nội thất phòng ngủ
1201,理疗仪（器械）,1550,False,,Sức khỏe & thiết bị y tế
1202,装饰挂钩,1550,False,,Khác / chưa xác định
1203,摄像头,1548,False,,Thiết bị mạng & an ninh
1204,车载充气泵,1548,False,,Ô tô: phụ tùng & phụ kiện
1205,海绵垫/布料/面料/手工diy,1546,False,,Đồ thủ công & mỹ thuật
1206,时尚休闲沙滩鞋,1543,False,,Khác / chưa xác định
1207,安瓶/原液,1542,False,,Khác / chưa xác định
1208,扣,1542,False,,Khác / chưa xác định
1209,空调,1542,False,,Điện lạnh & điều hòa
1210,管道隔热保温套,1541,False,,Khác / chưa xác định
1211,自动麻将机,1541,False,,Khác / chưa xác định
1212,袖扣,1539,False,,Khác / chưa xác định
1213,鱼类罐头,1539,False,,Khác / chưa xác định
1214,内墙乳胶漆,1538,False,,Khác / chưa xác định
1215,垫子,1537,False,,Khác / chưa xác định
1216,身体彩妆,1537,False,,Trang điểm
1217,肚兜,1536,False,,Khác / chưa xác định
1218,羽毛球鞋,1532,False,,Thể thao bóng
1219,雕刻刀,1532,False,,Đồ thủ công & mỹ thuật
1220,哑铃,1531,False,,Tập luyện & thể hình
1221,手工折纸/剪纸书,1531,False,,Đồ thủ công & mỹ thuật
1222,烧烤盘,1528,False,,Dụng cụ nhà bếp
1223,电热水器,1527,False,,"Nồi, chảo & đồ nấu ăn"
1224,龟/鳖,1527,False,,Khác / chưa xác định
1225,手偶/安抚玩偶,1526,True,medium,Búp bê & đồ chơi nhập vai
1226,滑板车,1526,False,,Xe đạp & xe điện
1227,水果削皮器,1525,False,,Khác / chưa xác định
1228,固态硬盘,1524,False,,Dụng cụ nhà bếp
1229,床垫/床褥/床护垫/榻榻米床垫,1523,False,,Nội thất phòng ngủ
1230,环氧漆(地坪漆),1523,False,,Khác / chưa xác định
1231,钓鱼服,1523,False,,Câu cá & săn bắn
1232,鱼丸/鱼滑,1519,False,,Khác / chưa xác định
1233,资料册,1518,False,,Khác / chưa xác định
1234,空气炸锅,1517,False,,Khác / chưa xác định
1235,车载支架（原3C数码配件）,1516,False,,Linh kiện & thiết bị điện
1236,针,1516,False,,Khác / chưa xác định
1237,座屏,1515,False,,Khác / chưa xác định
1238,荷花灯/河灯,1515,False,,Khác / chưa xác định
1239,鞋架,1515,False,,Khác / chưa xác định
1240,眼镜盒,1513,False,,Kính mắt & kính áp tròng
1241,瑜伽拉力带,1512,False,,Tập luyện & thể hình
1242,螺柱,1512,False,,Khác / chưa xác định
1243,抱枕被,1511,False,,"Rèm, thảm & vải gia dụng"
1244,数码钢琴,1509,False,,Âm thanh & nhạc cụ
1245,汽车灯罩,1509,False,,Ô tô: phụ tùng & phụ kiện
1246,各类尺/三角板,1508,False,,Khác / chưa xác định
1247,平板电视,1507,False,,Thiết bị điện tử gia đình
1248,摇摆机/摇摇乐,1506,False,,Khác / chưa xác định
1249,配件,1506,False,,Khác / chưa xác định
1250,厨房剪刀,1505,False,,Dụng cụ nhà bếp
1251,太空杯,1505,False,,Khác / chưa xác định
1252,花艺包装盒,1504,False,,Đồ trang trí nhà cửa
1253,家用牵引带,1503,False,,Khác / chưa xác định
1254,腻子/批嵌材料,1501,False,,Khác / chưa xác định
1255,泡澡药包,1499,False,,Khác / chưa xác định
1256,体重秤/健康秤/体脂秤,1496,False,,Khác / chưa xác định
1257,艺术涂料,1496,False,,Vật liệu xây dựng
1258,醒酒器,1496,False,,Khác / chưa xác định
1259,感冒咳嗽,1493,False,,Khác / chưa xác định
1260,手写笔,1492,False,,Văn phòng phẩm
1261,水平仪,1492,False,,Khác / chưa xác định
1262,联轴器,1491,False,,Khác / chưa xác định
1263,奶杯/牛奶杯,1490,False,,Khác / chưa xác định
1264,方向盘套,1490,False,,Dụng cụ nhà bếp
1265,相框线条,1490,False,,Đồ trang trí nhà cửa
1266,砧板/菜板,1490,False,,Dụng cụ nhà bếp
1267,衣架,1490,False,,Khác / chưa xác định
1268,靠垫/抱枕,1489,False,,"Rèm, thảm & vải gia dụng"
1269,电源插座,1488,False,,Linh kiện & thiết bị điện
1270,酒店餐具,1488,False,,Dụng cụ nhà bếp
1271,黑巧克力,1488,False,,Khác / chưa xác định
1272,喷火枪,1487,False,,Khác / chưa xác định
1273,牙粉,1485,False,,Khác / chưa xác định
1274,特殊用锁,1485,False,,Khác / chưa xác định
1275,防漏杯盖,1485,False,,Khác / chưa xác định
1276,香包/香囊,1485,False,,Khác / chưa xác định
1277,夹克/皮衣,1484,False,,Áo khoác & trang phục giữ ấm
1278,布面料,1484,False,,Khác / chưa xác định
1279,楼宇对讲设备,1484,False,,Thiết bị truyền thông
1280,手膜,1483,False,,Khác / chưa xác định
1281,吊带/背心/T恤,1482,False,,Áo nam
1282,智能排插,1482,False,,Khác / chưa xác định
1283,文件座/文件架/文件框,1481,False,,Khác / chưa xác định
1284,十字绣套件,1479,False,,Khác / chưa xác định
1285,小拉手,1479,False,,Khác / chưa xác định
1286,实木地板,1478,False,,Vật liệu xây dựng
1287,纸皮/薄皮核桃,1476,False,,Khác / chưa xác định
1288,单据/收据,1473,False,,Khác / chưa xác định
1289,贺卡/明信片,1472,False,,Khác / chưa xác định
1290,冰格/制冰袋,1469,False,,Khác / chưa xác định
1291,床护栏,1469,False,,Khác / chưa xác định
1292,汽车车标,1468,False,,Ô tô: phụ tùng & phụ kiện
1293,电泵,1467,False,,Khác / chưa xác định
1294,工艺扇,1466,False,,Khác / chưa xác định
1295,儿童皮肤衣/防晒衣,1465,False,,Chăm sóc da mặt
1296,呢大衣,1464,False,,Áo khoác & trang phục giữ ấm
1297,安全标志,1464,False,,Khác / chưa xác định
1298,挂烫机,1463,False,,Khác / chưa xác định
1299,滤水器/净水器,1461,False,,Thiết bị lọc nước
1300,工作台,1460,False,,Khác / chưa xác định
1301,声卡,1459,False,,Khác / chưa xác định
1302,口水巾,1458,False,,Khác / chưa xác định
1303,棉柔巾/洗脸巾,1458,False,,Khác / chưa xác định
1304,组合书柜,1458,False,,Nội thất văn phòng & học tập
1305,香熏/精油皂,1458,False,,Nước hoa & hương thơm
1306,布尿裤,1453,False,,Khác / chưa xác định
1307,手动榨汁器,1453,False,,Khác / chưa xác định
1308,汽车钥匙,1453,False,,Ô tô: phụ tùng & phụ kiện
1309,软弹枪,1453,False,,Khác / chưa xác định
1310,火锅桌,1451,False,,"Nồi, chảo & đồ nấu ăn"
1311,压力泵,1448,False,,Khác / chưa xác định
1312,装饰烟灰缸,1448,False,,Đồ dùng hút thuốc
1313,拖车绳/网/绑带,1447,False,,Khác / chưa xác định
1314,美甲/修甲套装,1447,False,,Khác / chưa xác định
1315,座钟,1446,False,,Khác / chưa xác định
1316,配套器具,1446,False,,Khác / chưa xác định
1317,虾皮/虾米/海米,1445,False,,Khác / chưa xác định
1318,苏绣,1444,False,,Khác / chưa xác định
1319,钓箱,1443,False,,Khác / chưa xác định
1320,钳形表,1443,False,,Khác / chưa xác định
1321,椰棕床垫,1440,False,,Nội thất phòng ngủ
1322,洗衣皂,1437,False,,Khác / chưa xác định
1323,水果分割器,1434,False,,Khác / chưa xác định
1324,安全帽,1433,True,medium,Bảo hộ lao động
1325,安化黑茶,1433,False,,"Trà, cà phê & đồ uống"
1326,芒果干,1433,False,,Khác / chưa xác định
1327,笔记本炫彩贴,1430,False,,Máy tính & phụ kiện
1328,收纳柜,1429,False,,Tủ & kệ lưu trữ
1329,瑜伽垫,1428,False,,Tập luyện & thể hình
1330,扣板模块,1426,False,,Khác / chưa xác định
1331,汽车灯罩框,1425,False,,Ô tô: phụ tùng & phụ kiện
1332,牙胶,1424,False,,Khác / chưa xác định
1333,过滤器/净水器,1424,False,,Thiết bị lọc nước
1334,床裙,1423,False,,Khác / chưa xác định
1335,酒店桌椅,1423,False,,Khác / chưa xác định
1336,冷柜,1420,False,,Điện lạnh & điều hòa
1337,车用炭类吸附品,1420,False,,Khác / chưa xác định
1338,转盘,1419,False,,Dụng cụ nhà bếp
1339,平开窗,1418,False,,Khác / chưa xác định
1340,智能机器人,1416,False,,Đồ chơi mô hình & điều khiển
1341,防溅盒,1416,False,,Khác / chưa xác định
1342,扭扭车,1415,False,,Khác / chưa xác định
1343,烟灶消套装,1415,False,,Khác / chưa xác định
1344,电机/马达,1415,False,,Khác / chưa xác định
1345,盘,1414,False,,Dụng cụ nhà bếp
1346,腰靠,1414,False,,Khác / chưa xác định
1347,UPVC管,1413,False,,Khác / chưa xác định
1348,身体磨砂,1413,False,,Khác / chưa xác định
1349,电动车充电器,1412,False,,Điện thoại & phụ kiện
1350,车门拉手,1412,False,,Khác / chưa xác định
1351,摩托车轮胎,1411,False,,Ô tô: phụ tùng & phụ kiện
1352,防爆电气,1411,False,,Khác / chưa xác định
1353,绳,1410,False,,Khác / chưa xác định
1354,卷帘,1409,False,,Khác / chưa xác định
1355,战术靴/飞行靴/沙漠靴,1409,False,,Đồ dùng quân sự & mô phỏng
1356,干花,1408,False,,Khác / chưa xác định
1357,止痒膏,1408,False,,Khác / chưa xác định
1358,羽绒/羽毛被,1408,False,,Khác / chưa xác định
1359,二胡,1407,False,,Khác / chưa xác định
1360,电动机,1407,False,,Khác / chưa xác định
1361,颈霜,1407,False,,Khác / chưa xác định
1362,遮阳伞,1404,False,,Khác / chưa xác định
1363,食物收纳盒,1403,False,,Khác / chưa xác định
1364,古筝,1400,False,,Khác / chưa xác định
1365,儿童袜子(0-16岁),1399,False,,Khác / chưa xác định
1366,宠物服装,1399,False,,Thú cưng: chăm sóc
1367,磁性贴,1399,False,,Khác / chưa xác định
1368,陈皮,1399,False,,Khác / chưa xác định
1369,电磨/角磨机,1397,False,,Khác / chưa xác định
1370,变频器,1396,False,,Khác / chưa xác định
1371,椅子,1395,False,,Khác / chưa xác định
1372,摩托车车锁,1394,False,,Khác / chưa xác định
1373,商用切片机/切肉机,1393,False,,Thiết bị thương mại
1374,玻璃胶,1392,False,,Khác / chưa xác định
1375,观赏龟/鳖饲料,1391,False,,Khác / chưa xác định
1376,环卫车/保洁车/清扫车,1390,False,,Khác / chưa xác định
1377,吧台,1389,False,,Nội thất phòng ăn
1378,节庆布艺用品,1389,False,,"Rèm, thảm & vải gia dụng"
1379,眼部按摩器/润眼仪,1387,False,,Sức khỏe & thiết bị y tế
1380,自行车手机架,1387,False,,Điện thoại & phụ kiện
1381,链条,1387,False,,Khác / chưa xác định
1382,车用密封胶条,1384,False,,Khác / chưa xác định
1383,医药箱,1383,False,,Khác / chưa xác định
1384,沙发套,1382,False,,Nội thất phòng khách
1385,球阀,1381,False,,Khác / chưa xác định
1386,油画颜料,1379,False,,Đồ trang trí nhà cửa
1387,乳贴,1378,False,,Khác / chưa xác định
1388,庭院门,1378,False,,Khác / chưa xác định
1389,护目镜,1378,True,tail,Bảo hộ lao động
1390,自行车包,1378,False,,Xe đạp & xe điện
1391,黑板,1377,False,,Khác / chưa xác định
1392,纸巾架,1375,False,,Khác / chưa xác định
1393,短袜/打底袜/丝袜/美腿袜,1374,False,,Đồ lót & đồ ngủ
1394,纸巾盒,1374,False,,Khác / chưa xác định
1395,三通,1373,False,,Khác / chưa xác định
1396,创意零钱包,1373,False,,Túi xách & vali
1397,DIY模具,1371,False,,Khác / chưa xác định
1398,家务手套,1371,False,,"Mũ, khăn & găng tay"
1399,卡座,1369,False,,Khác / chưa xác định
1400,平板手推车/工具车,1369,False,,Dụng cụ cầm tay
1401,POLO衫,1368,False,,Áo nam
1402,户外休闲裤,1367,False,,Quần & váy
1403,营地灯/帐篷灯,1366,False,,Cắm trại & dã ngoại
1404,领带,1366,False,,Khác / chưa xác định
1405,文件夹,1365,False,,Văn phòng phẩm
1406,连接线/转接线/延长线/数据线,1363,False,,Điện thoại & phụ kiện
1407,亲子鞋,1362,False,,Khác / chưa xác định
1408,包包,1360,False,,Khác / chưa xác định
1409,画板,1360,False,,Khác / chưa xác định
1410,网线,1360,False,,Văn phòng phẩm
1411,可降解餐具/环保餐具,1357,False,,Dụng cụ nhà bếp
1412,抽湿器/除湿器,1357,False,,Khác / chưa xác định
1413,运动背心,1353,False,,Áo nam
1414,鸟笼,1353,False,,Khác / chưa xác định
1415,变速箱/波箱/分动箱总成,1352,False,,Khác / chưa xác định
1416,涂料添加剂,1352,False,,Vật liệu xây dựng
1417,生牛肉,1351,False,,"Thịt, cá & hải sản"
1418,测厚仪,1347,False,,Khác / chưa xác định
1419,鸡肉丸/肉串,1346,False,,Khác / chưa xác định
1420,作训外套/套装/野战套装,1345,False,,Áo khoác & trang phục giữ ấm
1421,阴影,1344,False,,Khác / chưa xác định
1422,CC霜,1342,False,,Trang điểm
1423,洗脸仪,1341,False,,Khác / chưa xác định
1424,吉他音箱,1340,False,,Âm thanh & nhạc cụ
1425,筷子,1340,False,,Dụng cụ nhà bếp
1426,滚筒,1339,False,,Khác / chưa xác định
1427,外拍灯,1338,False,,Khác / chưa xác định
1428,水垢清洁剂/除垢剂,1338,False,,Dụng cụ vệ sinh nhà cửa
1429,拉力绳/拉力器,1334,False,,Khác / chưa xác định
1430,运动羽绒服,1334,False,,Áo khoác & trang phục giữ ấm
1431,垫圈,1333,False,,Khác / chưa xác định
1432,轮椅,1333,False,,Sức khỏe & thiết bị y tế
1433,洗车水管接头,1332,False,,Khác / chưa xác định
1434,胶带/胶纸/胶条,1332,False,,Văn phòng phẩm
1435,豆浆机,1332,False,,Thiết bị gia dụng nhỏ
1436,日记本,1329,False,,Khác / chưa xác định
1437,线切割,1329,False,,Khác / chưa xác định
1438,肠胃用药,1329,False,,Khác / chưa xác định
1439,蛋卷饼干,1328,False,,Đồ ăn vặt
1440,高尔夫球杆,1327,False,,Thể thao bóng
1441,擦车巾,1326,False,,Khác / chưa xác định
1442,装饰性吸音材料,1326,False,,Khác / chưa xác định
1443,首饰袋,1322,False,,Trang sức
1444,感应开关,1320,False,,Linh kiện & thiết bị điện
1445,烧水壶,1320,False,,Bình nước & đồ uống
1446,生猪肉,1320,False,,"Thịt, cá & hải sản"
1447,刮板,1319,False,,Khác / chưa xác định
1448,三元催化,1316,False,,Khác / chưa xác định
1449,爬行垫,1314,False,,Khác / chưa xác định
1450,理发镜台,1313,False,,Khác / chưa xác định
1451,线缆工具,1312,False,,Khác / chưa xác định
1452,充气床,1311,False,,Nội thất phòng ngủ
1453,杯套,1310,False,,Khác / chưa xác định
1454,电源转换器,1310,False,,Khác / chưa xác định
1455,商用蒸炉/商用蒸包炉,1309,False,,Thiết bị thương mại
1456,盖帽配饰,1309,False,,Khác / chưa xác định
1457,开关/插座底盒,1308,False,,Linh kiện & thiết bị điện
1458,罗汉床,1307,False,,Nội thất phòng ngủ
1459,温湿度计,1306,False,,Khác / chưa xác định
1460,摇摇杯,1305,False,,Khác / chưa xác định
1461,壁炉架/壁炉柜,1303,False,,Khác / chưa xác định
1462,电工胶带,1303,False,,Văn phòng phẩm
1463,家用单机烟感探测器,1302,False,,Khác / chưa xác định
1464,强化复合地板,1300,False,,Vật liệu xây dựng
1465,绞肉机/碎肉宝,1300,False,,Dụng cụ nhà bếp
1466,耳部清洁,1300,False,,Khác / chưa xác định
1467,音乐电话,1300,False,,Điện thoại & phụ kiện
1468,汽车检测仪,1299,False,,Ô tô: phụ tùng & phụ kiện
1469,瑜伽中/短裤,1298,False,,Quần & váy
1470,挂毯/壁毯,1297,False,,Khác / chưa xác định
1471,活虾,1297,False,,Khác / chưa xác định
1472,理发围布,1297,False,,Khác / chưa xác định
1473,窗帘轨道,1295,False,,"Rèm, thảm & vải gia dụng"
1474,玻璃水,1293,False,,Khác / chưa xác định
1475,海绵擦,1292,False,,Khác / chưa xác định
1476,灭火器,1292,False,,Phòng cháy chữa cháy
1477,商用炸锅,1291,False,,Thiết bị thương mại
1478,密封罐,1290,False,,Khác / chưa xác định
1479,牙刷架/牙具座,1289,True,tail,Chăm sóc răng miệng
1480,特殊用途刀,1289,False,,Khác / chưa xác định
1481,果盆/果盘/果篮,1288,False,,Dụng cụ nhà bếp
1482,梳子/化妆梳/按摩梳,1288,False,,Chăm sóc tóc
1483,烧烤夹/叉/铲/针,1288,False,,Khác / chưa xác định
1484,安吉白茶,1287,False,,"Trà, cà phê & đồ uống"
1485,散热器/风扇,1287,False,,Điện lạnh & điều hòa
1486,床铃/床挂,1285,False,,Khác / chưa xác định
1487,水果叉/水果签,1285,False,,Khác / chưa xác định
1488,油壶,1284,False,,Khác / chưa xác định
1489,裱花嘴/裱花枪/裱花袋,1284,False,,Khác / chưa xác định
1490,套锅/户外炊具,1283,False,,Cắm trại & dã ngoại
1491,USB风扇,1281,False,,Điện lạnh & điều hòa
1492,布贴,1281,False,,Khác / chưa xác định
1493,床幔,1280,False,,Khác / chưa xác định
1494,钓鱼灯,1280,False,,Câu cá & săn bắn
1495,多功能切菜器,1279,False,,Khác / chưa xác định
1496,工艺伞,1278,False,,Khác / chưa xác định
1497,毛巾挂/毛巾架,1277,False,,Thiết bị phòng tắm
1498,窗锁,1277,False,,Khác / chưa xác định
1499,迷彩裤/军迷裤/工装裤,1277,False,,Đồ dùng quân sự & mô phỏng
1500,桌面收纳盒,1275,False,,Khác / chưa xác định
1501,浴室用品套件,1275,False,,Khác / chưa xác định
1502,背带/背袋,1275,False,,Khác / chưa xác định
1503,商用烘烤炉/烤箱,1274,False,,Thiết bị gia dụng nhỏ
1504,拖鞋,1273,False,,Khác / chưa xác định
1505,抛光机,1271,False,,Khác / chưa xác định
1506,解锁/解环玩具,1270,False,,Đồ chơi mô hình & điều khiển
1507,白板笔,1269,False,,Văn phòng phẩm
1508,宝宝布书,1268,False,,Đồ dùng cho bé
1509,飞盘/飞碟/竹蜻蜓类,1268,False,,Dụng cụ nhà bếp
1510,丝带/绸带/布带,1266,False,,Khác / chưa xác định
1511,商用烤饼机,1265,False,,Thiết bị thương mại
1512,碟,1265,False,,Khác / chưa xác định
1513,骑行头盔,1265,False,,Khác / chưa xác định
1514,沐浴按摩用品,1264,False,,Chăm sóc cơ thể
1515,储蓄罐,1263,False,,Khác / chưa xác định
1516,台钟/闹钟,1263,False,,Đồng hồ
1517,轮毂盖,1263,False,,Ô tô: phụ tùng & phụ kiện
1518,骨灰盒,1263,False,,Khác / chưa xác định
1519,一次性筷子,1261,False,,Dụng cụ nhà bếp
1520,珠子/钻饰/花朵等配饰,1261,False,,Khác / chưa xác định
1521,PPR管,1260,False,,Khác / chưa xác định
1522,运动沙滩鞋/凉鞋,1260,False,,Giày nữ
1523,网卡,1259,False,,Khác / chưa xác định
1524,跑步机,1258,False,,Tập luyện & thể hình
1525,温控设备,1256,False,,Khác / chưa xác định
1526,火花塞,1256,False,,Khác / chưa xác định
1527,发电机组零部件,1254,False,,Máy móc công nghiệp
1528,冲击扳手,1253,False,,Dụng cụ cầm tay
1529,卫裤,1253,False,,Khác / chưa xác định
1530,插片/胸垫,1253,False,,Khác / chưa xác định
1531,摩丝/啫喱/头发造型,1252,False,,Chăm sóc tóc
1532,摩托车前挡风,1251,False,,Khác / chưa xác định
1533,印油/印泥,1250,False,,Khác / chưa xác định
1534,电动车头盔,1248,False,,Xe đạp & xe điện
1535,电动自行车,1246,False,,Xe đạp & xe điện
1536,继电器,1246,False,,Khác / chưa xác định
1537,一次性打火机,1244,False,,Quà tặng & đồ lưu niệm
1538,厨房用刷,1242,False,,Khác / chưa xác định
1539,叶子板内衬,1242,False,,Khác / chưa xác định
1540,核桃仁,1241,False,,Khác / chưa xác định
1541,化妆套刷,1240,False,,Khác / chưa xác định
1542,清酒/烧酒,1239,False,,Rượu vang & rượu mạnh
1543,绿植,1239,False,,Khác / chưa xác định
1544,隔音隔热棉,1239,False,,Khác / chưa xác định
1545,饭盒/保温桶/保温提锅,1239,False,,Khác / chưa xác định
1546,文具礼盒/绘画套装,1238,False,,Văn phòng phẩm
1547,磨刀机,1238,False,,Khác / chưa xác định
1548,鞋带,1237,False,,Phụ kiện giày
1549,脸盆,1236,False,,Khác / chưa xác định
1550,鱼护,1236,False,,Khác / chưa xác định
1551,骑士包,1235,False,,Khác / chưa xác định
1552,LED开关电源,1234,False,,Linh kiện & thiết bị điện
1553,伞,1234,False,,Khác / chưa xác định
1554,足球,1234,False,,Thể thao bóng
1555,古典舞服,1231,False,,Khác / chưa xác định
1556,羽毛球,1231,False,,Thể thao bóng
1557,饰面板,1231,False,,Khác / chưa xác định
1558,羽绒裤,1230,False,,Khác / chưa xác định
1559,减震,1228,False,,Khác / chưa xác định
1560,收音机,1228,False,,Thiết bị điện tử gia đình
1561,卫生间用刷,1227,False,,Khác / chưa xác định
1562,平板拖把,1227,True,tail,Dụng cụ vệ sinh nhà cửa
1563,折纸/手工纸,1227,False,,Đồ thủ công & mỹ thuật
1564,消毒柜,1227,False,,Khác / chưa xác định
1565,儿童椅,1226,False,,Khác / chưa xác định
1566,杏仁/巴旦木,1225,False,,Khác / chưa xác định
1567,止回阀,1224,False,,Khác / chưa xác định
1568,凉鞋,1223,False,,Giày nữ
1569,增高垫,1223,False,,Khác / chưa xác định
1570,集成板,1223,False,,Khác / chưa xác định
1571,仿真绿植,1222,False,,Khác / chưa xác định
1572,鞋扣,1221,False,,Khác / chưa xác định
1573,安全网,1220,False,,Khác / chưa xác định
1574,旗帜,1220,False,,Khác / chưa xác định
1575,车用电扇,1220,False,,Khác / chưa xác định
1576,健腹轮/健腹器,1219,False,,Khác / chưa xác định
1577,电钻,1219,False,,Dụng cụ cầm tay
1578,成套桌椅（原婴童）,1218,False,,Khác / chưa xác định
1579,接线端子,1218,False,,Khác / chưa xác định
1580,窗帘绑带,1214,False,,"Rèm, thảm & vải gia dụng"
1581,篮球球迷用品,1214,False,,Thể thao bóng
1582,拉丁舞下装,1213,False,,Đồng phục & trang phục biểu diễn
1583,电瓶搭火线,1211,False,,Văn phòng phẩm
1584,锡纸/油纸,1210,False,,Khác / chưa xác định
1585,喷瓶/面霜分装瓶,1209,False,,Chăm sóc da mặt
1586,水上游艺设施,1207,False,,Khác / chưa xác định
1587,离合器总成,1207,False,,Khác / chưa xác định
1588,信纸,1206,False,,Khác / chưa xác định
1589,数码相机电池,1206,True,medium,Camera & nhiếp ảnh
1590,刮刀,1205,False,,Khác / chưa xác định
1591,袖套,1205,False,,Khác / chưa xác định
1592,替芯/铅芯,1204,False,,Khác / chưa xác định
1593,票夹/长尾夹,1204,False,,Khác / chưa xác định
1594,美发刀剪,1204,False,,Khác / chưa xác định
1595,遥控设备,1203,False,,Khác / chưa xác định
1596,手机贴纸,1201,False,,Điện thoại & phụ kiện
1597,婴童毛毯/盖毯,1199,False,,Khác / chưa xác định
1598,溯溪鞋,1199,False,,Khác / chưa xác định
1599,衣物柔顺剂,1197,False,,Khác / chưa xác định
1600,镜前灯,1197,False,,Khác / chưa xác định
1601,垃圾桶,1196,False,,Dụng cụ vệ sinh nhà cửa
1602,拉杆包,1196,False,,Khác / chưa xác định
1603,专业数码单反,1195,False,,Khác / chưa xác định
1604,鸭肉,1195,False,,"Thịt, cá & hải sản"
1605,油泵,1194,False,,Khác / chưa xác định
1606,蒸锅,1193,False,,Khác / chưa xác định
1607,钢珠/滚珠,1193,False,,Khác / chưa xác định
1608,广场舞上装,1190,False,,Khác / chưa xác định
1609,家用剪刀,1189,False,,Dụng cụ nhà bếp
1610,焊台,1189,False,,Khác / chưa xác định
1611,皂盒,1189,False,,Khác / chưa xác định
1612,车底防护板/发动机挡板,1189,False,,Khác / chưa xác định
1613,防护面具,1189,False,,Khác / chưa xác định
1614,密封条,1188,False,,Khác / chưa xác định
1615,汽车仪表,1186,False,,Ô tô: phụ tùng & phụ kiện
1616,定时器/计时器/提醒器,1185,True,medium,Khác / chưa xác định
1617,调酒器,1185,False,,Khác / chưa xác định
1618,游泳池,1183,False,,Đồ bơi & thể thao nước
1619,衣物除尘滚/粘毛滚,1181,False,,Khác / chưa xác định
1620,灭鼠笼/捕鼠器,1180,False,,Dụng cụ vệ sinh nhà cửa
1621,镀晶/车釉/车漆镀膜,1180,False,,Khác / chưa xác định
1622,商用豆浆机,1179,False,,Thiết bị gia dụng nhỏ
1623,彩漂,1179,False,,Khác / chưa xác định
1624,不干胶标签,1176,False,,Khác / chưa xác định
1625,腰靠垫,1176,False,,"Rèm, thảm & vải gia dụng"
1626,魔术贴/粘扣带/固定贴,1176,False,,Khác / chưa xác định
1627,后跟贴,1175,False,,Khác / chưa xác định
1628,白牡丹,1175,False,,Khác / chưa xác định
1629,中控锁,1174,False,,Khác / chưa xác định
1630,档案盒,1174,False,,Khác / chưa xác định
1631,十字绣成品,1173,False,,Khác / chưa xác định
1632,平板电脑/MID,1173,False,,Máy tính & phụ kiện
1633,饰品盒,1172,False,,Khác / chưa xác định
1634,仿真果蔬/食物,1171,False,,Khác / chưa xác định
1635,葫芦丝,1171,False,,Khác / chưa xác định
1636,花洒/淋蓬头,1169,False,,Thiết bị phòng tắm
1637,胸花,1168,False,,Khác / chưa xác định
1638,铅坠,1168,False,,Khác / chưa xác định
1639,道路灯具,1164,False,,Đèn & chiếu sáng
1640,一次性手套,1163,False,,"Mũ, khăn & găng tay"
1641,洁瓷剂,1163,False,,Khác / chưa xác định
1642,打孔机,1162,False,,Khác / chưa xác định
1643,抹布,1161,False,,Khác / chưa xác định
1644,家用游戏机,1159,False,,Trò chơi điện tử
1645,电动滑板车,1159,False,,Xe đạp & xe điện
1646,盘香/灭蟑香/蚊香盘,1159,False,,Dụng cụ nhà bếp
1647,焊锡,1158,False,,Khác / chưa xác định
1648,汽车传感器,1157,False,,Ô tô: phụ tùng & phụ kiện
1649,按摩椅/沙发,1156,False,,Nội thất phòng khách
1650,柠檬,1156,False,,Khác / chưa xác định
1651,爽身粉 /痱子粉/爽身水,1155,False,,Khác / chưa xác định
1652,手写输入/绘图板,1153,False,,Khác / chưa xác định
1653,游泳专用包,1153,False,,Đồ bơi & thể thao nước
1654,气门芯套,1152,False,,Khác / chưa xác định
1655,足浴盆/足浴桶,1151,False,,Khác / chưa xác định
1656,头巾/遮耳,1149,False,,Khác / chưa xác định
1657,宝宝洗衣液,1149,False,,Đồ dùng cho bé
1658,自行车,1149,False,,Xe đạp & xe điện
1659,血压计（电子血压计）,1149,False,,Sức khỏe & thiết bị y tế
1660,鞋货架,1148,False,,Tủ & kệ lưu trữ
1661,商务用花,1147,False,,Khác / chưa xác định
1662,条案,1147,False,,Khác / chưa xác định
1663,电热饭盒,1147,False,,"Nồi, chảo & đồ nấu ăn"
1664,米桶/米缸,1146,False,,Khác / chưa xác định
1665,密封件,1145,False,,Khác / chưa xác định
1666,腰果,1145,False,,Khác / chưa xác định
1667,喜字/剪纸/贴纸,1144,False,,Đồ thủ công & mỹ thuật
1668,电热管,1144,False,,"Nồi, chảo & đồ nấu ăn"
1669,门禁智能卡,1144,False,,Khác / chưa xác định
1670,液压冲孔机/切排机,1143,True,medium,Máy móc công nghiệp
1671,农用薄膜,1142,False,,Khác / chưa xác định
1672,数码摄像机,1140,False,,Camera & nhiếp ảnh
1673,装饰挂牌,1140,False,,Khác / chưa xác định
1674,拳击手套,1138,True,medium,"Mũ, khăn & găng tay"
1675,身体护理套装,1138,False,,Chăm sóc cơ thể
1676,闸阀,1138,False,,Khác / chưa xác định
1677,保鲜盒,1137,False,,Dụng cụ nhà bếp
1678,时尚烟灰缸,1137,False,,Đồ dùng hút thuốc
1679,牙签盒,1137,False,,Khác / chưa xác định
1680,酒塞,1137,False,,Khác / chưa xác định
1681,护臀膏,1136,False,,Khác / chưa xác định
1682,桌布/桌旗/桌椅套/椅垫,1136,False,,"Rèm, thảm & vải gia dụng"
1683,骑士护具,1135,False,,Sức khỏe & thiết bị y tế
1684,纱窗,1134,False,,Khác / chưa xác định
1685,头盔,1131,False,,Khác / chưa xác định
1686,夹心巧克力,1131,False,,Khác / chưa xác định
1687,置地/升降晾晒衣架,1131,False,,Khác / chưa xác định
1688,风管,1129,False,,Khác / chưa xác định
1689,裤架,1128,False,,Khác / chưa xác định
1690,隔音棉,1128,False,,Khác / chưa xác định
1691,马尾,1128,False,,Khác / chưa xác định
1692,U型枕,1127,False,,Khác / chưa xác định
1693,导轨,1127,False,,Khác / chưa xác định
1694,鼻帖,1127,False,,Khác / chưa xác định
1695,护墙角,1125,False,,Khác / chưa xác định
1696,瓷砖胶,1125,False,,Vật liệu xây dựng
1697,家用梯,1124,False,,Khác / chưa xác định
1698,滚筒刷,1123,False,,Khác / chưa xác định
1699,角磨机,1123,False,,Khác / chưa xác định
1700,礼花/礼炮,1121,False,,Khác / chưa xác định
1701,便携购物车,1120,False,,Khác / chưa xác định
1702,胶棒,1120,False,,Khác / chưa xác định
1703,电感器,1118,False,,Khác / chưa xác định
1704,钢丝钳,1118,False,,Khác / chưa xác định
1705,筋膜枪,1117,False,,Khác / chưa xác định
1706,铰链,1117,False,,Khác / chưa xác định
1707,学生书包,1116,False,,Túi xách & vali
1708,POP广告纸/爆炸贴,1114,False,,Khác / chưa xác định
1709,游戏掌机,1114,False,,Khác / chưa xác định
1710,保鲜盖,1113,False,,Khác / chưa xác định
1711,车用吸尘器,1113,False,,Thiết bị gia dụng nhỏ
1712,锅铲,1112,False,,Dụng cụ nhà bếp
1713,定制走入式衣柜,1111,False,,Tủ & kệ lưu trữ
1714,指甲剪,1111,False,,Khác / chưa xác định
1715,电推剪,1111,False,,Khác / chưa xác định
1716,卡包/证件包,1110,False,,Túi xách & vali
1717,弹簧,1110,False,,Khác / chưa xác định
1718,凭证,1109,False,,Khác / chưa xác định
1719,空调罩,1109,False,,Điện lạnh & điều hòa
1720,篮球袜,1109,False,,Thể thao bóng
1721,HID氙气灯,1108,False,,Khác / chưa xác định
1722,乐器教学,1106,False,,Âm thanh & nhạc cụ
1723,山地自行车,1104,False,,Xe đạp & xe điện
1724,通用电池充电套装,1104,False,,Khác / chưa xác định
1725,除尘掸,1103,False,,Khác / chưa xác định
1726,牙签筒,1102,False,,Khác / chưa xác định
1727,平板电脑支架,1100,False,,Máy tính & phụ kiện
1728,抹胸/儿童文胸,1100,False,,Đồ lót & đồ ngủ
1729,电动车挡风被,1100,False,,Xe đạp & xe điện
1730,车载旅行床,1099,False,,Nội thất phòng ngủ
1731,塑身分体套装,1098,False,,Khác / chưa xác định
1732,脚轮/万向轮,1098,False,,Khác / chưa xác định
1733,便签本/便条纸/N次贴,1097,False,,Khác / chưa xác định
1734,整理架/置物架/收纳架,1097,False,,Tủ & kệ lưu trữ
1735,电动三轮车,1097,False,,Khác / chưa xác định
1736,吊床,1096,False,,Nội thất phòng ngủ
1737,汽车音箱/低音炮,1096,False,,Âm thanh & nhạc cụ
1738,面筋制品,1095,False,,Khác / chưa xác định
1739,玻璃清洁器及配件,1094,False,,Khác / chưa xác định
1740,硬盘盒,1094,False,,Dụng cụ nhà bếp
1741,儿童座椅,1092,False,,Khác / chưa xác định
1742,游泳圈,1092,False,,Đồ bơi & thể thao nước
1743,LED指示灯/防爆灯/投光灯,1090,False,,Khác / chưa xác định
1744,电锯片,1090,False,,Dụng cụ cầm tay
1745,儿童凳,1089,False,,Khác / chưa xác định
1746,握笔器,1089,False,,Văn phòng phẩm
1747,擀面杖,1089,False,,Khác / chưa xác định
1748,枕巾,1089,False,,Khác / chưa xác định
1749,燃气热水器,1089,True,head,Nhiên liệu & phụ gia
1750,缎带/扎带,1089,False,,Khác / chưa xác định
1751,门帘,1089,False,,Khác / chưa xác định
1752,食物研磨器,1089,False,,Khác / chưa xác định
1753,车用双面胶,1087,False,,Khác / chưa xác định
1754,汽油添加剂,1086,True,medium,Nhiên liệu & phụ gia
1755,窗帘杆/罗马杆,1085,False,,"Rèm, thảm & vải gia dụng"
1756,读卡器,1085,False,,Khác / chưa xác định
1757,胎毛挂坠/挂件,1084,False,,Khác / chưa xác định
1758,枕头,1083,False,,Nội thất phòng ngủ
1759,蒲团,1083,False,,Khác / chưa xác định
1760,车用氧吧/空气净化器,1083,False,,Thiết bị gia dụng nhỏ
1761,陶笛,1083,False,,Khác / chưa xác định
1762,手帕,1080,False,,Khác / chưa xác định
1763,抄网头,1080,False,,Khác / chưa xác định
1764,电控锁,1079,False,,Khác / chưa xác định
1765,挤牙膏器,1078,False,,Chăm sóc răng miệng
1766,剥壳/去核器,1077,False,,Khác / chưa xác định
1767,多功能安全锁,1074,False,,Khác / chưa xác định
1768,沐浴桶/沐浴盆,1074,False,,Chăm sóc cơ thể
1769,冲锋裤,1072,False,,Khác / chưa xác định
1770,护垫,1071,False,,Khác / chưa xác định
1771,力娇酒/Liqueur,1070,False,,Khác / chưa xác định
1772,倒车雷达,1069,False,,Khác / chưa xác định
1773,卷纸器/纸巾架,1069,False,,Khác / chưa xác định
1774,智能音箱,1069,False,,Âm thanh & nhạc cụ
1775,应急灯,1068,False,,Khác / chưa xác định
1776,踢脚线,1067,False,,Văn phòng phẩm
1777,压缩袋,1065,False,,Khác / chưa xác định
1778,天线,1065,False,,Văn phòng phẩm
1779,童鞋/青少年鞋,1065,False,,Quần áo trẻ em
1780,外球面球轴承,1064,False,,Khác / chưa xác định
1781,成品窗帘,1064,False,,"Rèm, thảm & vải gia dụng"
1782,摇马,1064,False,,Khác / chưa xác định
1783,PLC,1063,False,,Khác / chưa xác định
1784,购物篮,1063,False,,Khác / chưa xác định
1785,瑜伽圈/普拉提圈,1061,False,,Tập luyện & thể hình
1786,苏打饼干,1061,False,,Đồ ăn vặt
1787,激光切割机,1060,False,,Khác / chưa xác định
1788,拳击沙袋,1059,False,,Khác / chưa xác định
1789,浴帘,1058,False,,Khác / chưa xác định
1790,被子,1058,True,tail,Chăn ga gối đệm
1791,机油滤芯,1056,False,,Ô tô: phụ tùng & phụ kiện
1792,呼啦圈,1055,False,,Khác / chưa xác định
1793,足浴器,1055,False,,Khác / chưa xác định
1794,地球仪,1054,False,,Khác / chưa xác định
1795,唇膜,1053,False,,Khác / chưa xác định
1796,寿眉,1053,False,,Khác / chưa xác định
1797,气动杆,1053,False,,Khác / chưa xác định
1798,吊滑,1052,False,,Khác / chưa xác định
1799,实木复合地板,1051,False,,Vật liệu xây dựng
1800,低压断路器,1050,False,,Linh kiện & thiết bị điện
1801,暖脚宝/暖垫,1050,False,,Khác / chưa xác định
1802,浴巾/吸水巾,1050,False,,"Rèm, thảm & vải gia dụng"
1803,玻璃防爆隔热膜,1050,False,,Khác / chưa xác định
1804,伤口敷料,1049,False,,Khác / chưa xác định
1805,照片墙,1049,False,,Khác / chưa xác định
1806,磨豆机,1049,False,,Khác / chưa xác định
1807,粘钩,1049,False,,Khác / chưa xác định
1808,温控仪,1048,False,,Khác / chưa xác định
1809,缝纫机,1048,False,,Khác / chưa xác định
1810,车用天线,1048,False,,Văn phòng phẩm
1811,反光安全服,1047,False,,Khác / chưa xác định
1812,功放板,1046,False,,Thiết bị điện tử gia đình
1813,橱柜灯,1046,False,,Khác / chưa xác định
1814,车牌架/牌照托,1046,False,,Khác / chưa xác định
1815,游戏围栏,1045,False,,Khác / chưa xác định
1816,闭门器,1045,False,,Khác / chưa xác định
1817,电蒸锅/台式电蒸箱/肠粉机,1044,False,,Khác / chưa xác định
1818,门吸,1044,False,,Khác / chưa xác định
1819,DIY/数字油画,1043,False,,Đồ trang trí nhà cửa
1820,抄网杆,1043,False,,Khác / chưa xác định
1821,棉签/棉棒/棉包,1043,False,,Khác / chưa xác định
1822,玻璃刀,1043,False,,Khác / chưa xác định
1823,婴童凉席系列,1042,False,,Khác / chưa xác định
1824,家具连接件,1042,False,,Khác / chưa xác định
1825,拉链,1042,False,,Khác / chưa xác định
1826,儿童MP3/故事机,1041,False,,Khác / chưa xác định
1827,车用水杯架/饮料架,1039,False,,Bình nước & đồ uống
1828,LED灯珠/发光二级管,1038,False,,Khác / chưa xác định
1829,电链锯,1038,True,medium,Dụng cụ cầm tay
1830,衣物用刷,1038,False,,Khác / chưa xác định
1831,饰品架/柜,1036,False,,Khác / chưa xác định
1832,照明器材,1035,False,,Đèn & chiếu sáng
1833,男士护理套装,1035,False,,Khác / chưa xác định
1834,多功能刀,1034,False,,Khác / chưa xác định
1835,点火线圈,1034,False,,Khác / chưa xác định
1836,基底精油,1033,False,,Nước hoa & hương thơm
1837,收纳凳,1033,False,,Khác / chưa xác định
1838,气泡膜,1033,False,,Khác / chưa xác định
1839,蹦床,1033,False,,Nội thất phòng ngủ
1840,户外旗杆,1032,True,tail,Cắm trại & dã ngoại
1841,架子鼓/爵士鼓,1032,False,,Khác / chưa xác định
1842,电剪,1031,False,,Khác / chưa xác định
1843,口罩（器械）,1029,False,,"Mũ, khăn & găng tay"
1844,商用厨师机/和面机,1029,False,,Thiết bị thương mại
1845,防护手套,1029,False,,"Mũ, khăn & găng tay"
1846,碰珠,1028,False,,Khác / chưa xác định
1847,仰卧板/健腹板,1027,False,,Khác / chưa xác định
1848,仿真花,1027,False,,Đồ trang trí nhà cửa
1849,佛柜/佛龛,1027,False,,Đồ dùng tôn giáo & phong thủy
1850,笔记本键盘保护膜,1027,True,tail,Dụng cụ nhà bếp
1851,理线器/集线器/绕线器,1026,False,,Khác / chưa xác định
1852,电动玩具枪,1025,False,,Đồ chơi mô hình & điều khiển
1853,电子琴玩具/儿童电子琴,1025,False,,Âm thanh & nhạc cụ
1854,防晒袖套,1025,False,,Chăm sóc da mặt
1855,水箱,1024,False,,Khác / chưa xác định
1856,连接线,1024,False,,Văn phòng phẩm
1857,抬头显示/HUD,1022,False,,Khác / chưa xác định
1858,摩登舞套装(含演出服),1021,False,,Đồng phục & trang phục biểu diễn
1859,洗漱杯,1021,False,,Khác / chưa xác định
1860,多功能玩具台/游戏桌,1020,False,,Đồ chơi mô hình & điều khiển
1861,眼罩,1020,False,,Khác / chưa xác định
1862,鱼缸水质稳定剂,1020,False,,Khác / chưa xác định
1863,梳妆凳,1019,False,,Khác / chưa xác định
1864,缝纫DIY工具套装,1019,False,,Đồ thủ công & mỹ thuật
1865,视力保护器,1019,False,,Khác / chưa xác định
1866,百洁布,1018,False,,Khác / chưa xác định
1867,杏仁/杏干,1017,False,,Khác / chưa xác định
1868,毛边纸,1017,False,,Khác / chưa xác định
1869,车载冰箱/保温箱,1017,False,,Điện lạnh & điều hòa
1870,新娘手捧花,1016,False,,Đồ cưới & trang trí sự kiện
1871,花篮,1015,False,,Khác / chưa xác định
1872,面铣刀,1015,False,,Khác / chưa xác định
1873,儿童椅（原婴童）,1014,False,,Khác / chưa xác định
1874,车用显示器,1014,False,,Máy tính & phụ kiện
1875,平板卫生纸,1013,False,,Khác / chưa xác định
1876,管子割刀,1013,False,,Khác / chưa xác định
1877,水平尺,1012,False,,Khác / chưa xác định
1878,西餐勺,1011,False,,Khác / chưa xác định
1879,创意迷你植物,1010,False,,Nông nghiệp & làm vườn
1880,绳子,1010,False,,Khác / chưa xác định
1881,乐器包,1009,False,,Âm thanh & nhạc cụ
1882,洗漱包,1009,False,,Khác / chưa xác định
1883,测电笔,1009,False,,Văn phòng phẩm
1884,电动窗帘,1009,False,,"Rèm, thảm & vải gia dụng"
1885,乒乓套胶/海绵/单胶片,1008,False,,Khác / chưa xác định
1886,储物罐,1008,False,,Khác / chưa xác định
1887,挂锁,1008,False,,Khác / chưa xác định
1888,打气筒,1007,False,,Khác / chưa xác định
1889,柴油发电机,1007,False,,Máy móc công nghiệp
1890,电烙铁,1007,False,,Khác / chưa xác định
1891,转接环,1007,False,,Khác / chưa xác định
1892,车刷,1006,False,,Khác / chưa xác định
1893,咖啡勺,1005,False,,"Trà, cà phê & đồ uống"
1894,石棉瓦,1005,False,,Khác / chưa xác định
1895,冰桶,1004,False,,Khác / chưa xác định
1896,电热圈/片/盘/板,1004,False,,Dụng cụ nhà bếp
1897,工矿灯具,1003,False,,Đèn & chiếu sáng
1898,洁面皂/洁面产品,1003,False,,Chăm sóc da mặt
1899,口腔清洁,1002,False,,Chăm sóc răng miệng
1900,瑜伽球,1002,False,,Tập luyện & thể hình
1901,防抓手套/护脚/护膝,1002,False,,"Mũ, khăn & găng tay"
1902,台球杆,1001,False,,Khác / chưa xác định
1903,角柜,1000,False,,Khác / chưa xác định
1904,餐台脚,1000,False,,Khác / chưa xác định
1905,羊毛刷,999,False,,Khác / chưa xác định
1906,光纤跳线,998,False,,Văn phòng phẩm
1907,吸汗巾/垫背巾,998,False,,Khác / chưa xác định
1908,消毒机/活氧机,998,False,,Khác / chưa xác định
1909,胎压监测,998,False,,Khác / chưa xác định
1910,上下摆臂,997,False,,Khác / chưa xác định
1911,微波炉手套,997,False,,"Mũ, khăn & găng tay"
1912,刹车卡钳,996,False,,Khác / chưa xác định
1913,垃圾袋,996,False,,Khác / chưa xác định
1914,收纳箱,996,False,,Khác / chưa xác định
1915,电子变压器,996,False,,Linh kiện & thiết bị điện
1916,电脑插座,996,False,,Máy tính & phụ kiện
1917,吹风枪,995,False,,Khác / chưa xác định
1918,干发帽,995,False,,Khác / chưa xác định
1919,枕套,994,False,,Khác / chưa xác định
1920,压缩机及空调部件,993,False,,Điện lạnh & điều hòa
1921,尿片/尿垫/护垫,993,False,,Khác / chưa xác định
1922,色精,993,False,,Khác / chưa xác định
1923,西湖龙井,992,False,,Khác / chưa xác định
1924,贝类制品,992,False,,Khác / chưa xác định
1925,宠物背包,991,False,,Túi xách & vali
1926,360全景/SVC,990,False,,Khác / chưa xác định
1927,普通型合页,990,False,,Khác / chưa xác định
1928,内存,989,False,,Linh kiện máy tính
1929,吊牌,989,False,,Khác / chưa xác định
1930,营养（消化）饼干,989,False,,Đồ ăn vặt
1931,视频线/音频线/AV线,989,False,,Văn phòng phẩm
1932,乒乓底板,988,False,,Khác / chưa xác định
1933,塑焊机,988,False,,Máy móc công nghiệp
1934,定位器,987,False,,Khác / chưa xác định
1935,智能眼镜/VR设备,987,False,,Kính mắt & kính áp tròng
1936,单双杠/引体向上,986,False,,Khác / chưa xác định
1937,烘焙用纸,986,False,,Khác / chưa xác định
1938,楼梯扶手,985,False,,Khác / chưa xác định
1939,气动铆钉机,983,False,,Khác / chưa xác định
1940,水壶,983,False,,Bình nước & đồ uống
1941,电焊丝,983,False,,Khác / chưa xác định
1942,隔音耳塞,983,False,,Khác / chưa xác định
1943,封口夹,982,False,,Khác / chưa xác định
1944,挂扣,982,False,,Khác / chưa xác định
1945,挂钩,982,False,,Khác / chưa xác định
1946,浴盆,981,False,,Khác / chưa xác định
1947,牛杂类,981,False,,Khác / chưa xác định
1948,热胶枪,980,False,,Khác / chưa xác định
1949,货架附件,980,False,,Tủ & kệ lưu trữ
1950,虾,979,False,,Khác / chưa xác định
1951,前掌垫,978,False,,Khác / chưa xác định
1952,面粉筛,977,True,medium,"Gạo, mì & ngũ cốc"
1953,应急启动电源,976,False,,Linh kiện & thiết bị điện
1954,数据线,976,False,,Điện thoại & phụ kiện
1955,台湾高山茶,975,False,,"Trà, cà phê & đồ uống"
1956,浴刷,975,False,,Khác / chưa xác định
1957,信阳毛尖,974,False,,Khác / chưa xác định
1958,白兰地/Brandy,974,False,,Khác / chưa xác định
1959,睡衣上装,974,False,,Đồ lót & đồ ngủ
1960,化妆品货架,973,False,,Tủ & kệ lưu trữ
1961,车用点烟器,973,False,,Khác / chưa xác định
1962,打蛋器,971,False,,Khác / chưa xác định
1963,热电偶,970,False,,Khác / chưa xác định
1964,力量训练器械(综合型),969,False,,Khác / chưa xác định
1965,汽油滤芯,969,False,,Khác / chưa xác định
1966,喷油嘴,968,False,,Khác / chưa xác định
1967,平板电脑屏幕贴膜,968,False,,Máy tính & phụ kiện
1968,账本/账册,968,False,,Khác / chưa xác định
1969,摄影包,967,False,,Camera & nhiếp ảnh
1970,瓷砖/玻璃贴,967,False,,Vật liệu xây dựng
1971,车铃/喇叭,967,False,,Khác / chưa xác định
1972,园艺剪,966,False,,Nông nghiệp & làm vườn
1973,儿童沙发,965,False,,Nội thất phòng khách
1974,厨房纸巾,965,False,,Khác / chưa xác định
1975,牛丸/肉串,965,False,,Khác / chưa xác định
1976,自平衡电动车,965,False,,Xe đạp & xe điện
1977,任天堂 SWITCH游戏软件,964,False,,Khác / chưa xác định
1978,双面贴物器,964,False,,Khác / chưa xác định
1979,护洗袋,964,False,,Khác / chưa xác định
1980,门锁盖,964,False,,Khác / chưa xác định
1981,防撞角,964,False,,Ô tô: phụ tùng & phụ kiện
1982,剥线钳,963,False,,Khác / chưa xác định
1983,车用空气净化/清新剂,962,False,,Khác / chưa xác định
1984,桌布,961,False,,"Rèm, thảm & vải gia dụng"
1985,电焊条,960,False,,Khác / chưa xác định
1986,管道疏通器,960,False,,Dụng cụ vệ sinh nhà cửa
1987,抱枕,959,False,,"Rèm, thảm & vải gia dụng"
1988,方向拉杆部件,959,False,,Khác / chưa xác định
1989,线孔盖,959,False,,Khác / chưa xác định
1990,育苗盘/营养钵,959,False,,Dụng cụ nhà bếp
1991,保温包,958,False,,Khác / chưa xác định
1992,酒具套件,958,False,,Bình nước & đồ uống
1993,兔兔干草,957,False,,Khác / chưa xác định
1994,铲子,956,False,,Khác / chưa xác định
1995,沙滩裤,955,False,,Khác / chưa xác định
1996,别针/回形针,954,False,,Khác / chưa xác định
1997,刹车泵（ABS）,954,False,,Khác / chưa xác định
1998,文房墨汁,954,False,,Khác / chưa xác định
1999,空气滤芯,954,False,,Khác / chưa xác định
2000,防护服,954,False,,Bảo hộ lao động
2001,马桶刷/厕所刷,953,False,,Thiết bị phòng tắm
2002,健身球/保健球,952,False,,Tập luyện & thể hình
2003,生羊肉,952,False,,Khác / chưa xác định
2004,齿轮减速机,952,False,,Khác / chưa xác định
2005,软木板/照片板/毛毡板,951,False,,Khác / chưa xác định
2006,烙铁/电焊头,950,False,,Khác / chưa xác định
2007,烧烤网,950,False,,Khác / chưa xác định
2008,高尔夫球,950,False,,Thể thao bóng
2009,电热敷盐包,949,False,,"Nồi, chảo & đồ nấu ăn"
2010,硝化细菌,949,False,,Khác / chưa xác định
2011,面扑/粉扑,949,False,,Khác / chưa xác định
2012,电动四轮车,948,False,,Khác / chưa xác định
2013,烧烤刷,947,False,,Khác / chưa xác định
2014,发饰,946,False,,Khác / chưa xác định
2015,太极鞋,946,False,,Khác / chưa xác định
2016,蟹类制品,946,False,,Khác / chưa xác định
2017,锅盖架,946,False,,Khác / chưa xác định
2018,风琴包/事务包,946,False,,Khác / chưa xác định
2019,钓鱼椅、凳,945,True,tail,Câu cá & săn bắn
2020,单电微单,944,False,,Khác / chưa xác định
2021,整体楼梯,944,False,,Khác / chưa xác định
2022,圣诞礼品,943,False,,Quà tặng & đồ lưu niệm
2023,贴纸/贴膜,943,False,,Văn phòng phẩm
2024,屏风,941,False,,Khác / chưa xác định
2025,热水瓶,941,False,,Khác / chưa xác định
2026,竹炭包/炭盒/活性炭,941,False,,Khác / chưa xác định
2027,创意/设计玩具,940,False,,Đồ chơi mô hình & điều khiển
2028,高尔夫鞋,939,False,,Thể thao bóng
2029,一次性内裤,938,False,,Đồ lót & đồ ngủ
2030,促销架/促销车,938,False,,Khác / chưa xác định
2031,篮球架/篮球框,938,False,,Thể thao bóng
2032,综合布线,938,False,,Văn phòng phẩm
2033,灭蚊灯/吸蚊机/灭蝇灯,937,False,,Khác / chưa xác định
2034,骑行眼镜/风镜,936,False,,Kính mắt & kính áp tròng
2035,眼部清洁,935,False,,Khác / chưa xác định
2036,套管,934,False,,Khác / chưa xác định
2037,闹钟/投影钟,934,False,,Đồng hồ
2038,仿真果蔬,933,False,,Khác / chưa xác định
2039,电工维修工具,933,False,,Khác / chưa xác định
2040,MINI按摩器/按摩贴,932,False,,Sức khỏe & thiết bị y tế
2041,紫菜,932,False,,Khác / chưa xác định
2042,剥蒜器/压蒜器,931,False,,Khác / chưa xác định
2043,定时器,931,False,,Khác / chưa xác định
2044,杯子,931,False,,Khác / chưa xác định
2045,滴眼液、护眼用品,930,False,,Khác / chưa xác định
2046,木蜡油,929,False,,Khác / chưa xác định
2047,管夹,929,False,,Khác / chưa xác định
2048,软壳衣,929,False,,Khác / chưa xác định
2049,健脾益肾,928,False,,Khác / chưa xác định
2050,悠悠(溜溜)球,927,False,,Khác / chưa xác định
2051,网络高清播放器,927,False,,Khác / chưa xác định
2052,包饺子器,926,False,,Khác / chưa xác định
2053,家用雨伞架,926,False,,Khác / chưa xác định
2054,橙,926,False,,Khác / chưa xác định
2055,空调滤芯,926,False,,Điện lạnh & điều hòa
2056,轴承,926,False,,Khác / chưa xác định
2057,交换机,924,False,,Khác / chưa xác định
2058,机用锯条,924,False,,Dụng cụ cầm tay
2059,花露水,924,False,,Khác / chưa xác định
2060,束发带,923,False,,Khác / chưa xác định
2061,水性木器漆,923,False,,Khác / chưa xác định
2062,深沟球轴承,923,False,,Khác / chưa xác định
2063,袖/腿套/束管带,923,False,,Khác / chưa xác định
2064,手工串珠/穿珠/首饰编织,922,False,,Trang sức
2065,装饰坐盘/挂盘,921,False,,Dụng cụ nhà bếp
2066,宣传栏,920,False,,Khác / chưa xác định
2067,浴室角架/置物架,920,False,,Tủ & kệ lưu trữ
2068,干贝/瑶柱,919,False,,Khác / chưa xác định
2069,微波炉罩,919,False,,Thiết bị gia dụng nhỏ
2070,叠叠圈/叠套玩具,917,False,,Đồ chơi mô hình & điều khiển
2071,椅垫,917,False,,Khác / chưa xác định
2072,电茶炉/煮茶器/奶茶机,917,False,,"Trà, cà phê & đồ uống"
2073,防蚊贴/防蚊手环,917,False,,Khác / chưa xác định
2074,指甲钳,916,False,,Khác / chưa xác định
2075,沙滩外套,916,False,,Áo khoác & trang phục giữ ấm
2076,内衣收纳盒,915,False,,Khác / chưa xác định
2077,暖手宝,915,False,,Khác / chưa xác định
2078,肚围/护脐带,915,False,,Khác / chưa xác định
2079,轮胎维修工具,915,False,,Ô tô: phụ tùng & phụ kiện
2080,量勺,915,False,,Khác / chưa xác định
2081,圣诞树,914,False,,Khác / chưa xác định
2082,大班椅/老板椅,914,False,,Khác / chưa xác định
2083,按压式饮水器,914,False,,Khác / chưa xác định
2084,摩托车机油,913,False,,Ô tô: phụ tùng & phụ kiện
2085,主板,912,False,,Linh kiện máy tính
2086,增压器,912,False,,Khác / chưa xác định
2087,传动带,911,False,,Khác / chưa xác định
2088,砂带机,911,False,,Khác / chưa xác định
2089,防盗窗,911,False,,Khác / chưa xác định
2090,饭盒袋,911,False,,Khác / chưa xác định
2091,POP广告用品,910,False,,Khác / chưa xác định
2092,茶道/香炉,910,False,,Đồ dùng tôn giáo & phong thủy
2093,发电机,909,False,,Máy móc công nghiệp
2094,斩骨刀,908,False,,Khác / chưa xác định
2095,扩孔钻,906,False,,Khác / chưa xác định
2096,超声波驱蚊器/电子驱蚊器,905,False,,Khác / chưa xác định
2097,工装鞋,904,False,,Khác / chưa xác định
2098,怀表,904,False,,Khác / chưa xác định
2099,管堵,904,False,,Khác / chưa xác định
2100,培训椅（新增）,903,True,head,Dịch vụ & vé
2101,摩托车尾翼,903,False,,Ô tô: phụ tùng & phụ kiện
2102,开关电源,902,False,,Linh kiện & thiết bị điện
2103,旅行装/体验装,902,False,,Khác / chưa xác định
2104,秋千,902,False,,Đồ chơi ngoài trời
2105,门挡,901,False,,Khác / chưa xác định
2106,面镜,901,False,,Khác / chưa xác định
2107,生蚝,900,False,,Khác / chưa xác định
2108,电子琴,900,False,,Âm thanh & nhạc cụ
2109,空调控制面板,900,False,,Điện lạnh & điều hòa
2110,舞蹈鞋,900,False,,Khác / chưa xác định
2111,商用冰淇淋/甜筒/雪糕机,898,False,,Thiết bị thương mại
2112,手脚印,898,False,,Khác / chưa xác định
2113,图文信息/采集卡,897,False,,Khác / chưa xác định
2114,手把,897,False,,Khác / chưa xác định
2115,收发器,897,False,,Khác / chưa xác định
2116,智能儿童手表,896,False,,Đồng hồ
2117,电动批头,896,False,,Khác / chưa xác định
2118,胶带,895,False,,Văn phòng phẩm
2119,马桶套/马桶座圈,895,False,,Thiết bị phòng tắm
2120,乒乓球,894,False,,Thể thao bóng
2121,移动硬盘,894,False,,Dụng cụ nhà bếp
2122,沙滩车,893,False,,Khác / chưa xác định
2123,钢琴罩,893,False,,Âm thanh & nhạc cụ
2124,五金工具箱,890,False,,Dụng cụ cầm tay
2125,推拉力计,890,False,,Khác / chưa xác định
2126,杯子套装/情侣对杯,890,False,,Khác / chưa xác định
2127,刨冰/碎冰/冰沙机,889,False,,Khác / chưa xác định
2128,厨房置物架/角架,889,False,,Tủ & kệ lưu trữ
2129,同学录/纪念册,889,False,,Khác / chưa xác định
2130,煮蛋器/蒸蛋器,889,False,,Khác / chưa xác định
2131,电扇/风扇防尘罩,889,False,,Điện lạnh & điều hòa
2132,挂钩/粘钩,888,False,,Khác / chưa xác định
2133,逆变器,888,False,,Khác / chưa xác định
2134,沐浴球,887,False,,Chăm sóc cơ thể
2135,凉席/竹席/藤席/草席/牛皮席,886,False,,Khác / chưa xác định
2136,创意玩偶,884,True,tail,Búp bê & đồ chơi nhập vai
2137,围棋,884,False,,Khác / chưa xác định
2138,眼贴,884,False,,Khác / chưa xác định
2139,解放鞋/回力鞋/帆布鞋,884,False,,Giày nữ
2140,运动POLO衫,884,False,,Áo nam
2141,空气循环扇,883,False,,Khác / chưa xác định
2142,工艺船,882,False,,Khác / chưa xác định
2143,杯架,882,False,,Khác / chưa xác định
2144,全套勺铲,881,False,,Khác / chưa xác định
2145,暖气片/散热器,881,True,medium,Linh kiện máy tính
2146,美腿机/腿部训练器,881,False,,Khác / chưa xác định
2147,笔记本屏幕贴膜,880,False,,Máy tính & phụ kiện
2148,供桌,879,False,,Khác / chưa xác định
2149,整理隔板,879,False,,Khác / chưa xác định
2150,口香糖,878,False,,Khác / chưa xác định
2151,洗衣凝珠,878,False,,Khác / chưa xác định
2152,花边/蕾丝,878,False,,Khác / chưa xác định
2153,龙井茶（非西湖）,877,False,,Khác / chưa xác định
2154,乒乓球成品拍,876,False,,Thể thao bóng
2155,婴儿/儿童游泳圈,876,False,,Đồ dùng cho bé
2156,家具锁,876,False,,Khác / chưa xác định
2157,挡圈,876,False,,Khác / chưa xác định
2158,蒸格,876,False,,Khác / chưa xác định
2159,牙签,874,False,,Khác / chưa xác định
2160,冷冻鱿鱼,873,False,,"Thịt, cá & hải sản"
2161,旋转拖把,873,False,,Dụng cụ vệ sinh nhà cửa
2162,水具套装,873,False,,Khác / chưa xác định
2163,漏勺,873,False,,Khác / chưa xác định
2164,防撞条,873,False,,Ô tô: phụ tùng & phụ kiện
2165,寄存柜/快递柜,872,False,,Khác / chưa xác định
2166,围裙,870,False,,Khác / chưa xác định
2167,安全带,870,False,,Khác / chưa xác định
2168,桃,870,False,,Khác / chưa xác định
2169,迷你风扇,870,False,,Điện lạnh & điều hòa
2170,风湿骨外伤,870,False,,Khác / chưa xác định
2171,变压器,869,False,,Linh kiện & thiết bị điện
2172,礼金簿/签名册,868,False,,Khác / chưa xác định
2173,仿真照相机,866,False,,Camera & nhiếp ảnh
2174,餐桌+餐椅,866,False,,Nội thất phòng ăn
2175,墙体外保温体系,865,False,,Khác / chưa xác định
2176,钓鱼伞,864,False,,Câu cá & săn bắn
2177,家居袍/睡袍,863,False,,Đồ lót & đồ ngủ
2178,轴承座,863,False,,Khác / chưa xác định
2179,防雨布,863,False,,Khác / chưa xác định
2180,太阳能电池组件,862,False,,Khác / chưa xác định
2181,开水机,862,False,,Khác / chưa xác định
2182,电动/遥控船类,862,False,,Khác / chưa xác định
2183,芒果,862,False,,Khác / chưa xác định
2184,救生衣,861,False,,Khác / chưa xác định
2185,洗脸刷/化妆刷,861,False,,Trang điểm
2186,日照绿茶,860,False,,"Trà, cà phê & đồ uống"
2187,照明电筒,860,False,,Đèn & chiếu sáng
2188,空调旋钮,860,False,,Điện lạnh & điều hòa
2189,花坛,860,False,,Khác / chưa xác định
2190,螺丝批组套,860,False,,Khác / chưa xác định
2191,造口袋,860,False,,Khác / chưa xác định
2192,厨房点火器/点火棒,859,False,,Khác / chưa xác định
2193,煎铲,859,False,,Khác / chưa xác định
2194,节拍器,859,False,,Khác / chưa xác định
2195,口腔清新剂,858,False,,Chăm sóc răng miệng
2196,膨胀螺丝,858,False,,Khác / chưa xác định
2197,赛车鞋,857,False,,Khác / chưa xác định
2198,防水材料,856,False,,Khác / chưa xác định
2199,静电防护刷,856,False,,Khác / chưa xác định
2200,肩带,855,False,,Khác / chưa xác định
2201,箫,854,False,,Khác / chưa xác định
2202,宝宝防晒乳/露,853,False,,Chăm sóc da mặt
2203,垃圾筒/烟灰皿,852,False,,Khác / chưa xác định
2204,电动车外胎,852,False,,Xe đạp & xe điện
2205,学习机/教育伴学机,851,False,,Khác / chưa xác định
2206,调味瓶罐,851,False,,Khác / chưa xác định
2207,运动棉衣,851,False,,Áo khoác & trang phục giữ ấm
2208,分配器/分频器/分支器,850,False,,Khác / chưa xác định
2209,钉,850,False,,Khác / chưa xác định
2210,塑料摇臂喷头,849,False,,Khác / chưa xác định
2211,应急包/自救包,849,False,,Khác / chưa xác định
2212,鞋刷/鞋擦,849,False,,Phụ kiện giày
2213,鱼缸净水剂,849,False,,Khác / chưa xác định
2214,花架,848,False,,Nông nghiệp & làm vườn
2215,收纳挂袋,847,False,,Khác / chưa xác định
2216,耳勺,847,False,,Khác / chưa xác định
2217,公园椅,846,False,,Khác / chưa xác định
2218,灯附件,846,False,,Khác / chưa xác định
2219,名片盒,845,False,,Văn phòng phẩm
2220,大型篱笆/栅栏,845,False,,Khác / chưa xác định
2221,乘用车轮胎,844,False,,Ô tô: phụ tùng & phụ kiện
2222,坐垫/鞍座,843,False,,Ô tô: phụ tùng & phụ kiện
2223,国画颜料,842,False,,Đồ thủ công & mỹ thuật
2224,台球桌,841,False,,Khác / chưa xác định
2225,寿司套件/料理套件,841,False,,Khác / chưa xác định
2226,教学仪器/实验器材,841,False,,Thiết bị xét nghiệm & phòng thí nghiệm
2227,跳跳玩具/跳跃类运动,841,False,,Đồ chơi mô hình & điều khiển
2228,通用变频器,841,False,,Khác / chưa xác định
2229,挂饰/挂牌,840,False,,Khác / chưa xác định
2230,挂钩/挂球,839,False,,Khác / chưa xác định
2231,随身化妆镜,839,False,,Mỹ phẩm dụng cụ & phụ kiện
2232,情侣装泳衣,838,False,,Đồ bơi & thể thao nước
2233,机床工具,837,False,,Máy móc công nghiệp
2234,水牙线/家用冲牙器,837,False,,Chăm sóc răng miệng
2235,车身维修工具,837,False,,Khác / chưa xác định
2236,调音器,834,False,,Khác / chưa xác định
2237,运动壶/旅行壶,833,False,,Khác / chưa xác định
2238,皂网/架,832,False,,Khác / chưa xác định
2239,斜嘴钳,831,False,,Khác / chưa xác định
2240,服务器/Server,831,True,medium,Dịch vụ & vé
2241,电磁继电器,831,False,,Khác / chưa xác định
2242,百香果,831,False,,Khác / chưa xác định
2243,防冻液,831,False,,Khác / chưa xác định
2244,护发精油,830,False,,Nước hoa & hương thơm
2245,柜内裤架,830,False,,Đồ lót & đồ ngủ
2246,水份仪,830,False,,Khác / chưa xác định
2247,拉花,829,False,,Khác / chưa xác định
2248,搓脚板/洗脚刷/磨脚石,829,False,,Khác / chưa xác định
2249,机柜,829,False,,Khác / chưa xác định
2250,线盒,829,False,,Khác / chưa xác định
2251,胶棉拖把,828,False,,Dụng cụ vệ sinh nhà cửa
2252,USB灯,827,False,,Khác / chưa xác định
2253,亲子家庭装,826,False,,Khác / chưa xác định
2254,口罩收纳盒/袋/夹,826,False,,"Mũ, khăn & găng tay"
2255,自行车外胎,824,False,,Xe đạp & xe điện
2256,相机背带,823,False,,Camera & nhiếp ảnh
2257,汽油发电机,822,False,,Máy móc công nghiệp
2258,电熨斗,822,False,,Khác / chưa xác định
2259,配线槽,822,False,,Khác / chưa xác định
2260,扇子,821,False,,Khác / chưa xác định
2261,抱婴腰带/腰凳,821,False,,"Mũ, khăn & găng tay"
2262,枣,821,False,,Khác / chưa xác định
2263,生鸡翅,821,False,,Khác / chưa xác định
2264,小提琴,820,False,,Khác / chưa xác định
2265,羽毛球包,818,False,,Thể thao bóng
2266,萨克斯风,818,False,,Khác / chưa xác định
2267,耳套,816,False,,Khác / chưa xác định
2268,针管笔,816,False,,Văn phòng phẩm
2269,金属探测器,815,False,,Khác / chưa xác định
2270,烧烤炭,814,False,,Khác / chưa xác định
2271,印台,813,False,,Khác / chưa xác định
2272,支架灯,813,False,,Linh kiện & thiết bị điện
2273,滤酒器,813,False,,Khác / chưa xác định
2274,饭勺,813,False,,Khác / chưa xác định
2275,汽车车衣,812,False,,Ô tô: phụ tùng & phụ kiện
2276,男士沐浴露,812,False,,Chăm sóc cơ thể
2277,文化创意餐具,811,False,,Dụng cụ nhà bếp
2278,电阻测试仪,811,False,,Khác / chưa xác định
2279,美臀垫/保健坐垫,811,False,,Ô tô: phụ tùng & phụ kiện
2280,织布机/手工编织/刺绣类,810,False,,Đồ thủ công & mỹ thuật
2281,婴童蚊帐,809,False,,Chăn ga gối đệm
2282,手腕花,809,False,,Khác / chưa xác định
2283,筹码,808,False,,Khác / chưa xác định
2284,嵌入式硬盘录像机,807,False,,Dụng cụ nhà bếp
2285,床尾凳,807,False,,Khác / chưa xác định
2286,汤勺,807,False,,Khác / chưa xác định
2287,计数器,806,False,,Khác / chưa xác định
2288,黄山毛峰,806,False,,Khác / chưa xác định
2289,吊钩/抓钩,805,False,,Khác / chưa xác định
2290,茶托,804,False,,Khác / chưa xác định
2291,洗车海绵/洗车泥,803,False,,Khác / chưa xác định
2292,电热工具,803,False,,"Nồi, chảo & đồ nấu ăn"
2293,工业电炉,802,False,,Máy móc công nghiệp
2294,椅套,802,False,,Khác / chưa xác định
2295,黑胶唱片机,802,False,,"Sách, tạp chí & âm nhạc"
2296,隐形眼镜伴侣盒,801,False,,Kính mắt & kính áp tròng
2297,沙发凳/脚踏,800,False,,Nội thất phòng khách
2298,饵料盒,800,False,,Khác / chưa xác định
2299,宝宝洗衣皂,799,False,,Đồ dùng cho bé
2300,扫把,798,False,,Dụng cụ vệ sinh nhà cửa
2301,甲醛清除剂,798,False,,Khác / chưa xác định
2302,皮布沙发,798,False,,Nội thất phòng khách
2303,内六角扳手,797,False,,Dụng cụ cầm tay
2304,花草茶具,796,False,,Bình nước & đồ uống
2305,台虎钳,795,False,,Khác / chưa xác định
2306,手胶/吸汗带,795,False,,Khác / chưa xác định
2307,桑拿汗蒸浴箱/桶/袋,795,False,,Khác / chưa xác định
2308,电流互感器,795,False,,Khác / chưa xác định
2309,计划表,794,False,,Khác / chưa xác định
2310,盆,793,False,,Khác / chưa xác định
2311,圆车刀,792,False,,Khác / chưa xác định
2312,综合训练鞋/室内健身鞋,792,False,,Tập luyện & thể hình
2313,信号灯/发光棒/救生灯,791,False,,Khác / chưa xác định
2314,兔兔主粮,791,False,,Khác / chưa xác định
2315,进气总管,791,False,,Khác / chưa xác định
2316,空调防尘罩,790,False,,Điện lạnh & điều hòa
2317,按摩油,789,False,,Khác / chưa xác định
2318,按摩足疗机,789,False,,Khác / chưa xác định
2319,兰蔻 水份缘化妆水,788,False,,Chăm sóc da mặt
2320,婴童床品套件,788,False,,Chăn ga gối đệm
2321,皮裤,788,False,,Khác / chưa xác định
2322,口鼻清洁杀菌消炎剂,787,False,,Khác / chưa xác định
2323,车载MP3/MP4,787,False,,Ô tô: phụ tùng & phụ kiện
2324,幸运星/瓶,786,False,,Khác / chưa xác định
2325,琴弦,786,False,,Khác / chưa xác định
2326,G/F字夹,785,False,,Khác / chưa xác định
2327,冷冻章鱼,785,False,,"Thịt, cá & hải sản"
2328,飘逸杯,785,False,,Khác / chưa xác định
2329,餐具笼/架,785,False,,Dụng cụ nhà bếp
2330,汗蒸服,784,False,,Khác / chưa xác định
2331,防潮膜（地板膜）,784,False,,Vật liệu xây dựng
2332,雨衣/雨裤/雨披,784,False,,Khác / chưa xác định
2333,手推学步玩具,783,False,,Đồ chơi mô hình & điều khiển
2334,固态继电器,782,False,,Khác / chưa xác định
2335,尖嘴钳,782,False,,Khác / chưa xác định
2336,十字卡,780,False,,Khác / chưa xác định
2337,衣杆,780,False,,Khác / chưa xác định
2338,按摩披肩/肩背敲击按摩带,779,False,,Khác / chưa xác định
2339,订书钉,779,False,,Khác / chưa xác định
2340,颜料,779,False,,Đồ thủ công & mỹ thuật
2341,游戏叠叠乐,778,False,,Khác / chưa xác định
2342,户外桌子,776,False,,Cắm trại & dã ngoại
2343,铁艺沙发,776,False,,Nội thất phòng khách
2344,建筑模板,774,False,,Khác / chưa xác định
2345,蓝莓,774,False,,Khác / chưa xác định
2346,雨披/雨衣,774,False,,Khác / chưa xác định
2347,洗鼻器／吸鼻器,772,False,,Khác / chưa xác định
2348,润滑油,772,False,,Nhiên liệu & phụ gia
2349,笔记本电池,772,False,,Máy tính & phụ kiện
2350,大衣/西服罩,770,False,,Áo khoác & trang phục giữ ấm
2351,摩托车喇叭/音响,770,False,,Thiết bị điện tử gia đình
2352,隔音板,770,False,,Khác / chưa xác định
2353,风扇,770,False,,Điện lạnh & điều hòa
2354,原木木方,769,False,,Khác / chưa xác định
2355,隐形眼镜,769,False,,Kính mắt & kính áp tròng
2356,扭力扳手,768,False,,Dụng cụ cầm tay
2357,成套灯具,767,False,,Đèn & chiếu sáng
2358,智能摄像,767,False,,Khác / chưa xác định
2359,安全锤工具,766,False,,Khác / chưa xác định
2360,集成灶,766,False,,Khác / chưa xác định
2361,启动马达,765,False,,Khác / chưa xác định
2362,拾音器,765,False,,Khác / chưa xác định
2363,文化创意冰箱贴,765,False,,Điện lạnh & điều hòa
2364,滑雪衣,765,False,,Khác / chưa xác định
2365,点火器,765,False,,Khác / chưa xác định
2366,伏特加/Vodka,763,False,,Khác / chưa xác định
2367,坦克/军事战车,763,False,,Khác / chưa xác định
2368,海螺/贝壳/珊瑚,762,False,,Khác / chưa xác định
2369,工兵铲/工兵锹,761,False,,Khác / chưa xác định
2370,马刀锯/往复锯,761,False,,Dụng cụ cầm tay
2371,切断车刀,760,False,,Khác / chưa xác định
2372,嘴套,760,False,,Khác / chưa xác định
2373,除螨仪,760,False,,Khác / chưa xác định
2374,音响脚架/机架,760,False,,Thiết bị điện tử gia đình
2375,不倒翁,759,False,,Khác / chưa xác định
2376,古琴,759,False,,Khác / chưa xác định
2377,截止阀,759,False,,Khác / chưa xác định
2378,卷尺,758,False,,Khác / chưa xác định
2379,显卡,758,False,,Linh kiện máy tính
2380,水表,758,False,,Khác / chưa xác định
2381,羽绒马甲,758,False,,Áo nam
2382,足浴/桑拿沙发,758,False,,Nội thất phòng khách
2383,健美操套装,757,False,,Khác / chưa xác định
2384,效果器(舞台),757,False,,Âm thanh & nhạc cụ
2385,音频模块/功放模块,757,False,,Thiết bị điện tử gia đình
2386,哨片,756,False,,Khác / chưa xác định
2387,演讲台,756,False,,Khác / chưa xác định
2388,锅组套装,756,False,,Khác / chưa xác định
2389,毛巾/浴巾/吸水毛巾,755,False,,"Rèm, thảm & vải gia dụng"
2390,炕几,755,False,,Khác / chưa xác định
2391,电子数显卡尺,755,False,,Linh kiện máy tính
2392,夹子,754,False,,Khác / chưa xác định
2393,笔类,754,False,,Văn phòng phẩm
2394,万能盖巾,753,False,,Khác / chưa xác định
2395,保温碟/垫,753,False,,Khác / chưa xác định
2396,化妆镜,753,False,,Mỹ phẩm dụng cụ & phụ kiện
2397,喜糖,752,False,,Khác / chưa xác định
2398,小型晒衣架,752,False,,Khác / chưa xác định
2399,手机信号放大器,752,False,,Điện thoại & phụ kiện
2400,苹果视频线/转换线,752,True,tail,Gia vị & thực phẩm khô
2401,常用简易接头,751,False,,Khác / chưa xác định
2402,摩托车车架,751,False,,Khác / chưa xác định
2403,瑜伽砖,751,False,,Tập luyện & thể hình
2404,笔记本膝上桌,751,False,,Máy tính & phụ kiện
2405,酸度计,751,False,,Khác / chưa xác định
2406,刹车片/刹车系统,750,False,,Khác / chưa xác định
2407,即食板栗,750,False,,Khác / chưa xác định
2408,感应灯,750,False,,Khác / chưa xác định
2409,榻榻米定制,750,False,,Khác / chưa xác định
2410,儿童坐便凳,749,False,,Khác / chưa xác định
2411,监控显示器,749,False,,Máy tính & phụ kiện
2412,碧螺春,749,False,,Khác / chưa xác định
2413,干燥箱,748,False,,Khác / chưa xác định
2414,明插销,748,False,,Khác / chưa xác định
2415,音频/视频无线传输器材,748,False,,Khác / chưa xác định
2416,投资贵金属,747,False,,Khác / chưa xác định
2417,摩托车减震器,747,False,,Khác / chưa xác định
2418,汽车座椅,747,False,,Ô tô: phụ tùng & phụ kiện
2419,取暖炉,746,False,,Khác / chưa xác định
2420,电子温湿度计,746,False,,Khác / chưa xác định
2421,花果果粒茶,746,False,,"Trà, cà phê & đồ uống"
2422,鸡胸,745,False,,Khác / chưa xác định
2423,普通稳压器,744,False,,Khác / chưa xác định
2424,松子,744,False,,Khác / chưa xác định
2425,脚撑/停车架/骑行台,744,False,,Khác / chưa xác định
2426,钢丝球,744,False,,Khác / chưa xác định
2427,电蚊拍,743,False,,Khác / chưa xác định
2428,晒衣篮,742,False,,Khác / chưa xác định
2429,微波炉,741,False,,Thiết bị gia dụng nhỏ
2430,握力器,741,False,,Khác / chưa xác định
2431,汽油机,741,False,,Khác / chưa xác định
2432,盘发器,741,False,,Dụng cụ nhà bếp
2433,奶瓶果蔬清洗液,740,False,,Đồ dùng cho bé
2434,带轮,740,False,,Khác / chưa xác định
2435,钢丝吊码,740,False,,Khác / chưa xác định
2436,水族药品药剂,739,False,,Sức khỏe & thiết bị y tế
2437,床刷,738,False,,Khác / chưa xác định
2438,梨,738,False,,Khác / chưa xác định
2439,皮草/仿皮草,737,False,,Áo khoác & trang phục giữ ấm
2440,蚊帐,737,False,,Chăn ga gối đệm
2441,训练器,737,False,,Khác / chưa xác định
2442,谱架/谱台,737,False,,Khác / chưa xác định
2443,车轮锁/车位锁,737,False,,Khác / chưa xác định
2444,头部防护用品,736,False,,Khác / chưa xác định
2445,宝宝剪刀/指甲钳,736,False,,Đồ dùng cho bé
2446,球迷用品,734,False,,Khác / chưa xác định
2447,窝,734,False,,Khác / chưa xác định
2448,自行车把套,734,False,,Xe đạp & xe điện
2449,拳击护具,732,False,,Sức khỏe & thiết bị y tế
2450,漏斗,732,False,,Khác / chưa xác định
2451,门禁读卡器,732,False,,Khác / chưa xác định
2452,麻花钻,732,False,,Khác / chưa xác định
2453,手部防护用品,731,False,,Khác / chưa xác định
2454,方向助力泵,731,False,,Khác / chưa xác định
2455,汽车儿童安全座椅,731,False,,Ô tô: phụ tùng & phụ kiện
2456,家居裤/睡裤,730,False,,Khác / chưa xác định
2457,脏衣篮,730,False,,Khác / chưa xác định
2458,眼镜袋,729,False,,Kính mắt & kính áp tròng
2459,花园管/软管/包纱管,729,False,,Khác / chưa xác định
2460,和室几桌,728,False,,Khác / chưa xác định
2461,婴儿手抓球,728,False,,Đồ dùng cho bé
2462,身体皂,728,False,,Khác / chưa xác định
2463,润滑设备及工具,727,False,,Khác / chưa xác định
2464,笔记本电源,727,False,,Máy tính & phụ kiện
2465,虾仁,727,False,,Khác / chưa xác định
2466,足膜,727,False,,Khác / chưa xác định
2467,车掸/蜡拖,727,False,,Khác / chưa xác định
2468,黄鱼,726,False,,"Thịt, cá & hải sản"
2469,奶瓶刷/奶嘴刷,724,False,,Đồ dùng cho bé
2470,快装板,724,False,,Khác / chưa xác định
2471,角尺,724,False,,Khác / chưa xác định
2472,中国象棋,722,False,,Khác / chưa xác định
2473,漂白剂,722,False,,Khác / chưa xác định
2474,数码显微镜,721,False,,Thiết bị xét nghiệm & phòng thí nghiệm
2475,水塞,721,False,,Khác / chưa xác định
2476,刹车片,720,False,,Khác / chưa xác định
2477,厨师机/和面机,720,False,,Khác / chưa xác định
2478,名字贴,720,False,,Khác / chưa xác định
2479,充电器,719,False,,Điện thoại & phụ kiện
2480,孔车刀,719,False,,Khác / chưa xác định
2481,钢板网,719,False,,Khác / chưa xác định
2482,开心果,718,False,,Khác / chưa xác định
2483,兰蔻 小黑瓶面部精华,717,False,,Chăm sóc da mặt
2484,家用工具组套,717,False,,Khác / chưa xác định
2485,三节甩棍/伸缩棍,716,False,,Khác / chưa xác định
2486,口腔护理套装,716,False,,Chăm sóc răng miệng
2487,床,716,False,,Nội thất phòng ngủ
2488,三角巾,715,False,,Khác / chưa xác định
2489,摆臂球头,715,False,,Khác / chưa xác định
2490,丰胸乳霜,714,False,,Khác / chưa xác định
2491,漏食球,714,False,,Khác / chưa xác định
2492,被子防尘袋,714,False,,Chăn ga gối đệm
2493,根雕,712,False,,Khác / chưa xác định
2494,电陶炉,712,False,,"Nồi, chảo & đồ nấu ăn"
2495,太空豆,711,False,,Khác / chưa xác định
2496,示波器,711,False,,Khác / chưa xác định
2497,三明治机,709,False,,Khác / chưa xác định
2498,窗帘扣,709,False,,"Rèm, thảm & vải gia dụng"
2499,财务证明用品,709,False,,Khác / chưa xác định
2500,车用灭火器,709,True,medium,Phòng cháy chữa cháy
2501,尺子,708,False,,Khác / chưa xác định
2502,调奶器,708,False,,Khác / chưa xác định
2503,自行车刹车装置,707,False,,Xe đạp & xe điện
2504,角码,707,False,,Khác / chưa xác định
2505,土豆,706,False,,Khác / chưa xác định
2506,手提秤/挂秤,706,False,,Khác / chưa xác định
2507,调音台(舞台),706,False,,Khác / chưa xác định
2508,门板,705,False,,Khác / chưa xác định
2509,化妆品展柜,704,False,,Khác / chưa xác định
2510,纱窗/纱门,704,False,,Khác / chưa xác định
2511,自行车手套,704,False,,"Mũ, khăn & găng tay"
2512,摩托车仪表,703,False,,Khác / chưa xác định
2513,棘轮扳手,703,False,,Dụng cụ cầm tay
2514,浴擦,703,False,,Khác / chưa xác định
2515,电动车反光镜,703,False,,Xe đạp & xe điện
2516,切片机/切肉机,702,False,,Khác / chưa xác định
2517,按摩床,702,False,,Nội thất phòng ngủ
2518,蒸汽清洁机,702,False,,Thiết bị gia dụng nhỏ
2519,雪茄剪/刀,702,False,,Đồ dùng hút thuốc
2520,保温袋,701,False,,Khác / chưa xác định
2521,开关贴,701,False,,Linh kiện & thiết bị điện
2522,风速仪,701,False,,Khác / chưa xác định
2523,勾线笔,700,False,,Văn phòng phẩm
2524,宝宝洗手液,700,False,,Chăm sóc cơ thể
2525,瑜伽袜子,700,False,,Tập luyện & thể hình
2526,生姜,700,False,,Khác / chưa xác định
2527,喷泉/水景景观喷头,699,False,,Khác / chưa xác định
2528,拉杆箱,699,False,,Túi xách & vali
2529,奶粉储存盒/奶粉盒,698,False,,Sữa & thực phẩm cho bé
2530,指示表,698,False,,Khác / chưa xác định
2531,车载加热/保温杯,697,False,,Bình nước & đồ uống
2532,普通数码相机,696,True,tail,Camera & nhiếp ảnh
2533,运动毛巾,696,False,,"Rèm, thảm & vải gia dụng"
2534,高压线,696,False,,Văn phòng phẩm
2535,吸铁石/磁铁/强磁/巴克球,695,False,,Khác / chưa xác định
2536,奇异果/猕猴桃,695,False,,Khác / chưa xác định
2537,成套监控系统,695,False,,Thiết bị mạng & an ninh
2538,红丹粉/铅红,695,False,,Khác / chưa xác định
2539,水口钳,694,False,,Khác / chưa xác định
2540,排梳,693,False,,Khác / chưa xác định
2541,桌脚垫,693,False,,Ô tô: phụ tùng & phụ kiện
2542,甩脂机/律动机,693,False,,Khác / chưa xác định
2543,蒸汽刷/手持挂烫机,693,False,,Thiết bị gia dụng nhỏ
2544,夏威夷果,692,False,,Khác / chưa xác định
2545,男士爽肤水,692,False,,Chăm sóc da mặt
2546,鞋撑,692,False,,Khác / chưa xác định
2547,鱿鱼干,692,False,,"Thịt, cá & hải sản"
2548,清洁套装,691,False,,Khác / chưa xác định
2549,卤肉类,689,False,,Khác / chưa xác định
2550,涨紧轮,689,False,,Khác / chưa xác định
2551,防霉防蛀,688,False,,Khác / chưa xác định
2552,鞋子,688,False,,Khác / chưa xác định
2553,洗衣机罩,687,False,,Điện lạnh & điều hòa
2554,脚踏/轴承/滚珠,687,False,,Khác / chưa xác định
2555,咖啡滤纸,686,False,,"Trà, cà phê & đồ uống"
2556,砂纸机,686,False,,Khác / chưa xác định
2557,草莓干,685,False,,Khác / chưa xác định
2558,槟榔,684,False,,Khác / chưa xác định
2559,商用制冰机,683,False,,Thiết bị thương mại
2560,家饰软装搭配套装,682,False,,Khác / chưa xác định
2561,席位卡,682,False,,Khác / chưa xác định
2562,足霜,682,False,,Khác / chưa xác định
2563,锯片,682,False,,Dụng cụ cầm tay
2564,鞋罩/靴罩/鞋袋,681,False,,Khác / chưa xác định
2565,油漆刷/滚筒,680,False,,Khác / chưa xác định
2566,田径运动鞋,680,False,,Giày thể thao
2567,电热杯,680,False,,"Nồi, chảo & đồ nấu ăn"
2568,台锯,679,True,tail,Dụng cụ cầm tay
2569,笔记本个性小贴纸,679,True,rare,Máy tính & phụ kiện
2570,蔬菜干,679,False,,Khác / chưa xác định
2571,伴手礼,678,False,,Khác / chưa xác định
2572,坐便椅,677,False,,Khác / chưa xác định
2573,电视机罩,677,False,,Thiết bị điện tử gia đình
2574,天文望远镜,676,False,,Kính mắt & kính áp tròng
2575,玻璃夹,676,False,,Khác / chưa xác định
2576,蓝牙模块,675,False,,Khác / chưa xác định
2577,加香机,674,False,,Khác / chưa xác định
2578,卡林巴/拇指琴,674,False,,Khác / chưa xác định
2579,挥杆练习器,673,False,,Khác / chưa xác định
2580,桑拿手牌,673,False,,Khác / chưa xác định
2581,风镜,673,False,,Khác / chưa xác định
2582,晾衣杆,671,False,,Khác / chưa xác định
2583,海带零食,671,False,,Đồ ăn vặt
2584,色子/骰子,671,False,,Khác / chưa xác định
2585,活扳手,670,False,,Dụng cụ cầm tay
2586,转换器,669,False,,Khác / chưa xác định
2587,光纤终端盒,668,False,,Khác / chưa xác định
2588,游标卡尺,667,False,,Khác / chưa xác định
2589,厨房小工具套装,666,False,,Dụng cụ nhà bếp
2590,气门部件,666,False,,Khác / chưa xác định
2591,皮带,665,False,,"Mũ, khăn & găng tay"
2592,空调清洁剂,665,False,,Dụng cụ vệ sinh nhà cửa
2593,两用扳手,664,False,,Dụng cụ cầm tay
2594,健身车/动感单车,664,False,,Tập luyện & thể hình
2595,时间继电器,664,False,,Khác / chưa xác định
2596,家用气体检测报警器,663,False,,Thiết bị mạng & an ninh
2597,界铝机,663,False,,Khác / chưa xác định
2598,膨胀螺栓,663,False,,Khác / chưa xác định
2599,面包架,663,False,,Khác / chưa xác định
2600,高尔夫手套,663,False,,"Mũ, khăn & găng tay"
2601,回音壁音响,662,False,,Thiết bị điện tử gia đình
2602,换气模块,662,False,,Khác / chưa xác định
2603,电动车遮阳伞,661,False,,Xe đạp & xe điện
2604,羊角锤,661,False,,Khác / chưa xác định
2605,肚皮舞腰链,661,False,,Đồng phục & trang phục biểu diễn
2606,花托/移动托盘,660,False,,Dụng cụ nhà bếp
2607,遮光罩,659,False,,Khác / chưa xác định
2608,飞行棋,659,False,,Khác / chưa xác định
2609,线缆钳,658,False,,Khác / chưa xác định
2610,后备箱弹簧助力器,657,False,,Khác / chưa xác định
2611,水拖,657,False,,Khác / chưa xác định
2612,浴帘杆,657,False,,Khác / chưa xác định
2613,高尔夫球包,657,False,,Thể thao bóng
2614,切纸刀,656,False,,Khác / chưa xác định
2615,祛螨包,656,False,,Khác / chưa xác định
2616,贵妃椅,656,False,,Khác / chưa xác định
2617,鱼鳞刨,656,False,,Khác / chưa xác định
2618,鸟,656,False,,Khác / chưa xác định
2619,肉丸/肉串,655,False,,Khác / chưa xác định
2620,自行车头巾,655,False,,Xe đạp & xe điện
2621,扒胎机,654,False,,Khác / chưa xác định
2622,三滤套装,653,False,,Khác / chưa xác định
2623,鹅肉,653,False,,Khác / chưa xác định
2624,搓泥浴宝,652,False,,Khác / chưa xác định
2625,多米诺骨牌,651,False,,Khác / chưa xác định
2626,解码器,650,False,,Khác / chưa xác định
2627,红酒架/柜,649,False,,Rượu vang & rượu mạnh
2628,组合套装,649,False,,Khác / chưa xác định
2629,幼儿园专用床（原婴童）,648,False,,Khác / chưa xác định
2630,滑雪护具,648,False,,Sức khỏe & thiết bị y tế
2631,路锥/方锥/反光锥,648,False,,Khác / chưa xác định
2632,吸色片,647,False,,Khác / chưa xác định
2633,婴儿健身器,646,False,,Đồ dùng cho bé
2634,户外功能手表,646,False,,Đồng hồ
2635,引擎维修工具,645,False,,Khác / chưa xác định
2636,榴莲,645,False,,Khác / chưa xác định
2637,滑动轴承,645,False,,Khác / chưa xác định
2638,眼镜货架,645,False,,Kính mắt & kính áp tròng
2639,打地鼠/敲击果虫,644,False,,Khác / chưa xác định
2640,抄网,644,False,,Khác / chưa xác định
2641,茶几+电视柜,643,False,,Nội thất phòng khách
2642,生理裤,642,False,,Khác / chưa xác định
2643,纸巾套,641,False,,Khác / chưa xác định
2644,凉菜/凉拌,639,False,,Khác / chưa xác định
2645,单控开关,639,False,,Linh kiện & thiết bị điện
2646,浴帽,639,False,,Khác / chưa xác định
2647,自动喂食器,639,False,,Khác / chưa xác định
2648,便携/折叠餐具,638,False,,Dụng cụ nhà bếp
2649,链轮,638,False,,Khác / chưa xác định
2650,齿轮,638,False,,Khác / chưa xác định
2651,卫生棉条,637,False,,Khác / chưa xác định
2652,可爱印泥,637,False,,Khác / chưa xác định
2653,杀菌消毒设备,636,False,,Khác / chưa xác định
2654,水果架,636,False,,Khác / chưa xác định
2655,整蛊用品,633,False,,Khác / chưa xác định
2656,电动手拍鼓,633,False,,Khác / chưa xác định
2657,舒适进入,633,False,,Khác / chưa xác định
2658,通花板,633,False,,Khác / chưa xác định
2659,遥控器套,633,False,,Khác / chưa xác định
2660,铝合金阳光房,633,False,,Khác / chưa xác định
2661,飘窗柜,633,False,,Khác / chưa xác định
2662,马克杯盖,633,False,,Khác / chưa xác định
2663,杀菌灯具,632,False,,Đèn & chiếu sáng
2664,野餐篮/鸡蛋蓝/食品袋,632,False,,Cắm trại & dã ngoại
2665,电动车坐垫,630,False,,Ô tô: phụ tùng & phụ kiện
2666,鞋套,630,False,,Khác / chưa xác định
2667,健美操下装,629,False,,Khác / chưa xác định
2668,厨房墙壁置物架/厨房墙壁挂架,629,False,,Tủ & kệ lưu trữ
2669,电动折叠后视镜,629,False,,Khác / chưa xác định
2670,吊柜/壁柜,628,False,,Khác / chưa xác định
2671,海蜇,628,False,,Khác / chưa xác định
2672,装饰架/装饰搁板,628,False,,Khác / chưa xác định
2673,静电除尘纸,628,False,,Khác / chưa xác định
2674,鸡熟食,628,False,,Khác / chưa xác định
2675,6角套筒,627,False,,Khác / chưa xác định
2676,圆规,627,False,,Khác / chưa xác định
2677,摩托车车衣/车罩,627,False,,Khác / chưa xác định
2678,洒水/浇水壶,627,False,,Bình nước & đồ uống
2679,榻榻米垫,626,False,,Khác / chưa xác định
2680,男士面膜,626,False,,Chăm sóc da mặt
2681,切切看,625,False,,Khác / chưa xác định
2682,机用丝锥,625,False,,Khác / chưa xác định
2683,电子玩具,625,False,,Đồ chơi mô hình & điều khiển
2684,耙子,625,False,,Khác / chưa xác định
2685,启动杆/刹车拉杆,624,False,,Khác / chưa xác định
2686,安全链/扣,624,False,,Khác / chưa xác định
2687,松紧带,624,False,,Khác / chưa xác định
2688,铁皮剪,624,False,,Khác / chưa xác định
2689,保险片,623,False,,Khác / chưa xác định
2690,茶巾,623,False,,Khác / chưa xác định
2691,摩托车脚踏板,622,False,,Ô tô: phụ tùng & phụ kiện
2692,焊炬/枪,622,False,,Khác / chưa xác định
2693,玻璃清洁剂,622,False,,Dụng cụ vệ sinh nhà cửa
2694,八音盒/音乐盒,621,False,,Thiết bị điện tử gia đình
2695,锅盖,621,False,,Khác / chưa xác định
2696,停车牌,620,False,,Khác / chưa xác định
2697,切蛋器,620,False,,Khác / chưa xác định
2698,居家亚麻拖鞋,620,False,,Khác / chưa xác định
2699,卤钨灯,619,False,,Khác / chưa xác định
2700,摩托车外壳,619,False,,Khác / chưa xác định
2701,海洋球/波波球,619,False,,Khác / chưa xác định
2702,磨刀石,619,False,,Khác / chưa xác định
2703,虫胶漆片,619,False,,Khác / chưa xác định
2704,贴章/魔术贴章,619,False,,Khác / chưa xác định
2705,花艺纱网/纺织布,618,False,,Khác / chưa xác định
2706,五金工具货架,617,False,,Tủ & kệ lưu trữ
2707,祁门红茶,617,False,,"Trà, cà phê & đồ uống"
2708,取暖桌,616,False,,Khác / chưa xác định
2709,轻便车/通勤自行车,616,False,,Xe đạp & xe điện
2710,停车号码牌,614,False,,Khác / chưa xác định
2711,大蒜,614,False,,Khác / chưa xác định
2712,水晶珠/玻璃珠,614,False,,Khác / chưa xác định
2713,电动摩托车,614,False,,Khác / chưa xác định
2714,汽车电瓶/蓄电池,613,False,,Ô tô: phụ tùng & phụ kiện
2715,喜饼/诞生礼饼,612,False,,Khác / chưa xác định
2716,零件盒,612,False,,Khác / chưa xác định
2717,红外摄像机,611,False,,Camera & nhiếp ảnh
2718,儿童乳液/面霜,610,False,,Chăm sóc da mặt
2719,冷藏展示柜,610,False,,Nội thất phòng khách
2720,卫生巾收纳包,610,False,,Khác / chưa xác định
2721,猪排,610,False,,Khác / chưa xác định
2722,敲肉锤,609,False,,Khác / chưa xác định
2723,色卡,609,False,,Khác / chưa xác định
2724,臭豆腐,607,False,,Khác / chưa xác định
2725,锄头,607,False,,Khác / chưa xác định
2726,即热式热水器,606,False,,Khác / chưa xác định
2727,摩托车后视镜,606,False,,Khác / chưa xác định
2728,火车模型,606,False,,Đồ chơi mô hình & điều khiển
2729,蜗轮蜗杆减速机,606,False,,Khác / chưa xác định
2730,奶瓶把/手柄,605,False,,Đồ dùng cho bé
2731,教鞭,605,False,,Khác / chưa xác định
2732,咪罩,604,False,,Khác / chưa xác định
2733,抽芯铆钉,604,False,,Khác / chưa xác định
2734,瓶/罐,604,False,,Khác / chưa xác định
2735,实验柜,602,False,,Khác / chưa xác định
2736,现代舞配件,602,False,,Khác / chưa xác định
2737,螺丝机,602,False,,Khác / chưa xác định
2738,装鱼桶,601,False,,Khác / chưa xác định
2739,酒店单间/标间/成套家具,601,False,,Khác / chưa xác định
2740,PCB电路板/印刷线路板,600,False,,Thiết bị đóng gói & in ấn
2741,兔肉干/兔丁,600,False,,Khác / chưa xác định
2742,减速带\减速垄,600,False,,Khác / chưa xác định
2743,民谣吉他弦,600,False,,Âm thanh & nhạc cụ
2744,油箱/油箱盖,600,False,,Khác / chưa xác định
2745,运动风衣,600,False,,Áo khoác & trang phục giữ ấm
2746,进气歧管,600,False,,Khác / chưa xác định
2747,肚皮舞配饰,599,False,,Đồng phục & trang phục biểu diễn
2748,方向机总成,597,False,,Khác / chưa xác định
2749,油灰刀,597,False,,Khác / chưa xác định
2750,花瓣/仿真花瓣,597,False,,Đồ trang trí nhà cửa
2751,解热镇痛,597,False,,Khác / chưa xác định
2752,轮胎防滑链,597,False,,Ô tô: phụ tùng & phụ kiện
2753,橡皮筋,596,False,,Khác / chưa xác định
2754,水温计,596,False,,Khác / chưa xác định
2755,铲刀,596,False,,Khác / chưa xác định
2756,防晒面纱,596,False,,Chăm sóc da mặt
2757,粘毛器,595,False,,Khác / chưa xác định
2758,云石胶,594,False,,Khác / chưa xác định
2759,电动车防晒衣/披肩,592,False,,Chăm sóc da mặt
2760,鼓墩/绣墩,592,False,,Khác / chưa xác định
2761,兔,591,False,,Khác / chưa xác định
2762,桔子,591,False,,Khác / chưa xác định
2763,气动扳手,591,False,,Dụng cụ cầm tay
2764,修边机,589,False,,Khác / chưa xác định
2765,多件套 帽子、围巾、手套等组合,589,False,,"Mũ, khăn & găng tay"
2766,赛车裤,589,False,,Khác / chưa xác định
2767,食物垃圾处理机,589,False,,Khác / chưa xác định
2768,变调夹,588,False,,Khác / chưa xác định
2769,报警喇叭\警号,588,False,,Khác / chưa xác định
2770,定时器/计时器,587,False,,Khác / chưa xác định
2771,腿部防护用品,587,False,,Khác / chưa xác định
2772,儿童安全带套/固定器/延长带,586,False,,Khác / chưa xác định
2773,兰蔻 菁纯面霜,586,False,,Chăm sóc da mặt
2774,摩托车坐垫,586,False,,Ô tô: phụ tùng & phụ kiện
2775,洗碗机,586,False,,Dụng cụ nhà bếp
2776,野餐餐具,586,False,,Dụng cụ nhà bếp
2777,USB暖手宝/暖手袋,585,False,,Khác / chưa xác định
2778,御泥坊 氨基酸泥浆面膜,585,False,,Chăm sóc da mặt
2779,新鲜山药,585,False,,Khác / chưa xác định
2780,防潮垫/抽屉垫,584,False,,Khác / chưa xác định
2781,驱蚊贴,583,False,,Khác / chưa xác định
2782,摩托车电瓶,582,False,,Khác / chưa xác định
2783,敲琴,581,False,,Khác / chưa xác định
2784,电脑切换器/分配器,581,False,,Máy tính & phụ kiện
2785,折叠自行车,580,False,,Xe đạp & xe điện
2786,炉头,580,False,,Khác / chưa xác định
2787,夹子/收纳夹子,579,False,,Khác / chưa xác định
2788,宝宝棉棒/棉签,579,False,,Đồ dùng cho bé
2789,弹簧合页,579,False,,Khác / chưa xác định
2790,柜镜/梳妆镜,578,False,,Khác / chưa xác định
2791,地面清洁剂,577,False,,Dụng cụ vệ sinh nhà cửa
2792,工具包,577,False,,Khác / chưa xác định
2793,红外探测器,577,False,,Khác / chưa xác định
2794,除尘刷,577,False,,Khác / chưa xác định
2795,拾便器,576,False,,Khác / chưa xác định
2796,柔光器具,576,False,,Khác / chưa xác định
2797,电热丝,576,False,,"Nồi, chảo & đồ nấu ăn"
2798,网球拍,576,False,,Thể thao bóng
2799,搅拌棒,575,False,,Khác / chưa xác định
2800,竖笛,575,False,,Khác / chưa xác định
2801,鼓棒/鼓锤/鼓槌,575,False,,Khác / chưa xác định
2802,兰蔻 柔皙bb霜隔离乳,574,False,,Chăm sóc da mặt
2803,层板拖,574,False,,Khác / chưa xác định
2804,执手,574,False,,Khác / chưa xác định
2805,气动螺丝刀,574,False,,Dụng cụ cầm tay
2806,电热水龙头,573,False,,Thiết bị phòng tắm
2807,综合效果器,573,False,,Âm thanh & nhạc cụ
2808,带鱼,572,False,,"Thịt, cá & hải sản"
2809,汽车防盗器,572,False,,Ô tô: phụ tùng & phụ kiện
2810,量规,572,False,,Khác / chưa xác định
2811,狗厕所,571,False,,Khác / chưa xác định
2812,电圆锯,571,False,,Dụng cụ cầm tay
2813,应急灯/维修灯,570,False,,Khác / chưa xác định
2814,伸展带/瑜伽绳,569,False,,Tập luyện & thể hình
2815,休闲椅,568,False,,Khác / chưa xác định
2816,多功能料理锅,568,False,,Khác / chưa xác định
2817,实验台,567,False,,Khác / chưa xác định
2818,手动套筒扳手,567,False,,Dụng cụ cầm tay
2819,探鱼器,567,False,,Khác / chưa xác định
2820,门镜/猫眼,567,False,,Khác / chưa xác định
2821,卷发片,566,False,,Khác / chưa xác định
2822,扇贝,566,False,,Khác / chưa xác định
2823,消防水带,566,False,,Phòng cháy chữa cháy
2824,照度仪,566,False,,Khác / chưa xác định
2825,电锤钻头,566,False,,Khác / chưa xác định
2826,调速开关,566,False,,Linh kiện & thiết bị điện
2827,千分尺,565,False,,Khác / chưa xác định
2828,叶菜类,563,False,,Khác / chưa xác định
2829,茶烟,563,False,,Khác / chưa xác định
2830,镜布,563,False,,Khác / chưa xác định
2831,乐器指甲,562,False,,Âm thanh & nhạc cụ
2832,组合音响,561,False,,Thiết bị điện tử gia đình
2833,网球鞋,561,False,,Thể thao bóng
2834,便条夹/照片夹,560,False,,Khác / chưa xác định
2835,家用除霉剂,560,False,,Khác / chưa xác định
2836,RF模块/射频模块,558,False,,Khác / chưa xác định
2837,儿童玩具表,558,False,,Đồ chơi mô hình & điều khiển
2838,反光带,558,False,,Khác / chưa xác định
2839,发圈/发网,558,False,,Khác / chưa xác định
2840,兰蔻 净澈焕肤极光水,557,False,,Chăm sóc da mặt
2841,接杆,557,False,,Khác / chưa xác định
2842,泡沫胶,557,False,,Khác / chưa xác định
2843,焊剂,557,False,,Khác / chưa xác định
2844,居家亲子拖鞋,556,False,,Khác / chưa xác định
2845,推拉窗,556,False,,Khác / chưa xác định
2846,热电阻,556,False,,Khác / chưa xác định
2847,画笔/画刷,556,False,,Văn phòng phẩm
2848,电动车手套/护手,555,False,,"Mũ, khăn & găng tay"
2849,矮柜,555,False,,Khác / chưa xác định
2850,宝宝贴,554,False,,Đồ dùng cho bé
2851,户外应急装备,554,False,,Cắm trại & dã ngoại
2852,钢丝刷,554,False,,Khác / chưa xác định
2853,平板电脑零部件,553,False,,Máy tính & phụ kiện
2854,木铲,553,False,,Khác / chưa xác định
2855,战术腰带/皮带/腰封,552,False,,"Mũ, khăn & găng tay"
2856,雾化器,552,False,,Khác / chưa xác định
2857,美甲台,551,False,,Khác / chưa xác định
2858,轴承装卸工具,551,False,,Khác / chưa xác định
2859,鞋子收纳架,551,False,,Khác / chưa xác định
2860,冰箱除味剂,549,False,,Điện lạnh & điều hòa
2861,奶瓶消毒器/消毒锅,549,False,,Đồ dùng cho bé
2862,气动搅拌机,549,False,,Khác / chưa xác định
2863,竹签,549,False,,Khác / chưa xác định
2864,自动售货机,549,False,,Khác / chưa xác định
2865,铁丝,549,False,,Khác / chưa xác định
2866,塑料膨胀管,548,False,,Khác / chưa xác định
2867,婴童/儿童三件套,548,False,,Khác / chưa xác định
2868,手机电池,548,False,,Điện thoại & phụ kiện
2869,松花/皮蛋,548,False,,Khác / chưa xác định
2870,电位器,548,False,,Khác / chưa xác định
2871,吉他背包/琴盒,547,False,,Túi xách & vali
2872,封口膜,547,False,,Khác / chưa xác định
2873,胶囊咖啡,547,False,,"Trà, cà phê & đồ uống"
2874,二极管,546,False,,Khác / chưa xác định
2875,扒炉/铁板烧/手抓饼炉,546,False,,Khác / chưa xác định
2876,抹泥刀,546,False,,Khác / chưa xác định
2877,果仁巧克力,545,False,,Khác / chưa xác định
2878,镇纸,545,False,,Khác / chưa xác định
2879,机械硬盘,543,False,,Dụng cụ nhà bếp
2880,涂鸦笔,543,False,,Văn phòng phẩm
2881,蔓越莓干,543,False,,Khác / chưa xác định
2882,腰带,542,False,,"Mũ, khăn & găng tay"
2883,USB翻页激光笔,541,False,,Văn phòng phẩm
2884,商用消毒柜,541,False,,Thiết bị thương mại
2885,数字屋/形状盒/多孔认知玩具,541,False,,Đồ chơi mô hình & điều khiển
2886,鼻毛修剪器/电动修眉器,541,False,,Khác / chưa xác định
2887,警示牌,540,False,,Khác / chưa xác định
2888,汽车防静电用品,539,False,,Ô tô: phụ tùng & phụ kiện
2889,瑜伽外套,539,False,,Áo khoác & trang phục giữ ấm
2890,补气补血,539,False,,Khác / chưa xác định
2891,鱼糕/鱼饼,539,False,,Khác / chưa xác định
2892,节温器,538,False,,Khác / chưa xác định
2893,裤型卫生巾,538,False,,Khác / chưa xác định
2894,足球袜,538,False,,Thể thao bóng
2895,鸭蛋,538,False,,Khác / chưa xác định
2896,创意陶瓷,537,False,,Khác / chưa xác định
2897,罗汉果,537,False,,Khác / chưa xác định
2898,吊架,536,False,,Khác / chưa xác định
2899,培训台,536,True,tail,Dịch vụ & vé
2900,工艺画,536,False,,Khác / chưa xác định
2901,意见箱/抽奖箱/信件箱,536,False,,Khác / chưa xác định
2902,钢丝绳,536,False,,Khác / chưa xác định
2903,啦啦队彩球,535,False,,Khác / chưa xác định
2904,大工椅/师傅椅,535,False,,Khác / chưa xác định
2905,家居服上装,534,False,,Đồ lót & đồ ngủ
2906,海绵垫/体操垫,534,False,,Khác / chưa xác định
2907,肚皮舞上装,533,False,,Đồng phục & trang phục biểu diễn
2908,手指练习器,532,False,,Khác / chưa xác định
2909,摩托车滤清器,532,False,,Khác / chưa xác định
2910,双肩包,531,False,,Khác / chưa xác định
2911,隔热保温片,531,False,,Khác / chưa xác định
2912,梅酒,530,False,,Rượu vang & rượu mạnh
2913,衣叉,530,False,,Khác / chưa xác định
2914,椰青,529,False,,Khác / chưa xác định
2915,摩托车导流罩,528,False,,Khác / chưa xác định
2916,电动车车篮/车筐,528,False,,Xe đạp & xe điện
2917,多士炉/早餐机,527,False,,Khác / chưa xác định
2918,爬虫/鸣虫食物,527,False,,Khác / chưa xác định
2919,DS/3DS游戏软件,526,False,,Khác / chưa xác định
2920,头部按摩器,526,False,,Sức khỏe & thiết bị y tế
2921,垃圾夹,525,False,,Khác / chưa xác định
2922,护理液,525,False,,Khác / chưa xác định
2923,镰刀,525,False,,Khác / chưa xác định
2924,青蟹,525,False,,Khác / chưa xác định
2925,冰夹,524,False,,Khác / chưa xác định
2926,咖啡套具,523,False,,"Trà, cà phê & đồ uống"
2927,追悼/奠仪用花,523,False,,Khác / chưa xác định
2928,太极剑,522,False,,Khác / chưa xác định
2929,文化创意杯子,522,False,,Khác / chưa xác định
2930,少女文胸,521,False,,Đồ lót & đồ ngủ
2931,橄榄,521,False,,Khác / chưa xác định
2932,特种涂料,521,False,,Vật liệu xây dựng
2933,白毫银针,521,False,,Khác / chưa xác định
2934,软陶泥,521,False,,Khác / chưa xác định
2935,托辊,520,False,,Khác / chưa xác định
2936,水晶头,520,False,,Khác / chưa xác định
2937,洗碗机用洗涤剂,519,False,,Dụng cụ nhà bếp
2938,跳跳床/蹦蹦床,519,False,,Nội thất phòng ngủ
2939,车篮/车筐,518,False,,Khác / chưa xác định
2940,冷饮/饮料机,517,False,,"Trà, cà phê & đồ uống"
2941,棉签棉球（器械）,517,False,,Khác / chưa xác định
2942,棉裤,517,False,,Khác / chưa xác định
2943,洗发帽,517,False,,Chăm sóc tóc
2944,地漏防臭器,516,False,,Khác / chưa xác định
2945,床头罩,516,False,,Khác / chưa xác định
2946,测线仪,516,False,,Khác / chưa xác định
2947,滚针轴承,516,False,,Khác / chưa xác định
2948,穆勒鞋,516,False,,Khác / chưa xác định
2949,智能开关,515,False,,Linh kiện & thiết bị điện
2950,留香珠,515,False,,Khác / chưa xác định
2951,金属摇臂喷头,515,False,,Khác / chưa xác định
2952,一次性桌布,514,False,,"Rèm, thảm & vải gia dụng"
2953,光电/激光器件,514,False,,Khác / chưa xác định
2954,开门机,514,False,,Khác / chưa xác định
2955,数码相机充电器,514,False,,Camera & nhiếp ảnh
2956,等离子切割机,514,False,,Khác / chưa xác định
2957,吹奏玩具/乐器,513,False,,Âm thanh & nhạc cụ
2958,瑜伽发带,513,False,,Tập luyện & thể hình
2959,宝宝理发器,511,False,,Đồ dùng cho bé
2960,新车定金,511,False,,Khác / chưa xác định
2961,地弹簧,510,False,,Khác / chưa xác định
2962,拨片/拨片套,510,False,,Khác / chưa xác định
2963,灭火箱,510,False,,Khác / chưa xác định
2964,红外夜视仪,510,False,,Khác / chưa xác định
2965,自行车轮组,510,False,,Xe đạp & xe điện
2966,关节轴承,509,False,,Khác / chưa xác định
2967,兰蔻 菁纯眼霜,508,False,,Chăm sóc da mặt
2968,琵琶,508,False,,Khác / chưa xác định
2969,安全门卡,507,False,,Khác / chưa xác định
2970,撬棒,507,False,,Khác / chưa xác định
2971,自行车贴纸/反光贴,507,False,,Xe đạp & xe điện
2972,高尔夫杆套,507,False,,Thể thao bóng
2973,美容剪,506,False,,Khác / chưa xác định
2974,餐桌罩,506,False,,Nội thất phòng ăn
2975,手把套,505,False,,Khác / chưa xác định
2976,推杆练习器,505,False,,Khác / chưa xác định
2977,植物生长灯,505,False,,Nông nghiệp & làm vườn
2978,移动路由器,505,False,,Máy tính & phụ kiện
2979,储粮桶,504,False,,Khác / chưa xác định
2980,卷扬机,504,False,,Khác / chưa xác định
2981,手机防尘塞,504,False,,Điện thoại & phụ kiện
2982,柚子,504,False,,Khác / chưa xác định
2983,梅花扳手,504,False,,Dụng cụ cầm tay
2984,粘蝇纸,504,False,,Khác / chưa xác định
2985,商用制冷工作台,503,False,,Thiết bị thương mại
2986,尘推头,503,False,,Khác / chưa xác định
2987,障碍物/标志物,503,False,,Khác / chưa xác định
2988,酒店床品套件,502,False,,Chăn ga gối đệm
2989,唇笔/唇线笔,501,False,,Văn phòng phẩm
2990,开罐器,501,False,,Khác / chưa xác định
2991,电刨,501,False,,Khác / chưa xác định
2992,助听器,500,False,,Khác / chưa xác định
2993,叠衣板,500,False,,Khác / chưa xác định
2994,搓衣板,500,False,,Khác / chưa xác định
2995,水壶架,500,False,,Bình nước & đồ uống
2996,腕力器/腕力球,500,False,,Khác / chưa xác định
2997,音频插座,500,False,,Linh kiện & thiết bị điện
2998,马桶贴,500,False,,Thiết bị phòng tắm
2999,泥螺,499,False,,Khác / chưa xác định
3000,电子鼓,499,False,,Khác / chưa xác định
3001,长寿果/碧根果,499,False,,Khác / chưa xác định
3002,大闸蟹,498,False,,Khác / chưa xác định
3003,显示器件,498,False,,Máy tính & phụ kiện
3004,脚蹼,498,False,,Khác / chưa xác định
3005,电脑耳机/耳麦,497,False,,Âm thanh & nhạc cụ
3006,出行辅助,496,False,,Khác / chưa xác định
3007,抛光盘,496,False,,Dụng cụ nhà bếp
3008,控鱼钳,496,False,,Khác / chưa xác định
3009,新鲜玉米,496,False,,Khác / chưa xác định
3010,褥疮垫（器械）,496,False,,Khác / chưa xác định
3011,一次性洗脸巾,495,False,,Khác / chưa xác định
3012,婚车鲜花,495,False,,Khác / chưa xác định
3013,建盏,495,False,,Khác / chưa xác định
3014,妇科用药,494,False,,Khác / chưa xác định
3015,实验电炉,494,False,,Khác / chưa xác định
3016,电动打蛋器,494,False,,Khác / chưa xác định
3017,管帽,494,False,,Khác / chưa xác định
3018,网络测试仪,494,False,,Khác / chưa xác định
3019,运动连衣裙,494,False,,Áo nữ
3020,喷淋头,492,False,,Khác / chưa xác định
3021,执法记录仪,492,False,,Khác / chưa xác định
3022,无花果干,492,False,,Khác / chưa xác định
3023,地面保养剂,491,False,,Khác / chưa xác định
3024,镗刀,491,False,,Khác / chưa xác định
3025,眼部护理套装,490,False,,Khác / chưa xác định
3026,套装玩具,489,False,,Đồ chơi mô hình & điều khiển
3027,医用口罩,488,False,,Sức khỏe & thiết bị y tế
3028,男士BB霜,488,False,,Trang điểm
3029,老年代步车,488,False,,Khác / chưa xác định
3030,鱼肝油,488,False,,Khác / chưa xác định
3031,沙发+茶几,487,False,,Nội thất phòng khách
3032,直管荧光灯,486,False,,Khác / chưa xác định
3033,电子巡更系统,485,False,,Khác / chưa xác định
3034,颈椎牵引器（器械）,485,False,,Khác / chưa xác định
3035,手机U盘,484,False,,Dụng cụ nhà bếp
3036,胶棉拖把头,484,False,,Dụng cụ vệ sinh nhà cửa
3037,虾干,484,False,,Khác / chưa xác định
3038,防潮箱,484,False,,Khác / chưa xác định
3039,18650电池,483,False,,Khác / chưa xác định
3040,工业烤箱,483,False,,Thiết bị gia dụng nhỏ
3041,眼镜螺丝刀,483,False,,Kính mắt & kính áp tròng
3042,笔架,483,False,,Văn phòng phẩm
3043,振动盘,481,False,,Dụng cụ nhà bếp
3044,叶子板,479,False,,Khác / chưa xác định
3045,广场舞裤,479,False,,Khác / chưa xác định
3046,空气净化剂,478,False,,Khác / chưa xác định
3047,跆拳道脚靶,478,False,,Khác / chưa xác định
3048,非洲鼓,478,False,,Khác / chưa xác định
3049,年检车贴,477,False,,Khác / chưa xác định
3050,烧烤针,477,False,,Khác / chưa xác định
3051,吉利服/伪装服,476,False,,Khác / chưa xác định
3052,塑胶封边条,476,False,,Khác / chưa xác định
3053,人造大理石,475,False,,Khác / chưa xác định
3054,榛子,475,False,,Khác / chưa xác định
3055,连接线/连接器/转换器,475,False,,Khác / chưa xác định
3056,门把手套,475,False,,"Mũ, khăn & găng tay"
3057,儿童击打乐器,474,False,,Âm thanh & nhạc cụ
3058,鞋拔,474,False,,Khác / chưa xác định
3059,零钱包,473,False,,Túi xách & vali
3060,鼻眼清洗液,473,False,,Khác / chưa xác định
3061,显微镜,471,False,,Thiết bị xét nghiệm & phòng thí nghiệm
3062,基膜墙纸胶套装,469,False,,Khác / chưa xác định
3063,浴裙/浴袍/浴衣,469,False,,Khác / chưa xác định
3064,滑雪板,469,False,,Khác / chưa xác định
3065,滑雪眼镜,469,False,,Kính mắt & kính áp tròng
3066,电源/适配器,469,False,,Khác / chưa xác định
3067,脏衣桶,468,False,,Khác / chưa xác định
3068,辣椒,468,False,,Khác / chưa xác định
3069,鳕鱼,468,False,,"Thịt, cá & hải sản"
3070,CD播放机,467,False,,"Sách, tạp chí & âm nhạc"
3071,无线电波探测仪,467,False,,Khác / chưa xác định
3072,电工剪,467,False,,Khác / chưa xác định
3073,擦鞋器/刷鞋机,466,False,,Khác / chưa xác định
3074,显示屏/LCD液晶屏/LED屏/TFT屏,466,False,,"Sách, tạp chí & âm nhạc"
3075,桌面清洁套装,466,False,,Khác / chưa xác định
3076,笔,466,False,,Văn phòng phẩm
3077,防滑贴,466,False,,Khác / chưa xác định
3078,网络线,465,False,,Văn phòng phẩm
3079,维矿物质,464,False,,Khác / chưa xác định
3080,MIDI键盘,463,False,,Dụng cụ nhà bếp
3081,Wifi模块,463,False,,Khác / chưa xác định
3082,制氧机/氧气袋/氧气瓶,463,False,,Sức khỏe & thiết bị y tế
3083,氙气灯安定器,462,False,,Khác / chưa xác định
3084,铃类乐器,462,False,,Âm thanh & nhạc cụ
3085,散热器,461,False,,Linh kiện máy tính
3086,即食虾零食,460,False,,Đồ ăn vặt
3087,智能插座,460,False,,Linh kiện & thiết bị điện
3088,电视机遥控器,460,False,,Thiết bị điện tử gia đình
3089,电源滤波器,459,False,,Khác / chưa xác định
3090,安全带及调节器,458,False,,Khác / chưa xác định
3091,床头靠垫,458,False,,"Rèm, thảm & vải gia dụng"
3092,算盘,458,False,,Dụng cụ nhà bếp
3093,花艺缎带,458,False,,Khác / chưa xác định
3094,三文鱼,457,False,,"Thịt, cá & hải sản"
3095,定制整体衣帽间,457,False,,Khác / chưa xác định
3096,航空箱,457,False,,Khác / chưa xác định
3097,视频会议,457,False,,Khác / chưa xác định
3098,跳跳球/蹦蹦球,457,False,,Khác / chưa xác định
3099,文化创意文具,456,False,,Văn phòng phẩm
3100,火龙果,456,False,,Khác / chưa xác định
3101,生羊排/肋排,456,False,,Khác / chưa xác định
3102,管子钳,456,False,,Khác / chưa xác định
3103,儿童桌（原婴童）,455,False,,Khác / chưa xác định
3104,芽接刀,455,False,,Khác / chưa xác định
3105,USB驱蚊器,454,False,,Khác / chưa xác định
3106,墨鱼干,454,False,,"Thịt, cá & hải sản"
3107,牛肉卷/片,454,False,,"Thịt, cá & hải sản"
3108,调速器,454,False,,Khác / chưa xác định
3109,通用脚垫,454,False,,Ô tô: phụ tùng & phụ kiện
3110,防撞胶粒,454,False,,Ô tô: phụ tùng & phụ kiện
3111,打奶器,453,False,,Khác / chưa xác định
3112,打碟机,453,False,,Khác / chưa xác định
3113,椭圆机,453,False,,Khác / chưa xác định
3114,兰蔻 小黑瓶眼霜,452,False,,Chăm sóc da mặt
3115,羊毛被/驼毛被,452,False,,Khác / chưa xác định
3116,计步器,452,False,,Khác / chưa xác định
3117,GPS支架,451,False,,Linh kiện & thiết bị điện
3118,力量训练器械(局部型),451,False,,Khác / chưa xác định
3119,摩托车维修工具,451,False,,Khác / chưa xác định
3120,椰子油,451,False,,Khác / chưa xác định
3121,甲鱼,451,False,,"Thịt, cá & hải sản"
3122,电动曲线锯,451,False,,Dụng cụ cầm tay
3123,呼吸管/呼吸器,450,False,,Khác / chưa xác định
3124,封口/封杯机,450,False,,Khác / chưa xác định
3125,楼梯立柱,450,False,,Khác / chưa xác định
3126,话筒,450,False,,Khác / chưa xác định
3127,木瓜,449,False,,Khác / chưa xác định
3128,松香,449,False,,Khác / chưa xác định
3129,激光笔,449,False,,Văn phòng phẩm
3130,调羹/饭勺,449,False,,Khác / chưa xác định
3131,口风琴,448,False,,Khác / chưa xác định
3132,新鲜松茸/菌菇,448,False,,Gia vị & thực phẩm khô
3133,点火器/点火装置,448,False,,Khác / chưa xác định
3134,衣领净,448,False,,Khác / chưa xác định
3135,骑行鞋,448,False,,Khác / chưa xác định
3136,发热芯,447,False,,Khác / chưa xác định
3137,汽车功放,447,False,,Ô tô: phụ tùng & phụ kiện
3138,汽车空调,447,False,,Điện lạnh & điều hòa
3139,孵化器,446,False,,Khác / chưa xác định
3140,粉笔,446,False,,Văn phòng phẩm
3141,纱布尿布,446,False,,Khác / chưa xác định
3142,蔬菜篮/水果篮,446,False,,Khác / chưa xác định
3143,电动车儿童座椅,445,False,,Xe đạp & xe điện
3144,门磁报警器,445,False,,Thiết bị mạng & an ninh
3145,学步车,444,False,,Đồ dùng cho bé
3146,木屑,444,False,,Khác / chưa xác định
3147,钓鱼船推进器,444,False,,Câu cá & săn bắn
3148,负重设备,443,False,,Khác / chưa xác định
3149,鳗鱼,443,False,,"Thịt, cá & hải sản"
3150,地埋旋转喷头,442,False,,Khác / chưa xác định
3151,挂衣钩,442,False,,Khác / chưa xác định
3152,清洁保护品,442,False,,Khác / chưa xác định
3153,出行用品,441,False,,Khác / chưa xác định
3154,压缩饼干,441,False,,Đồ ăn vặt
3155,绳结玩具,441,False,,Đồ chơi mô hình & điều khiển
3156,葡萄/提子,441,False,,Khác / chưa xác định
3157,切割/雕刻垫板,440,False,,Đồ thủ công & mỹ thuật
3158,摩登舞鞋,440,False,,Khác / chưa xác định
3159,胶带座/封箱器,440,False,,Văn phòng phẩm
3160,色浆,440,False,,Khác / chưa xác định
3161,抽气泵,439,False,,Khác / chưa xác định
3162,液压弯管机,439,False,,Máy móc công nghiệp
3163,餐具消毒机,439,False,,Dụng cụ nhà bếp
3164,香蕉,439,False,,Khác / chưa xác định
3165,医用用具,438,False,,Sức khỏe & thiết bị y tế
3166,南瓜,438,False,,Khác / chưa xác định
3167,锅炉,438,False,,Khác / chưa xác định
3168,导向牌,435,False,,Khác / chưa xác định
3169,格栅/面板灯,435,False,,Khác / chưa xác định
3170,硅藻泥,435,False,,Khác / chưa xác định
3171,健美操上装,434,False,,Khác / chưa xác định
3172,台式净饮机,434,False,,Khác / chưa xác định
3173,吹水机,434,False,,Khác / chưa xác định
3174,芭蕾舞演出服,434,False,,Đồng phục & trang phục biểu diễn
3175,光端机,433,False,,Khác / chưa xác định
3176,宝宝护唇/润唇,433,False,,Đồ dùng cho bé
3177,机油添加剂,433,False,,Ô tô: phụ tùng & phụ kiện
3178,桑椹干,433,False,,Khác / chưa xác định
3179,摄影棚,432,False,,Camera & nhiếp ảnh
3180,贡眉,432,False,,Khác / chưa xác định
3181,速度球/发泄球,432,False,,Khác / chưa xác định
3182,园艺刀剪,431,True,rare,Nông nghiệp & làm vườn
3183,摇杆,431,False,,Khác / chưa xác định
3184,二氧化碳设备,430,False,,Khác / chưa xác định
3185,厨房雕刻刀,430,False,,Đồ thủ công & mỹ thuật
3186,蛋清分离器,430,False,,Khác / chưa xác định
3187,摩托车轮毂,429,False,,Ô tô: phụ tùng & phụ kiện
3188,抛光机/封釉机,428,False,,Khác / chưa xác định
3189,软体组合器材,428,False,,Khác / chưa xác định
3190,金桔类制品,428,False,,Khác / chưa xác định
3191,杠铃,427,False,,Khác / chưa xác định
3192,电源控制器,427,False,,Khác / chưa xác định
3193,纤体霜/凝露,427,False,,Khác / chưa xác định
3194,臂力器,427,False,,Khác / chưa xác định
3195,噪音仪,426,False,,Khác / chưa xác định
3196,影碟机/DVD/蓝光/VCD/高清,426,False,,"Sách, tạp chí & âm nhạc"
3197,高尔夫球帽,426,False,,Thể thao bóng
3198,卡通花,425,False,,Khác / chưa xác định
3199,网络延长器,425,False,,Khác / chưa xác định
3200,马桶垫,425,False,,Thiết bị phòng tắm
3201,外置声卡,424,False,,Khác / chưa xác định
3202,洗发杯/水勺,424,False,,Chăm sóc tóc
3203,电缆线,424,False,,Linh kiện & thiết bị điện
3204,皮头/杆头,424,False,,Khác / chưa xác định
3205,保护器,423,False,,Khác / chưa xác định
3206,桌椅脚套/桌脚垫,423,False,,Ô tô: phụ tùng & phụ kiện
3207,普通密码锁,422,False,,Khác / chưa xác định
3208,脚掌滋润/防滑/护理,422,False,,Khác / chưa xác định
3209,越野跑鞋,422,False,,Khác / chưa xác định
3210,车厘子/樱桃,422,False,,Khác / chưa xác định
3211,相机闪光灯,421,False,,Camera & nhiếp ảnh
3212,鞋套机,421,False,,Khác / chưa xác định
3213,拐杖（器械）,420,False,,Khác / chưa xác định
3214,耳放,420,False,,Khác / chưa xác định
3215,双截棍,419,False,,Khác / chưa xác định
3216,毽子,419,False,,Khác / chưa xác định
3217,钢直尺,419,False,,Khác / chưa xác định
3218,沙锤/沙蛋/沙球,418,False,,Khác / chưa xác định
3219,幼儿学爬玩具,417,False,,Đồ chơi mô hình & điều khiển
3220,户外眼镜,417,True,rare,Kính mắt & kính áp tròng
3221,投掷套圈,417,False,,Khác / chưa xác định
3222,皮具皮革护理剂,417,False,,Khác / chưa xác định
3223,直排轮子,417,False,,Khác / chưa xác định
3224,钓台,417,False,,Khác / chưa xác định
3225,冰箱贴纸,416,False,,Điện lạnh & điều hòa
3226,水马\防撞桶,416,False,,Ô tô: phụ tùng & phụ kiện
3227,行星齿轮减速机,416,False,,Khác / chưa xác định
3228,家用麻将,415,False,,Khác / chưa xác định
3229,巴沙鱼,415,False,,"Thịt, cá & hải sản"
3230,紧凑型节能荧光灯,415,False,,Khác / chưa xác định
3231,路亚钳,415,False,,Khác / chưa xác định
3232,安装锤/胶锤,414,False,,Khác / chưa xác định
3233,纪念册,414,False,,Khác / chưa xác định
3234,乐器工具,413,False,,Âm thanh & nhạc cụ
3235,兰蔻 小黑瓶大眼精华,413,False,,Chăm sóc da mặt
3236,内衣货架,413,False,,Tủ & kệ lưu trữ
3237,广场舞半身裙,413,False,,Áo nữ
3238,摩登舞下装,413,False,,Khác / chưa xác định
3239,草莓,413,False,,Khác / chưa xác định
3240,马鲛鱼,413,False,,"Thịt, cá & hải sản"
3241,羊肉类,412,False,,Khác / chưa xác định
3242,金酒/Gin,412,False,,Khác / chưa xác định
3243,食物咬咬袋,412,False,,Khác / chưa xác định
3244,GSM/GPRS/3G/4G模块,411,False,,Khác / chưa xác định
3245,人体感应开关,411,False,,Linh kiện & thiết bị điện
3246,太阳能充电器,411,False,,Điện thoại & phụ kiện
3247,报刊架,411,False,,Khác / chưa xác định
3248,气压表/胎压表,411,False,,Khác / chưa xác định
3249,内饰改装翻新,410,False,,Khác / chưa xác định
3250,电动醒酒器,410,False,,Khác / chưa xác định
3251,子母铆钉,409,False,,Khác / chưa xác định
3252,洗护球,409,False,,Khác / chưa xác định
3253,软壳裤,409,False,,Khác / chưa xác định
3254,制动器总成,408,False,,Khác / chưa xác định
3255,摩托车离合器,408,False,,Khác / chưa xác định
3256,桃干,408,False,,Khác / chưa xác định
3257,智能健康,407,False,,Khác / chưa xác định
3258,电动车护膝,407,False,,Xe đạp & xe điện
3259,电动车线类,407,False,,Xe đạp & xe điện
3260,南瓜灯,406,False,,Khác / chưa xác định
3261,拨浪鼓,406,False,,Khác / chưa xác định
3262,番茄,406,False,,Khác / chưa xác định
3263,驴肉,406,False,,Khác / chưa xác định
3264,战术双肩背包,405,False,,Túi xách & vali
3265,绘图/白图纸,405,False,,Khác / chưa xác định
3266,钓鱼剪刀,405,False,,Câu cá & săn bắn
3267,香熏精油,404,False,,Nước hoa & hương thơm
3268,六堡茶,403,False,,"Trà, cà phê & đồ uống"
3269,摩托车化油器,403,False,,Khác / chưa xác định
3270,旅行茶具,403,False,,Bình nước & đồ uống
3271,测亩仪,403,False,,Khác / chưa xác định
3272,跆拳道服,403,True,rare,Khác / chưa xác định
3273,香熏蜡烛,403,False,,Khác / chưa xác định
3274,双控开关,402,False,,Linh kiện & thiết bị điện
3275,脱钩器,401,False,,Khác / chưa xác định
3276,门/窗钩,401,False,,Khác / chưa xác định
3277,防火门,401,False,,Khác / chưa xác định
3278,干鞋器,400,False,,Khác / chưa xác định
3279,绑钩器,400,False,,Khác / chưa xác định
3280,自动变速箱油,400,False,,Khác / chưa xác định
3281,镊子,400,False,,Khác / chưa xác định
3282,婴童防护口罩,399,False,,"Mũ, khăn & găng tay"
3283,预调鸡尾酒/Alcopop,399,False,,Khác / chưa xác định
3284,家庭影院,398,False,,Thiết bị điện tử gia đình
3285,洗澡/按摩刷,398,False,,Khác / chưa xác định
3286,脚饰,398,False,,Khác / chưa xác định
3287,哨子,397,False,,Khác / chưa xác định
3288,商用肠粉机,397,False,,Thiết bị thương mại
3289,油漆笔,397,False,,Văn phòng phẩm
3290,钓鱼帽,397,False,,Câu cá & săn bắn
3291,射频器/转换器,396,False,,Khác / chưa xác định
3292,焗油帽/蒸汽护发帽/护发仪,396,False,,Chăm sóc tóc
3293,钢化玻璃,396,False,,Khác / chưa xác định
3294,面具,396,False,,Khác / chưa xác định
3295,捆扎带/车把带,395,False,,Khác / chưa xác định
3296,自行车内胎,395,False,,Xe đạp & xe điện
3297,蚊香片,394,False,,Khác / chưa xác định
3298,吊篮/吊椅,393,False,,Khác / chưa xác định
3299,抗菌消炎,393,False,,Khác / chưa xác định
3300,车用电子钟表,393,False,,Đồng hồ
3301,兰蔻 清滢清洁卸妆乳GFE,392,False,,Chăm sóc da mặt
3302,工程/民用/活动/救灾帐篷,392,False,,Cắm trại & dã ngoại
3303,激光焊机,392,True,rare,Máy móc công nghiệp
3304,种球,392,False,,Khác / chưa xác định
3305,外墙乳胶漆,391,False,,Khác / chưa xác định
3306,根雕凳子,391,False,,Khác / chưa xác định
3307,餐桌椅系列,391,False,,Nội thất phòng ăn
3308,无味蜡烛,390,False,,Khác / chưa xác định
3309,木刨,390,False,,Khác / chưa xác định
3310,飞镖盘/飞镖靶,390,False,,Dụng cụ nhà bếp
3311,工具柜,389,False,,Khác / chưa xác định
3312,果蔬消毒清洗机,389,False,,Khác / chưa xác định
3313,双头呆扳手,388,False,,Dụng cụ cầm tay
3314,备用油箱,388,False,,Khác / chưa xác định
3315,感应垃圾桶,388,False,,Dụng cụ vệ sinh nhà cửa
3316,柿饼,388,False,,Khác / chưa xác định
3317,水弹枪,388,False,,Khác / chưa xác định
3318,泥除/挡泥板,388,False,,Khác / chưa xác định
3319,躺床,388,False,,Nội thất phòng ngủ
3320,气动套筒,387,False,,Khác / chưa xác định
3321,吉他背带,386,False,,Âm thanh & nhạc cụ
3322,暴走鞋,386,False,,Khác / chưa xác định
3323,祛疤产品,386,False,,Khác / chưa xác định
3324,防虫/防蚊用品,386,False,,Khác / chưa xác định
3325,内置式膨胀螺栓,385,False,,Khác / chưa xác định
3326,冷冻墨鱼,385,False,,"Thịt, cá & hải sản"
3327,固态酒精,385,False,,Khác / chưa xác định
3328,复读机,385,False,,Khác / chưa xác định
3329,定时器/提醒器,385,False,,Khác / chưa xác định
3330,肚皮舞下装,385,False,,Đồng phục & trang phục biểu diễn
3331,高尔夫球钉,385,False,,Thể thao bóng
3332,定制淋浴房,384,False,,Khác / chưa xác định
3333,报表,384,False,,Khác / chưa xác định
3334,莲藕,384,False,,Khác / chưa xác định
3335,酸奶机,384,False,,Khác / chưa xác định
3336,书报架,383,False,,Khác / chưa xác định
3337,兰蔻 清滢清洁洁面乳,382,False,,Chăm sóc da mặt
3338,行星摆线针轮减速机,382,False,,Khác / chưa xác định
3339,朗姆酒/Rum,381,False,,Khác / chưa xác định
3340,汽车防雨/防雾膜,381,False,,Ô tô: phụ tùng & phụ kiện
3341,瑞士军刀,381,False,,Khác / chưa xác định
3342,俯卧撑架,379,False,,Khác / chưa xác định
3343,吉他连接线,379,False,,Âm thanh & nhạc cụ
3344,商用爆米花机,379,False,,Thiết bị thương mại
3345,堂鼓,379,False,,Khác / chưa xác định
3346,立钟/落地钟,379,False,,Khác / chưa xác định
3347,LED化妆镜,378,True,rare,Mỹ phẩm dụng cụ & phụ kiện
3348,指南针/温度计/气压计/高度计,377,False,,Khác / chưa xác định
3349,摩托车氙气灯,377,False,,Ô tô: phụ tùng & phụ kiện
3350,打水板/浮板,376,False,,Khác / chưa xác định
3351,保暖棉衣,375,False,,Áo khoác & trang phục giữ ấm
3352,兰蔻 立体塑颜凝露水,375,False,,Chăm sóc da mặt
3353,挂历,375,False,,Khác / chưa xác định
3354,一次成像,374,False,,Khác / chưa xác định
3355,拖把桶,374,False,,Dụng cụ vệ sinh nhà cửa
3356,假发,373,False,,Chăm sóc tóc
3357,屏幕保护膜,373,False,,Khác / chưa xác định
3358,电瓶充电器,373,False,,Điện thoại & phụ kiện
3359,低压熔断器,372,False,,Khác / chưa xác định
3360,松茸,372,False,,Khác / chưa xác định
3361,水盆,372,False,,Khác / chưa xác định
3362,浴网/浴兜,372,False,,Khác / chưa xác định
3363,浴霸专用开关,372,False,,Linh kiện & thiết bị điện
3364,兰蔻 水份缘日霜,371,False,,Chăm sóc da mặt
3365,冰贴,371,False,,Khác / chưa xác định
3366,合成（处理）钻石手饰,371,False,,Trang sức
3367,喂药器,371,False,,Khác / chưa xác định
3368,有机玻璃棒,371,False,,Khác / chưa xác định
3369,电子管,370,False,,Khác / chưa xác định
3370,畜牧器械,370,False,,Khác / chưa xác định
3371,笛头,370,False,,Khác / chưa xác định
3372,兰蔻 立体塑颜眼霜,369,False,,Chăm sóc da mặt
3373,大力钳,369,False,,Khác / chưa xác định
3374,太平猴魁,369,False,,Khác / chưa xác định
3375,水车架,369,False,,Khác / chưa xác định
3376,空竹,369,False,,Khác / chưa xác định
3377,XBOX游戏软件,368,False,,Khác / chưa xác định
3378,平板电脑外接键盘,368,False,,Dụng cụ nhà bếp
3379,沙发脚,368,False,,Nội thất phòng khách
3380,乒乓球鞋,367,False,,Thể thao bóng
3381,咽喉,367,False,,Khác / chưa xác định
3382,花桶,367,False,,Khác / chưa xác định
3383,围椅,366,False,,Khác / chưa xác định
3384,护理床,366,False,,Sức khỏe & thiết bị y tế
3385,首饰架,366,False,,Trang sức
3386,前台椅/吧椅,365,False,,Khác / chưa xác định
3387,厨卫防水贴/条,365,False,,Khác / chưa xác định
3388,石膏像,365,False,,Khác / chưa xác định
3389,身体磨砂膏/去角质膏,365,False,,Chăm sóc da mặt
3390,木工带锯,364,False,,Dụng cụ cầm tay
3391,维修工具箱,364,False,,Dụng cụ cầm tay
3392,调料,364,False,,Gia vị & thực phẩm khô
3393,兆欧表,363,False,,Khác / chưa xác định
3394,排球,363,False,,Khác / chưa xác định
3395,钻石绣,363,False,,Khác / chưa xác định
3396,厨宝,362,False,,Khác / chưa xác định
3397,计时工具,362,False,,Khác / chưa xác định
3398,CPU主板套装,361,True,rare,Linh kiện máy tính
3399,VGA线,361,False,,Văn phòng phẩm
3400,胆机,361,False,,Khác / chưa xác định
3401,车用水桶,361,False,,Dụng cụ nhà bếp
3402,食盆,361,False,,Khác / chưa xác định
3403,鸡眼铆钉,361,False,,Khác / chưa xác định
3404,兔兔零食,360,False,,Đồ ăn vặt
3405,化妆棉,360,False,,Khác / chưa xác định
3406,排椅系列,360,False,,Khác / chưa xác định
3407,滑雪头盔,360,False,,Khác / chưa xác định
3408,西餐刀具,360,False,,Dụng cụ nhà bếp
3409,USB延长线,359,False,,Văn phòng phẩm
3410,双皮奶/姜汁撞奶,359,False,,Khác / chưa xác định
3411,吸鼻器,358,False,,Khác / chưa xác định
3412,水箱保护网,358,False,,Khác / chưa xác định
3413,防触电保护,358,False,,Khác / chưa xác định
3414,CPU,357,False,,Linh kiện máy tính
3415,六安瓜片,357,False,,Khác / chưa xác định
3416,吉利丁片,357,False,,Khác / chưa xác định
3417,安全绳,356,False,,Khác / chưa xác định
3418,户外桌椅套装,356,False,,"Rèm, thảm & vải gia dụng"
3419,熔丝/保险丝座/断路器/保险管,356,True,rare,Linh kiện & thiết bị điện
3420,簸箕,356,False,,Khác / chưa xác định
3421,螺,356,False,,Khác / chưa xác định
3422,蟹系列,356,False,,Khác / chưa xác định
3423,运动半身裙,356,False,,Áo nữ
3424,野餐垫,356,False,,Cắm trại & dã ngoại
3425,防霉防蛀片,356,False,,Khác / chưa xác định
3426,触摸开关,355,False,,Linh kiện & thiết bị điện
3427,起重钳,355,False,,Khác / chưa xác định
3428,乐器罩,354,False,,Âm thanh & nhạc cụ
3429,低音炮,354,False,,Khác / chưa xác định
3430,奶嘴链,354,False,,Đồ dùng cho bé
3431,微波炉专用盒,354,False,,Thiết bị gia dụng nhỏ
3432,电子阅览器/电纸书,354,False,,Khác / chưa xác định
3433,体温计类,353,False,,Sức khỏe & thiết bị y tế
3434,手部保养套装,353,False,,Khác / chưa xác định
3435,桌面清洁器,353,False,,Khác / chưa xác định
3436,羽绒内胆,353,False,,Khác / chưa xác định
3437,豆腐干/香干,353,False,,Đồ ăn vặt
3438,一次性汽车座椅保护套,352,False,,Điện thoại & phụ kiện
3439,台球,352,False,,Khác / chưa xác định
3440,圆柱冲,352,False,,Khác / chưa xác định
3441,收录机/手提CD/面包机,352,False,,"Sách, tạp chí & âm nhạc"
3442,汽车弹簧,352,False,,Ô tô: phụ tùng & phụ kiện
3443,猫砂铲,352,False,,Thú cưng: chăm sóc
3444,菠萝蜜,352,False,,Khác / chưa xác định
3445,插头/接口,351,False,,Linh kiện & thiết bị điện
3446,智能公仔/娃娃,351,False,,Búp bê & đồ chơi nhập vai
3447,汽车文化产品,351,False,,Ô tô: phụ tùng & phụ kiện
3448,线帘,351,False,,Khác / chưa xác định
3449,裁判专用哨,351,False,,Khác / chưa xác định
3450,转速表,351,False,,Khác / chưa xác định
3451,面包刀,351,False,,Khác / chưa xác định
3452,兰蔻 清滢眼唇卸妆水,350,False,,Chăm sóc da mặt
3453,牙具,350,False,,Khác / chưa xác định
3454,皮革,350,False,,Khác / chưa xác định
3455,起重滑车,350,False,,Khác / chưa xác định
3456,电动套丝机,349,False,,Khác / chưa xác định
3457,艺术漆,349,False,,Khác / chưa xác định
3458,塑料水袋,348,False,,Khác / chưa xác định
3459,旋具套筒,348,False,,Khác / chưa xác định
3460,鹅蛋,348,False,,Khác / chưa xác định
3461,拔罐器（器械）,347,False,,Sức khỏe & thiết bị y tế
3462,李子,347,False,,Khác / chưa xác định
3463,烤串机/电烤炉,347,False,,Khác / chưa xác định
3464,垃圾架,346,False,,Khác / chưa xác định
3465,电动修脚器,346,False,,Khác / chưa xác định
3466,胸饰,346,False,,Khác / chưa xác định
3467,角接触球轴承,346,False,,Khác / chưa xác định
3468,毛巾柜,345,False,,"Rèm, thảm & vải gia dụng"
3469,清洗剂,345,False,,Khác / chưa xác định
3470,USB吸尘器,344,False,,Thiết bị gia dụng nhỏ
3471,玻璃修复工具,344,False,,Khác / chưa xác định
3472,车载CD机,344,False,,Ô tô: phụ tùng & phụ kiện
3473,铝塑板,344,False,,Khác / chưa xác định
3474,创意/设计灯,343,False,,Khác / chưa xác định
3475,旅行包,343,False,,Khác / chưa xác định
3476,茶吧机/泡茶机,343,False,,Khác / chưa xác định
3477,雨衣,343,False,,Khác / chưa xác định
3478,光驱/刻录/DVD,342,False,,Khác / chưa xác định
3479,兰蔻 立体塑颜日霜,342,False,,Chăm sóc da mặt
3480,求生绳/逃生绳,342,False,,Khác / chưa xác định
3481,电视墙与操作台,342,False,,Thiết bị điện tử gia đình
3482,和纸胶带,341,False,,Văn phòng phẩm
3483,战术背心,341,False,,Áo nam
3484,钥匙箱,341,False,,Khác / chưa xác định
3485,餐巾,341,False,,Khác / chưa xác định
3486,西餐餐叉,340,False,,Khác / chưa xác định
3487,保温包袋,339,False,,Khác / chưa xác định
3488,筛盅,339,False,,Khác / chưa xác định
3489,黄茶,339,False,,"Trà, cà phê & đồ uống"
3490,面膜,338,False,,Chăm sóc da mặt
3491,板牙,337,False,,Khác / chưa xác định
3492,猴头菇,337,False,,Khác / chưa xác định
3493,雨棚,337,False,,Khác / chưa xác định
3494,收纳瓶,336,False,,Khác / chưa xác định
3495,更衣/沐浴帐篷,336,False,,Chăm sóc cơ thể
3496,眼镜链,336,False,,Kính mắt & kính áp tròng
3497,针灸器具（器械）,336,False,,Khác / chưa xác định
3498,中继器/扩展器,335,False,,Khác / chưa xác định
3499,体重秤/健康秤,335,False,,Khác / chưa xác định
3500,兰蔻 水份缘凝霜,334,False,,Chăm sóc da mặt
3501,吊袜带,334,False,,Khác / chưa xác định
3502,宠物推车,334,False,,Khác / chưa xác định
3503,文具收纳盒,334,False,,Văn phòng phẩm
3504,文稿纸/草稿纸,334,False,,Khác / chưa xác định
3505,痰盂,334,False,,Khác / chưa xác định
3506,铅皮,334,False,,Khác / chưa xác định
3507,拳击服,333,False,,Khác / chưa xác định
3508,药柜,333,False,,Khác / chưa xác định
3509,起动器,333,False,,Khác / chưa xác định
3510,过滤器,333,False,,Khác / chưa xác định
3511,防护耳罩,333,False,,"Mũ, khăn & găng tay"
3512,多功能棋,332,False,,Khác / chưa xác định
3513,防护面罩,332,False,,Khác / chưa xác định
3514,半轴,331,False,,Khác / chưa xác định
3515,发热鞋垫,331,False,,Phụ kiện giày
3516,滑板轮子,331,False,,Tập luyện & thể hình
3517,灭火毯,331,False,,Khác / chưa xác định
3518,轮眉,331,False,,Khác / chưa xác định
3519,兰蔻 清滢清洁大蓝水,330,False,,Chăm sóc da mặt
3520,癣症,330,False,,Khác / chưa xác định
3521,儿童冲锋衣,329,False,,Quần áo trẻ em
3522,划船机,329,False,,Khác / chưa xác định
3523,插珠/蘑菇插钉,329,False,,Khác / chưa xác định
3524,背带,329,False,,Khác / chưa xác định
3525,自行车把立,329,False,,Xe đạp & xe điện
3526,塞尺,328,False,,Khác / chưa xác định
3527,婴童床垫,328,False,,Nội thất phòng ngủ
3528,工作站,328,False,,Khác / chưa xác định
3529,挡圈/卡簧钳,328,False,,Khác / chưa xác định
3530,蛋白粉,328,False,,Khác / chưa xác định
3531,音频接口,328,False,,Khác / chưa xác định
3532,三极管,327,False,,Khác / chưa xác định
3533,仿真器/下载器,327,False,,Khác / chưa xác định
3534,吉他-古典吉他,327,False,,Âm thanh & nhạc cụ
3535,手卷钢琴,327,False,,Âm thanh & nhạc cụ
3536,篮球包/篮球袋,327,False,,Thể thao bóng
3537,草裙舞套装,327,False,,Khác / chưa xác định
3538,香熏灯炉/器具,327,False,,Khác / chưa xác định
3539,唢呐,326,False,,Khác / chưa xác định
3540,新能源汽车充电设备/充电桩,326,False,,Ô tô: phụ tùng & phụ kiện
3541,浴室玻璃夹,326,False,,Khác / chưa xác định
3542,生态瓶/创意缸/桌面微景缸,326,False,,Khác / chưa xác định
3543,电子书保护套,326,False,,Điện thoại & phụ kiện
3544,直流稳压电源,326,False,,Linh kiện & thiết bị điện
3545,触摸屏手套,326,False,,"Mũ, khăn & găng tay"
3546,有线通信/接口模块/扩展板,325,False,,Khác / chưa xác định
3547,档案袋,325,False,,Khác / chưa xác định
3548,监听音箱,325,False,,Âm thanh & nhạc cụ
3549,圆锥滚子轴承,324,False,,Khác / chưa xác định
3550,摩托车钥匙,324,False,,Khác / chưa xác định
3551,瑜伽铺巾,324,False,,Tập luyện & thể hình
3552,睫毛卷翘器,324,False,,Trang điểm
3553,分频器,323,False,,Khác / chưa xác định
3554,钓鱼报警器,323,False,,Thiết bị mạng & an ninh
3555,健身路径,322,False,,Tập luyện & thể hình
3556,沐浴棉/浴擦,322,False,,Chăm sóc cơ thể
3557,香肠/热狗机,322,False,,Khác / chưa xác định
3558,香蕉干/片,322,False,,Khác / chưa xác định
3559,婚纱手套,321,True,rare,"Mũ, khăn & găng tay"
3560,小儿感冒,321,False,,Khác / chưa xác định
3561,拖拉学步玩具,321,False,,Đồ chơi mô hình & điều khiển
3562,撑杆,321,False,,Khác / chưa xác định
3563,电暖手器/电暖足器,321,False,,Khác / chưa xác định
3564,兰蔻 立体塑颜晚霜,320,False,,Chăm sóc da mặt
3565,创口贴,320,False,,Khác / chưa xác định
3566,工程解决方案,320,False,,Khác / chưa xác định
3567,拎环,320,False,,Khác / chưa xác định
3568,甲醛检测仪,320,False,,"Đồng hồ, thiết bị đo lường"
3569,钓鱼手套,320,False,,"Mũ, khăn & găng tay"
3570,隔离变压器,320,False,,Linh kiện & thiết bị điện
3571,玩具吉他,319,False,,Âm thanh & nhạc cụ
3572,空调挡风板,319,False,,Điện lạnh & điều hòa
3573,蟹,319,False,,Khác / chưa xác định
3574,饮水器,319,False,,Khác / chưa xác định
3575,强手棋/大富翁棋,318,False,,Khác / chưa xác định
3576,暗插销,318,False,,Khác / chưa xác định
3577,蒸汽拖把,318,False,,Dụng cụ vệ sinh nhà cửa
3578,隔尿垫巾,318,False,,Khác / chưa xác định
3579,儿童牛仔裤,317,False,,Quần & váy
3580,隐形眼镜伴侣,317,False,,Kính mắt & kính áp tròng
3581,公路自行车,316,False,,Xe đạp & xe điện
3582,铜管,316,False,,Khác / chưa xác định
3583,摇篮,315,False,,Khác / chưa xác định
3584,智能翻译机,315,False,,Khác / chưa xác định
3585,荧光板,315,False,,Khác / chưa xác định
3586,冰垫,314,False,,Khác / chưa xác định
3587,刀,314,False,,Khác / chưa xác định
3588,战术手套/军迷手套,314,False,,"Mũ, khăn & găng tay"
3589,擦银布,314,False,,Khác / chưa xác định
3590,玻璃钉,314,False,,Khác / chưa xác định
3591,皮带及传动组件,314,False,,"Mũ, khăn & găng tay"
3592,跳棋,314,False,,Khác / chưa xác định
3593,鹰嘴断线钳,314,False,,Khác / chưa xác định
3594,18650电池盒,313,False,,Khác / chưa xác định
3595,茶夹,313,False,,Khác / chưa xác định
3596,香薰摆件,313,False,,Nước hoa & hương thơm
3597,麻将桌,313,False,,Khác / chưa xác định
3598,军迷帽/奔尼帽/平顶帽/解放帽,312,False,,Đồ dùng quân sự & mô phỏng
3599,搭扣,312,False,,Khác / chưa xác định
3600,金箔,312,False,,Khác / chưa xác định
3601,防水箱,312,False,,Khác / chưa xác định
3602,几何形状套柱,311,False,,Khác / chưa xác định
3603,创意坐垫,311,False,,Ô tô: phụ tùng & phụ kiện
3604,安神补脑,311,False,,Khác / chưa xác định
3605,摩托车火花塞,311,False,,Khác / chưa xác định
3606,文化创意手环,311,False,,Khác / chưa xác định
3607,方向盘助力器,311,False,,Dụng cụ nhà bếp
3608,脱卸合页,311,False,,Khác / chưa xác định
3609,遮阳帽/沙滩帽,311,False,,Khác / chưa xác định
3610,金刚锉,311,False,,Khác / chưa xác định
3611,兔兔磨牙,310,False,,Khác / chưa xác định
3612,兰蔻 菁纯玫瑰美容液爽肤水,310,False,,Chăm sóc da mặt
3613,手用钢锯条,310,False,,Dụng cụ cầm tay
3614,棕榈床垫,310,False,,Nội thất phòng ngủ
3615,爽肤水,310,False,,Chăm sóc da mặt
3616,电动拖把/电动扫把,310,False,,Dụng cụ vệ sinh nhà cửa
3617,相册,310,False,,Khác / chưa xác định
3618,备胎罩,309,False,,Khác / chưa xác định
3619,车锁,309,False,,Khác / chưa xác định
3620,便利尿袋,308,False,,Khác / chưa xác định
3621,冲击钻头,308,False,,Khác / chưa xác định
3622,哑鼓垫,308,False,,Khác / chưa xác định
3623,锥子,308,False,,Khác / chưa xác định
3624,倒角机,307,False,,Khác / chưa xác định
3625,沙包,307,False,,Khác / chưa xác định
3626,冰刀鞋,306,False,,Khác / chưa xác định
3627,勺,306,False,,Khác / chưa xác định
3628,羽绒连体衣,306,False,,Quần áo trẻ em
3629,整流器,305,False,,Khác / chưa xác định
3630,模块接口卡,305,False,,Khác / chưa xác định
3631,美容修剪器,305,False,,Khác / chưa xác định
3632,服装货架,304,False,,Tủ & kệ lưu trữ
3633,浴池/浴盆,304,False,,Khác / chưa xác định
3634,芋头,304,False,,Khác / chưa xác định
3635,单肩包,303,False,,Khác / chưa xác định
3636,反光器具,303,False,,Khác / chưa xác định
3637,四驱车零配件/工具,303,False,,Khác / chưa xác định
3638,扑克,303,False,,Khác / chưa xác định
3639,磨刀器,303,False,,Khác / chưa xác định
3640,穿串器,303,False,,Khác / chưa xác định
3641,缠绕膜,303,False,,Khác / chưa xác định
3642,车用笔记本架,303,False,,Máy tính & phụ kiện
3643,锯片铣刀,303,False,,Dụng cụ cầm tay
3644,商用吸尘器,302,False,,Thiết bị gia dụng nhỏ
3645,经纬仪,302,False,,Khác / chưa xác định
3646,鳄鱼夹/弹簧夹/电夹,302,False,,Khác / chưa xác định
3647,守门员手套,301,False,,"Mũ, khăn & găng tay"
3648,电子辞典,301,False,,Khác / chưa xác định
3649,相机腕带,301,False,,Camera & nhiếp ảnh
3650,美发转灯,301,False,,Khác / chưa xác định
3651,腰包/臂包/拎包,301,False,,Túi xách & vali
3652,跆拳道场馆垫,301,False,,Khác / chưa xác định
3653,酒店沙发,301,False,,Nội thất phòng khách
3654,兰蔻 水份缘啫喱,300,False,,Chăm sóc da mặt
3655,兰蔻 臻白洗面奶,300,False,,Chăm sóc da mặt
3656,视频线,300,False,,Văn phòng phẩm
3657,墙体探测仪,299,False,,Khác / chưa xác định
3658,头饰,299,False,,Khác / chưa xác định
3659,琴凳/键盘凳,299,False,,Dụng cụ nhà bếp
3660,羊肉串,299,False,,Khác / chưa xác định
3661,半成品肉类,298,False,,Khác / chưa xác định
3662,棒球棒,298,False,,Khác / chưa xác định
3663,烹饪工具套装,298,False,,Khác / chưa xác định
3664,雨伞,298,False,,Khác / chưa xác định
3665,T区护理套装,297,False,,Khác / chưa xác định
3666,乒乓球台,297,False,,Thể thao bóng
3667,刹车盘,297,False,,Dụng cụ nhà bếp
3668,海绵,297,False,,Khác / chưa xác định
3669,琴桌,297,False,,Khác / chưa xác định
3670,国际五官用药,296,False,,Khác / chưa xác định
3671,平板电脑包,296,False,,Máy tính & phụ kiện
3672,气缸体,296,False,,Khác / chưa xác định
3673,防静电地板,295,False,,Vật liệu xây dựng
3674,雅诗兰黛 浓缩高能小棕瓶20ml,295,False,,Khác / chưa xác định
3675,音乐话筒,295,False,,Khác / chưa xác định
3676,鲳鱼,295,False,,"Thịt, cá & hải sản"
3677,名片册,294,False,,Văn phòng phẩm
3678,山核桃,294,False,,Khác / chưa xác định
3679,润滑剂,294,False,,Khác / chưa xác định
3680,温控器,294,False,,Khác / chưa xác định
3681,炒菜机/烹饪锅,294,False,,Khác / chưa xác định
3682,药店展柜,294,False,,Khác / chưa xác định
3683,防撞器,294,False,,Ô tô: phụ tùng & phụ kiện
3684,太阳能发电机,293,False,,Máy móc công nghiệp
3685,照明模块,293,False,,Đèn & chiếu sáng
3686,羊奶,293,False,,Khác / chưa xác định
3687,竹笋,292,False,,Khác / chưa xác định
3688,便厕用具（器械）,291,False,,Khác / chưa xác định
3689,袖标,291,False,,Khác / chưa xác định
3690,酒签,291,False,,Khác / chưa xác định
3691,木线条,290,False,,Khác / chưa xác định
3692,跳栏/跳格梯,290,False,,Khác / chưa xác định
3693,摩登舞上装,289,False,,Khác / chưa xác định
3694,架子鼓,289,False,,Khác / chưa xác định
3695,洗浴护肤礼盒,289,False,,Chăm sóc da mặt
3696,牛腱子,289,False,,Khác / chưa xác định
3697,太极扇,288,False,,Khác / chưa xác định
3698,推力球轴承,287,False,,Khác / chưa xác định
3699,沙滩帐/钓鱼遮阳帐篷,287,False,,Cắm trại & dã ngoại
3700,滑板/活力板,287,False,,Tập luyện & thể hình
3701,兰蔻 菁纯美容液,286,False,,Chăm sóc da mặt
3702,戏水玩具,286,False,,Đồ chơi mô hình & điều khiển
3703,纸尿片,286,False,,Khác / chưa xác định
3704,荧光棒,286,False,,Khác / chưa xác định
3705,落地衣帽架,286,False,,Tủ & kệ lưu trữ
3706,音频线/数据线,286,False,,Điện thoại & phụ kiện
3707,毛管/PE管,285,False,,Khác / chưa xác định
3708,螺丝车刀,285,False,,Khác / chưa xác định
3709,夜视镜,284,False,,Khác / chưa xác định
3710,手风琴,284,False,,Khác / chưa xác định
3711,数码相框,284,False,,Đồ trang trí nhà cửa
3712,汽车升降机,284,False,,Ô tô: phụ tùng & phụ kiện
3713,油性木器漆,284,False,,Khác / chưa xác định
3714,人体秤/体重秤,283,False,,Khác / chưa xác định
3715,图钉/工字钉,283,False,,Khác / chưa xác định
3716,斑鱼,283,False,,"Thịt, cá & hải sản"
3717,木工斧,283,False,,Khác / chưa xác định
3718,游泳浮标,283,False,,Đồ bơi & thể thao nước
3719,电动车开关,283,False,,Linh kiện & thiết bị điện
3720,壁纸铲刀,282,False,,Khác / chưa xác định
3721,棉花糖机,282,False,,Khác / chưa xác định
3722,鞋/靴干洗剂,282,False,,Dụng cụ vệ sinh nhà cửa
3723,兰蔻 小黑瓶面膜,281,False,,Chăm sóc da mặt
3724,刹车油,281,False,,Khác / chưa xác định
3725,NAS网络储存,280,False,,Khác / chưa xác định
3726,背景音乐控制器,280,False,,Khác / chưa xác định
3727,花卉药剂,280,False,,Khác / chưa xác định
3728,摩托车拉线,279,False,,Văn phòng phẩm
3729,文化创意化妆镜,279,False,,Mỹ phẩm dụng cụ & phụ kiện
3730,辅助道具类,279,False,,Khác / chưa xác định
3731,助行器（器械）,278,False,,Khác / chưa xác định
3732,战鼓,278,False,,Khác / chưa xác định
3733,手机镜头保护贴,278,False,,Camera & nhiếp ảnh
3734,排球服,278,False,,Khác / chưa xác định
3735,水果种子/种苗,278,False,,Nông nghiệp & làm vườn
3736,热熔胶棒,278,False,,Khác / chưa xác định
3737,玻璃砖,278,False,,Khác / chưa xác định
3738,睡眠仪,278,False,,Khác / chưa xác định
3739,门铃开关,278,False,,Linh kiện & thiết bị điện
3740,振动电机/震动马达,277,False,,Khác / chưa xác định
3741,椰子片,277,False,,Khác / chưa xác định
3742,榴莲干,277,False,,Khác / chưa xác định
3743,滑雪裤,277,False,,Khác / chưa xác định
3744,音响改装工具,277,False,,Thiết bị điện tử gia đình
3745,双胞胎推车,276,False,,Khác / chưa xác định
3746,太阳能灯,276,False,,Khác / chưa xác định
3747,巧克力酱,276,False,,Khác / chưa xác định
3748,界面剂,276,False,,Khác / chưa xác định
3749,精密空调,276,False,,Điện lạnh & điều hòa
3750,网球,276,False,,Thể thao bóng
3751,足球球门,276,False,,Thể thao bóng
3752,面条机,275,True,tail,"Gạo, mì & ngũ cốc"
3753,埙,274,False,,Khác / chưa xác định
3754,学步带,274,False,,Khác / chưa xác định
3755,美眼仪,274,False,,Khác / chưa xác định
3756,冲饮红糖,273,False,,Khác / chưa xác định
3757,哈密瓜,273,False,,Khác / chưa xác định
3758,开橙器/剥橙器,273,False,,Khác / chưa xác định
3759,提琴弓,273,False,,Khác / chưa xác định
3760,书报架/展示架,272,False,,Thiết bị thương mại
3761,彩带,272,False,,Khác / chưa xác định
3762,防雾剂/帖,272,False,,Khác / chưa xác định
3763,打火石/点火棒,271,False,,Khác / chưa xác định
3764,晾衣绳,271,False,,Khác / chưa xác định
3765,水写布,271,False,,Khác / chưa xác định
3766,漏缝地板/格栅地板,271,False,,Vật liệu xây dựng
3767,电热带,271,False,,"Nồi, chảo & đồ nấu ăn"
3768,空气源热泵热水器,271,False,,Khác / chưa xác định
3769,乐器盒,270,False,,Âm thanh & nhạc cụ
3770,文化创意邮册/出版物/徽章,270,False,,Khác / chưa xác định
3771,潜水箱包,270,False,,Khác / chưa xác định
3772,电子灭蚊器,270,False,,Khác / chưa xác định
3773,花园水泵,270,False,,"Đồng hồ, thiết bị đo lường"
3774,运动水壶,270,False,,Bình nước & đồ uống
3775,面包展柜,270,False,,Khác / chưa xác định
3776,报警按钮,269,False,,Khác / chưa xác định
3777,松香等低值易耗品,269,False,,Khác / chưa xác định
3778,潜水照明装备,269,False,,Đèn & chiếu sáng
3779,电动车前叉/减震装置,269,False,,Xe đạp & xe điện
3780,蚕宝宝,269,False,,Đồ dùng cho bé
3781,蛋糕制作套装,269,False,,Đồ ăn vặt
3782,轴承合页,269,False,,Khác / chưa xác định
3783,智能腕表,268,False,,Đồng hồ
3784,创意门挡,267,False,,Khác / chưa xác định
3785,止吠器,267,False,,Khác / chưa xác định
3786,眼,267,False,,Khác / chưa xác định
3787,负重装备,267,False,,Khác / chưa xác định
3788,踏步机,267,False,,Khác / chưa xác định
3789,乳鸽,266,False,,Khác / chưa xác định
3790,电动车车载充电器,266,False,,Điện thoại & phụ kiện
3791,红酒架,266,False,,Rượu vang & rượu mạnh
3792,转盘轴承/回转轴承,266,False,,Dụng cụ nhà bếp
3793,钢锯,266,False,,Dụng cụ cầm tay
3794,嵌入式电蒸箱,265,False,,Khác / chưa xác định
3795,手用丝锥,265,False,,Khác / chưa xác định
3796,移动固态硬盘,265,False,,Dụng cụ nhà bếp
3797,轮毂喷膜,265,False,,Ô tô: phụ tùng & phụ kiện
3798,配电设备,265,False,,Khác / chưa xác định
3799,鼻烟,265,False,,Khác / chưa xác định
3800,儿童运动套装,264,False,,Khác / chưa xác định
3801,姬松茸,264,False,,Khác / chưa xác định
3802,尾灯总成,264,False,,Khác / chưa xác định
3803,浴沙,264,False,,Khác / chưa xác định
3804,男士防晒乳霜,264,False,,Chăm sóc da mặt
3805,钓鱼船,264,False,,Câu cá & săn bắn
3806,儿童床垫,263,False,,Nội thất phòng ngủ
3807,尿布袋/床头挂袋,263,False,,Khác / chưa xác định
3808,摩托车导航/手机/对讲机支架,263,False,,Điện thoại & phụ kiện
3809,路障,263,False,,Khác / chưa xác định
3810,防尘口罩,263,False,,"Mũ, khăn & găng tay"
3811,汇流排,262,False,,Khác / chưa xác định
3812,畜牧药品,262,False,,Sức khỏe & thiết bị y tế
3813,砂轮机,262,False,,Khác / chưa xác định
3814,胎毛章,262,False,,Khác / chưa xác định
3815,酒吧凳,262,False,,Khác / chưa xác định
3816,黄瓜,262,False,,Khác / chưa xác định
3817,中心钻,261,False,,Khác / chưa xác định
3818,传动轴,261,False,,Khác / chưa xác định
3819,墨斗,261,False,,Khác / chưa xác định
3820,摩托车齿轮,261,False,,Khác / chưa xác định
3821,6角长套筒,260,False,,Khác / chưa xác định
3822,保健理疗,260,False,,Sức khỏe & thiết bị y tế
3823,军大衣/棉大衣,260,False,,Áo khoác & trang phục giữ ấm
3824,创意钥匙包,260,False,,Túi xách & vali
3825,玉雕,260,False,,Khác / chưa xác định
3826,装饰性轮眉,260,False,,Khác / chưa xác định
3827,断电报警器,259,False,,Thiết bị mạng & an ninh
3828,暗箱扣,259,False,,Khác / chưa xác định
3829,浮漂座,259,False,,Khác / chưa xác định
3830,兰蔻 小黑瓶安瓶精华,258,False,,Chăm sóc da mặt
3831,商用打蛋搅拌机,258,False,,Thiết bị thương mại
3832,布艺用品清洁剂,258,False,,"Rèm, thảm & vải gia dụng"
3833,活页替芯,258,False,,Khác / chưa xác định
3834,贝司-电贝司,258,False,,Khác / chưa xác định
3835,刨冰机/碎冰机,257,False,,Khác / chưa xác định
3836,呼吸器,257,False,,Khác / chưa xác định
3837,婴儿皂/儿童皂/香皂,257,False,,Đồ dùng cho bé
3838,羽毛球拍线,257,False,,Thể thao bóng
3839,头皮护理,256,False,,Khác / chưa xác định
3840,跳舞毯,256,False,,Khác / chưa xác định
3841,酸角,256,False,,Khác / chưa xác định
3842,面包机,256,False,,Khác / chưa xác định
3843,定时器/时控开关,255,False,,Linh kiện & thiết bị điện
3844,床围/床靠,255,False,,Khác / chưa xác định
3845,曲轴及部件,255,False,,Khác / chưa xác định
3846,汽车背带,255,False,,Ô tô: phụ tùng & phụ kiện
3847,沙发（原婴童）,254,False,,Nội thất phòng khách
3848,钳工锉,254,False,,Khác / chưa xác định
3849,兰蔻 水份缘晚霜,253,False,,Chăm sóc da mặt
3850,圣诞袜,253,False,,Khác / chưa xác định
3851,奶瓶储存盒/奶瓶盒,253,False,,Đồ dùng cho bé
3852,子母合页,253,False,,Khác / chưa xác định
3853,晶闸管/可控硅,253,False,,Khác / chưa xác định
3854,芭乐,253,False,,Khác / chưa xác định
3855,兰蔻 根源美容液,252,False,,Chăm sóc da mặt
3856,勋章/臂章/肩章/纪念章,252,False,,Khác / chưa xác định
3857,暗合页,252,False,,Khác / chưa xác định
3858,甜品制作套装,252,False,,Khác / chưa xác định
3859,绷带纱布,252,False,,Khác / chưa xác định
3860,首饰箱,252,False,,Trang sức
3861,核桃油,251,False,,Khác / chưa xác định
3862,根雕茶几,251,False,,Nội thất phòng khách
3863,砚台,251,False,,Khác / chưa xác định
3864,鹅肉类,251,False,,Khác / chưa xác định
3865,帝王蟹,250,False,,Khác / chưa xác định
3866,蟋蟀,250,False,,Khác / chưa xác định
3867,DIY面膜工具,249,False,,Chăm sóc da mặt
3868,快门线,249,False,,Văn phòng phẩm
3869,手臂浮圈,249,False,,Khác / chưa xác định
3870,描图/硫酸纸,249,False,,Khác / chưa xác định
3871,洗地机,249,False,,Khác / chưa xác định
3872,烘焙机,249,False,,Khác / chưa xác định
3873,眼镜清洁器,249,False,,Kính mắt & kính áp tròng
3874,美容小工具,249,False,,Khác / chưa xác định
3875,贝系列,249,False,,Khác / chưa xác định
3876,暖奶器/加热器,248,False,,Khác / chưa xác định
3877,通用汽修组套,248,False,,Khác / chưa xác định
3878,镜头盖,248,False,,Camera & nhiếp ảnh
3879,伞绳,247,False,,Khác / chưa xác định
3880,御泥坊 美白嫩肤润肤水,247,False,,Chăm sóc da mặt
3881,快板,247,False,,Khác / chưa xác định
3882,电动车后备箱,247,False,,Xe đạp & xe điện
3883,鼻,247,False,,Khác / chưa xác định
3884,割炬,246,False,,Khác / chưa xác định
3885,吉他-电箱吉他,246,False,,Âm thanh & nhạc cụ
3886,小号,246,False,,Khác / chưa xác định
3887,控制变压器,246,False,,Linh kiện & thiết bị điện
3888,爽身粉,246,False,,Khác / chưa xác định
3889,电动车脚垫,246,False,,Xe đạp & xe điện
3890,IC起拔器,245,False,,Khác / chưa xác định
3891,汽车玻璃防雾剂/驱水剂,245,False,,Ô tô: phụ tùng & phụ kiện
3892,茶匙,245,False,,Khác / chưa xác định
3893,配线架,245,False,,Khác / chưa xác định
3894,音调板,245,False,,Khác / chưa xác định
3895,围裙套装,244,False,,Khác / chưa xác định
3896,手机散热器,244,False,,Điện thoại & phụ kiện
3897,鞋袜除臭剂,244,False,,Khác / chưa xác định
3898,刹车卡钳罩,243,False,,Khác / chưa xác định
3899,奶油球,243,False,,Khác / chưa xác định
3900,玉米油,243,False,,Khác / chưa xác định
3901,健身踏板/韵律踏板,242,False,,Tập luyện & thể hình
3902,头盔耳机,242,False,,Âm thanh & nhạc cụ
3903,打窝船,242,False,,Khác / chưa xác định
3904,数码线材,242,False,,Khác / chưa xác định
3905,电动车手机导航支架,242,False,,Điện thoại & phụ kiện
3906,化妆刷收纳盒/桶,241,False,,Trang điểm
3907,宠物车载垫,241,False,,Ô tô: phụ tùng & phụ kiện
3908,开关套,241,False,,Linh kiện & thiết bị điện
3909,标本类装饰画,241,False,,Đồ trang trí nhà cửa
3910,碳化木,241,False,,Khác / chưa xác định
3911,衣物收纳柜/简易衣橱,241,False,,Tủ & kệ lưu trữ
3912,铝合金梯子/移动爬梯,241,False,,Khác / chưa xác định
3913,风力发电机,241,False,,Máy móc công nghiệp
3914,驱蚊手带,241,False,,Khác / chưa xác định
3915,单/三相全自动稳压器,240,False,,Khác / chưa xác định
3916,肥料,240,False,,Nông nghiệp & làm vườn
3917,豆芽机,240,False,,Khác / chưa xác định
3918,钳工锤,240,False,,Khác / chưa xác định
3919,分水器,239,False,,Khác / chưa xác định
3920,杂物袋,239,False,,Khác / chưa xác định
3921,气缸及部件,239,False,,Khác / chưa xác định
3922,耳塞保护套,239,False,,Điện thoại & phụ kiện
3923,购物车,239,False,,Khác / chưa xác định
3924,火柴,238,False,,Khác / chưa xác định
3925,直播专用支架,238,False,,Linh kiện & thiết bị điện
3926,自行车车把,238,False,,Xe đạp & xe điện
3927,衣柜床,237,False,,Nội thất phòng ngủ
3928,创意抱枕,236,False,,"Rèm, thảm & vải gia dụng"
3929,四通,236,False,,Khác / chưa xác định
3930,酒精测试仪,236,False,,Khác / chưa xác định
3931,乒乓球服,235,False,,Thể thao bóng
3932,大盘卷纸,235,False,,Dụng cụ nhà bếp
3933,运动内裤,235,False,,Đồ lót & đồ ngủ
3934,暖宫带/经期护理仪,234,False,,Khác / chưa xác định
3935,电池收纳盒,234,False,,Khác / chưa xác định
3936,紧急冲淋装置及洗眼器,234,False,,Khác / chưa xác định
3937,耳机(麦),234,False,,Âm thanh & nhạc cụ
3938,门护栏,234,False,,Khác / chưa xác định
3939,集成电路（IC）,234,False,,Khác / chưa xác định
3940,九节鞭,233,False,,Khác / chưa xác định
3941,公共椅,233,False,,Khác / chưa xác định
3942,御泥坊 皙白透亮防晒乳液,233,False,,Chăm sóc da mặt
3943,文化创意杯垫/餐垫,233,False,,Khác / chưa xác định
3944,柚脯/柚干,233,False,,Khác / chưa xác định
3945,梳妆台+梳妆凳,233,False,,Nội thất phòng ngủ
3946,雨挡,233,False,,Khác / chưa xác định
3947,剑道服,232,False,,Khác / chưa xác định
3948,吊环,232,False,,Khác / chưa xác định
3949,婴童凉席,232,False,,Khác / chưa xác định
3950,麻将垫,232,False,,Khác / chưa xác định
3951,AI语音助手,231,False,,Khác / chưa xác định
3952,婚纱裙撑,231,False,,Đồ cưới & trang trí sự kiện
3953,湿厕纸,231,False,,Khác / chưa xác định
3954,锁具,231,False,,Vật liệu xây dựng
3955,刹车油管,230,False,,Khác / chưa xác định
3956,牛腩,230,False,,Khác / chưa xác định
3957,玻璃铰链,230,False,,Khác / chưa xác định
3958,绳索,230,False,,Khác / chưa xác định
3959,蛏子,230,False,,Khác / chưa xác định
3960,车用衣服架,230,False,,Khác / chưa xác định
3961,无叶风扇,229,False,,Điện lạnh & điều hòa
3962,木凿,229,False,,Khác / chưa xác định
3963,纱布绷带（器械）,229,False,,Khác / chưa xác định
3964,佛手果,228,False,,Đồ dùng tôn giáo & phong thủy
3965,冷媒,228,False,,Khác / chưa xác định
3966,圆柱滚子轴承,228,False,,Khác / chưa xác định
3967,扬琴,228,False,,Khác / chưa xác định
3968,护具,228,False,,Sức khỏe & thiết bị y tế
3969,板擦,228,False,,Khác / chưa xác định
3970,瑜伽包,228,False,,Tập luyện & thể hình
3971,多彩喷涂枪,227,False,,Khác / chưa xác định
3972,烧烤架,227,False,,Dụng cụ nhà bếp
3973,三件套,226,False,,Khác / chưa xác định
3974,底盘装甲,226,False,,Dụng cụ nhà bếp
3975,泰国香米,226,False,,Khác / chưa xác định
3976,蟹棒,226,False,,Khác / chưa xác định
3977,跷跷板,226,False,,Khác / chưa xác định
3978,风镜/眼镜,226,False,,Kính mắt & kính áp tròng
3979,食盐,226,False,,Khác / chưa xác định
3980,DIY仿真材料,225,False,,Khác / chưa xác định
3981,剧院椅系列,225,False,,Khác / chưa xác định
3982,地暖发热电热膜,225,False,,"Nồi, chảo & đồ nấu ăn"
3983,太阳能热水器,225,False,,Khác / chưa xác định
3984,居家日用套装,225,False,,Khác / chưa xác định
3985,报警模块,225,False,,Khác / chưa xác định
3986,滑雪衣裤套装,225,False,,Khác / chưa xác định
3987,蟹八件,225,False,,Khác / chưa xác định
3988,床单定制定做,224,False,,Chăn ga gối đệm
3989,弹力棒/健身棒,224,False,,Tập luyện & thể hình
3990,消防服,224,False,,Phòng cháy chữa cháy
3991,胸部防护用品,224,False,,Khác / chưa xác định
3992,葵花籽油,224,False,,Khác / chưa xác định
3993,随身wifi,224,False,,Khác / chưa xác định
3994,刀鞘/刀套,223,False,,Khác / chưa xác định
3995,烘干机,223,False,,Khác / chưa xác định
3996,玻璃餐具套装,223,False,,Dụng cụ nhà bếp
3997,警铃,223,False,,Khác / chưa xác định
3998,厕所,221,False,,Khác / chưa xác định
3999,调色盘,221,False,,Dụng cụ nhà bếp
4000,围巾/围脖,220,False,,"Mũ, khăn & găng tay"
4001,按摩枪,220,False,,Khác / chưa xác định
4002,柴油添加剂,220,True,rare,Nhiên liệu & phụ gia
4003,汽车电路测电笔,220,False,,Ô tô: phụ tùng & phụ kiện
4004,潜水袜,220,False,,Khác / chưa xác định
4005,茶海,220,False,,Khác / chưa xác định
4006,雪茄柜,220,False,,Đồ dùng hút thuốc
4007,液压开孔器,219,False,,Máy móc công nghiệp
4008,链盘,219,False,,Dụng cụ nhà bếp
4009,防丢器,219,False,,Khác / chưa xác định
4010,顶箱柜,219,False,,Khác / chưa xác định
4011,智能飞行,218,False,,Khác / chưa xác định
4012,衣柜贴,218,False,,Tủ & kệ lưu trữ
4013,镜头纸/镜头布,218,False,,Camera & nhiếp ảnh
4014,驼奶及驼奶粉,218,False,,Sữa & thực phẩm cho bé
4015,3D眼镜,217,False,,Kính mắt & kính áp tròng
4016,喷笔,217,False,,Văn phòng phẩm
4017,婚庆公仔,217,False,,Đồ cưới & trang trí sự kiện
4018,调制乳（风味奶）,217,False,,Khác / chưa xác định
4019,动感单车,216,False,,Khác / chưa xác định
4020,巴乌,216,False,,Khác / chưa xác định
4021,打火机,216,False,,Quà tặng & đồ lưu niệm
4022,温度继电器,216,False,,Khác / chưa xác định
4023,收纳盒,215,False,,Khác / chưa xác định
4024,求生哨,215,False,,Khác / chưa xác định
4025,眼镜护理剂,215,False,,Kính mắt & kính áp tròng
4026,石工凿,215,False,,Khác / chưa xác định
4027,飞盘,215,False,,Dụng cụ nhà bếp
4028,坚果制品,214,False,,Đồ ăn vặt
4029,接线柱,214,False,,Khác / chưa xác định
4030,洗护/清洁泡沫机/洗手机,214,False,,Điện thoại & phụ kiện
4031,烧烤车,214,False,,Khác / chưa xác định
4032,砂轮整形刀,214,False,,Khác / chưa xác định
4033,端子,214,False,,Khác / chưa xác định
4034,冲浪板,213,False,,Đồ bơi & thể thao nước
4035,带表卡尺,213,False,,Khác / chưa xác định
4036,擦屏布,213,False,,Khác / chưa xác định
4037,气铲/气锹,213,False,,Khác / chưa xác định
4038,汽车清洗手套,213,False,,"Mũ, khăn & găng tay"
4039,油画棒,213,False,,Đồ trang trí nhà cửa
4040,胎毛笔,213,False,,Văn phòng phẩm
4041,踢脚板,213,False,,Khác / chưa xác định
4042,门幅,213,False,,Khác / chưa xác định
4043,防割手套,213,False,,"Mũ, khăn & găng tay"
4044,兰蔻 菁纯精萃精华乳,212,False,,Chăm sóc da mặt
4045,医用病床,212,False,,Sức khỏe & thiết bị y tế
4046,收纳筐,212,False,,Khác / chưa xác định
4047,灯架/灯夹,212,False,,Khác / chưa xác định
4048,电工电器成套设备,212,False,,Khác / chưa xác định
4049,胶带切割器,212,False,,Văn phòng phẩm
4050,自行车车架,212,False,,Xe đạp & xe điện
4051,萝卜,212,False,,Khác / chưa xác định
4052,一次性抹布,211,False,,Khác / chưa xác định
4053,兰蔻 清滢清洁洁面摩丝,211,False,,Chăm sóc da mặt
4054,半空心铆钉,211,False,,Khác / chưa xác định
4055,御泥坊 清爽平衡洁面乳,211,False,,Chăm sóc da mặt
4056,擦手纸,211,False,,Khác / chưa xác định
4057,细沙,211,False,,Khác / chưa xác định
4058,解放包/单肩包,211,False,,Khác / chưa xác định
4059,货架/尾架,211,False,,Tủ & kệ lưu trữ
4060,足部按摩走毯,211,False,,Khác / chưa xác định
4061,USB电脑锁/防盗器,210,False,,Máy tính & phụ kiện
4062,圣诞帽,210,False,,Khác / chưa xác định
4063,手巾/手帕,210,False,,Khác / chưa xác định
4064,护墙板,210,False,,Khác / chưa xác định
4065, 手办收纳盒,209,False,,
4066,什锦锉,209,False,,Khác / chưa xác định
4067,多功能音箱,209,False,,Âm thanh & nhạc cụ
4068,工兵斧/营地斧,209,False,,Khác / chưa xác định
4069,缸盖/缸体,209,False,,Khác / chưa xác định
4070,钢丝绳切断机,209,False,,Khác / chưa xác định
4071,兰蔻 菁纯隔离乳,208,False,,Chăm sóc da mặt
4072,墨鱼丸/花枝丸,208,False,,Khác / chưa xác định
4073,摩托车牌照架,208,False,,Khác / chưa xác định
4074,植物饮料,208,False,,"Trà, cà phê & đồ uống"
4075,烤箱,208,False,,Thiết bị gia dụng nhỏ
4076,空气降温剂,208,False,,Khác / chưa xác định
4077,端景台灯饰,208,False,,Đèn & chiếu sáng
4078,茶台,208,False,,Khác / chưa xác định
4079,表坐,208,False,,Khác / chưa xác định
4080,颈部防护用品,208,False,,Khác / chưa xác định
4081,饼干巧克力,208,False,,Đồ ăn vặt
4082,差速器,207,False,,Khác / chưa xác định
4083,摩托车防盗器,207,False,,Khác / chưa xác định
4084,流水摆件,207,False,,Đồ trang trí nhà cửa
4085,阮,207,False,,Khác / chưa xác định
4086,兰蔻 水份缘精华液,206,False,,Chăm sóc da mặt
4087,堵门/游戏道具,206,False,,Khác / chưa xác định
4088,座管/座杆,206,False,,Khác / chưa xác định
4089,擦窗机器人,206,False,,Đồ chơi mô hình & điều khiển
4090,气体探测仪,206,False,,Khác / chưa xác định
4091,羊肉卷/片,206,False,,Khác / chưa xác định
4092,被子/被芯定制,206,False,,Chăn ga gối đệm
4093,隧道/钻洞,206,False,,Khác / chưa xác định
4094,领带夹,206,False,,Khác / chưa xác định
4095,香草精,206,False,,Khác / chưa xác định
4096,大灯清洗,205,False,,Khác / chưa xác định
4097,烤鸭/酱鸭,205,False,,Khác / chưa xác định
4098,除藻剂,205,False,,Khác / chưa xác định
4099,关东煮机,204,False,,Khác / chưa xác định
4100,反光镜,204,False,,Khác / chưa xác định
4101,生羊腿,204,False,,Khác / chưa xác định
4102,编码器,204,False,,Khác / chưa xác định
4103,自行车水壶,204,False,,Bình nước & đồ uống
4104,运动牛仔裤,204,False,,Quần & váy
4105,龙猫,204,False,,Khác / chưa xác định
4106,取水阀,203,False,,Khác / chưa xác định
4107,摩托车雨衣,203,False,,Khác / chưa xác định
4108,蛋圆饼干,203,False,,Đồ ăn vặt
4109,雪套/套脚,203,False,,Khác / chưa xác định
4110,鱼胶粉,203,False,,Khác / chưa xác định
4111,CD包/夹/袋,202,False,,"Sách, tạp chí & âm nhạc"
4112,三轮推车,202,False,,Khác / chưa xác định
4113,单反手柄,202,False,,Khác / chưa xác định
4114,家具转盘,202,False,,Dụng cụ nhà bếp
4115,底阀,202,False,,Khác / chưa xác định
4116,碗架,202,False,,Dụng cụ nhà bếp
4117,香薰机,202,False,,Nước hoa & hương thơm
4118,中班椅,201,False,,Khác / chưa xác định
4119,儿童书桌椅/写字台（原婴童）,201,False,,Nội thất văn phòng & học tập
4120,橡木酒具,201,False,,Bình nước & đồ uống
4121,轻质砖,201,False,,Khác / chưa xác định
4122,卡洪鼓/箱鼓,200,False,,Khác / chưa xác định
4123,宽带猫/光猫,200,False,,Khác / chưa xác định
4124,松露巧克力,200,False,,Khác / chưa xác định
4125,十字柄套筒扳手,199,False,,Dụng cụ cầm tay
4126,卡通造型橡皮,199,False,,Khác / chưa xác định
4127,变速器/保护器,199,False,,Khác / chưa xác định
4128,园艺手套,199,False,,"Mũ, khăn & găng tay"
4129,机用铰刀,199,False,,Khác / chưa xác định
4130,石工锤,199,False,,Khác / chưa xác định
4131,移动空调,199,False,,Điện lạnh & điều hòa
4132,自行车链条/链条扣,199,False,,Xe đạp & xe điện
4133,训练背心(分组对抗),199,False,,Áo nam
4134,铁环链,199,False,,Khác / chưa xác định
4135,保温奶瓶,198,False,,Đồ dùng cho bé
4136,司机护目镜,198,False,,Bảo hộ lao động
4137,家用剪,198,False,,Khác / chưa xác định
4138,兰蔻 水分缘乳液,197,False,,Chăm sóc da mặt
4139,加应子/李子,197,False,,Khác / chưa xác định
4140,奶皮,197,False,,Khác / chưa xác định
4141,旅行牙刷,197,False,,Chăm sóc răng miệng
4142,标尺,197,False,,Khác / chưa xác định
4143,耳塞,197,False,,Khác / chưa xác định
4144,补胎胶水,197,False,,Văn phòng phẩm
4145,门牌,197,False,,Khác / chưa xác định
4146,刨刀,196,False,,Khác / chưa xác định
4147,擦地拖鞋,196,False,,Khác / chưa xác định
4148,暖手贴,196,False,,Khác / chưa xác định
4149,皮套,196,False,,Khác / chưa xác định
4150,光纤耦合器,195,False,,Khác / chưa xác định
4151,兰蔻 臻白精华乳,195,False,,Chăm sóc da mặt
4152,医用胶带,195,False,,Sức khỏe & thiết bị y tế
4153,接待台,195,False,,Khác / chưa xác định
4154,旅行收纳套装,195,False,,Đồ du lịch & phụ kiện
4155,监听耳机,195,False,,Âm thanh & nhạc cụ
4156,雅诗兰黛 红石榴水 鲜亮焕彩 保湿,195,False,,Khác / chưa xác định
4157,剃须啫喱/剃须膏/剃须泡,194,False,,Khác / chưa xác định
4158,墨仓式多功能一体机,194,False,,Máy tính & phụ kiện
4159,收边条,194,False,,Khác / chưa xác định
4160,暖风机,194,False,,Khác / chưa xác định
4161,祛螨剂,194,False,,Khác / chưa xác định
4162,胀紧套,194,False,,Khác / chưa xác định
4163,船舶/舰艇,194,False,,Thiết bị hàng hải & hàng không
4164,雅诗兰黛 线雕精华专研紧塑精华素小银瓶,194,False,,Chăm sóc da mặt
4165,一体化摄像机,193,False,,Camera & nhiếp ảnh
4166,乒乓球发球机,193,False,,Thể thao bóng
4167,图书音像货架,193,False,,Tủ & kệ lưu trữ
4168,安全预警仪,193,False,,Khác / chưa xác định
4169,户外床/折叠床,193,False,,Nội thất phòng ngủ
4170,玻璃抓,193,False,,Khác / chưa xác định
4171,电话线,193,False,,Điện thoại & phụ kiện
4172,衣物除菌剂,193,False,,Khác / chưa xác định
4173,裹裙/披纱,193,False,,Khác / chưa xác định
4174,冷热敷器具（器械）,192,False,,Khác / chưa xác định
4175,寿司帘,192,False,,Khác / chưa xác định
4176,嵌入式电烤箱,192,False,,Thiết bị gia dụng nhỏ
4177,旅行香皂,192,False,,Chăm sóc cơ thể
4178,旋盖小宝,192,False,,Khác / chưa xác định
4179,电池检测仪,192,False,,"Đồng hồ, thiết bị đo lường"
4180,电源插座/接线板,192,False,,Linh kiện & thiết bị điện
4181,电线管,191,False,,Linh kiện & thiết bị điện
4182,美容台,191,False,,Khác / chưa xác định
4183,诱导剂,191,False,,Khác / chưa xác định
4184,地暖专用管材,190,False,,Vật liệu xây dựng
4185,开道锣,190,False,,Khác / chưa xác định
4186,提琴弦,190,False,,Khác / chưa xác định
4187,数据连接线,190,False,,Văn phòng phẩm
4188,电脑罩,190,False,,Máy tính & phụ kiện
4189,畜牧饲料,190,False,,Khác / chưa xác định
4190,芋圆,190,False,,Khác / chưa xác định
4191,举重床/卧推器,189,False,,Khác / chưa xác định
4192,双排轮,189,False,,Khác / chưa xác định
4193,国际皮肤科药品,189,False,,Sức khỏe & thiết bị y tế
4194,桌上足球台,189,False,,Thể thao bóng
4195,汤类调料/冬阴功汤料,189,False,,Gia vị & thực phẩm khô
4196,汽车遮阳伞,189,False,,Ô tô: phụ tùng & phụ kiện
4197,海苔,189,False,,Đồ ăn vặt
4198,调味汁,189,False,,Khác / chưa xác định
4199,滑板/漂移板砂纸,188,False,,Tập luyện & thể hình
4200,剃须刀片,187,False,,Khác / chưa xác định
4201,太极柔力球,187,False,,Khác / chưa xác định
4202,宝宝耳勺/发光耳勺,187,False,,Đồ dùng cho bé
4203,巧克粉,187,False,,Khác / chưa xác định
4204,控制器,187,False,,Khác / chưa xác định
4205,秧歌配饰,187,False,,Khác / chưa xác định
4206,窗密封条,187,False,,Khác / chưa xác định
4207,苹果卡槽,187,False,,Gia vị & thực phẩm khô
4208,计分牌,187,False,,Khác / chưa xác định
4209,充气筒,186,False,,Khác / chưa xác định
4210,垫料,186,False,,Khác / chưa xác định
4211,布质/软胶积木,186,False,,Đồ chơi mô hình & điều khiển
4212,手工皂模具,186,False,,Đồ thủ công & mỹ thuật
4213,肩垫,186,False,,Khác / chưa xác định
4214,上弦器,185,False,,Khác / chưa xác định
4215,军迷手表,185,False,,Đồng hồ
4216,后桥,185,False,,Khác / chưa xác định
4217,彩色激光多功能一体机,185,False,,Máy tính & phụ kiện
4218,新鲜板栗/板栗仁,185,False,,Khác / chưa xác định
4219,死飞,185,False,,Khác / chưa xác định
4220,老年体检,185,False,,Khác / chưa xác định
4221,蒸饭柜,185,False,,Khác / chưa xác định
4222,装扮布置套餐,185,False,,Khác / chưa xác định
4223,镲片,185,False,,Khác / chưa xác định
4224,OLED,184,False,,Khác / chưa xác định
4225,兰蔻 臻白晶透精华水,184,False,,Chăm sóc da mặt
4226,手机链,184,False,,Điện thoại & phụ kiện
4227,热溶胶枪,184,False,,Khác / chưa xác định
4228,调味盒/调料瓶,184,False,,Gia vị & thực phẩm khô
4229,XBOX手柄,183,False,,Khác / chưa xác định
4230,仓鼠,183,False,,Khác / chưa xác định
4231,冲击螺丝批,183,False,,Khác / chưa xác định
4232,智能安防,183,False,,Khác / chưa xác định
4233,板胡,183,False,,Khác / chưa xác định
4234,真空助力器,183,False,,Khác / chưa xác định
4235,网球包,183,False,,Thể thao bóng
4236,羽毛球训练器,183,False,,Thể thao bóng
4237,Hifi套装,182,False,,Khác / chưa xác định
4238,家具纸,182,False,,Khác / chưa xác định
4239,毯子,182,False,,Khác / chưa xác định
4240,水泵钳,182,False,,"Đồng hồ, thiết bị đo lường"
4241,清洁液,182,False,,Khác / chưa xác định
4242,电吉他弦,182,False,,Âm thanh & nhạc cụ
4243,粘合剂/胶水,182,False,,Văn phòng phẩm
4244,缝纫机/针织机,182,False,,Khác / chưa xác định
4245,保险丝,181,False,,Khác / chưa xác định
4246,商用面条/轧面机,181,False,,"Gạo, mì & ngũ cốc"
4247,汽锅,181,False,,Khác / chưa xác định
4248,衣物收纳袋,181,False,,Khác / chưa xác định
4249,高尔夫练习网,181,False,,Thể thao bóng
4250,儿童自行车,180,False,,Xe đạp & xe điện
4251,单反/单电电池,180,False,,Khác / chưa xác định
4252,眼部保健,180,False,,Khác / chưa xác định
4253,倒立机,179,False,,Khác / chưa xác định
4254,卤味素食,179,False,,Khác / chưa xác định
4255,和室门,179,False,,Khác / chưa xác định
4256,塑身腰腹带,179,False,,Khác / chưa xác định
4257,毛条,179,False,,Khác / chưa xác định
4258,泥板,179,False,,Khác / chưa xác định
4259,紧线钳,179,False,,Khác / chưa xác định
4260,双人床+床头柜,178,False,,Nội thất phòng ngủ
4261,户外/庭院摆件,178,False,,Đồ trang trí nhà cửa
4262,打水桶,178,False,,Dụng cụ nhà bếp
4263,拔步床/架子床,178,False,,Nội thất phòng ngủ
4264,提琴盒/包,178,False,,Khác / chưa xác định
4265,浴房,178,False,,Khác / chưa xác định
4266,电子钳,178,False,,Khác / chưa xác định
4267,古典舞鞋,177,False,,Khác / chưa xác định
4268,无框画挂钟,177,False,,Đồng hồ
4269,油封,177,False,,Khác / chưa xác định
4270,腰部防护用品,177,False,,Khác / chưa xác định
4271,蚊香加热器,177,False,,Khác / chưa xác định
4272,隔热杯,177,False,,Khác / chưa xác định
4273,御泥坊 玫瑰滋养矿物洁面乳,176,False,,Chăm sóc da mặt
4274,牙膏牙刷套装,176,False,,Chăm sóc răng miệng
4275,衣箱,176,False,,Khác / chưa xác định
4276,足底按摩垫,176,False,,Khác / chưa xác định
4277,长笛,176,False,,Khác / chưa xác định
4278,鸽蛋,176,False,,Khác / chưa xác định
4279,排插固定器,175,False,,Khác / chưa xác định
4280,脚架包,175,False,,Khác / chưa xác định
4281,串口通讯服务器,174,False,,Dịch vụ & vé
4282,假发支架,174,False,,Chăm sóc tóc
4283,欧缇丽 大葡萄籽洗面奶,174,False,,Chăm sóc da mặt
4284,活塞及部件,174,False,,Khác / chưa xác định
4285,电子血压计,174,False,,Sức khỏe & thiết bị y tế
4286,电涌保护器,174,False,,Khác / chưa xác định
4287,防漏杯/密封杯,174,False,,Khác / chưa xác định
4288,保暖鞋,173,False,,Khác / chưa xác định
4289,内衣裤套装,173,False,,Khác / chưa xác định
4290,冰爪,173,False,,Khác / chưa xác định
4291,搞怪杯子,173,False,,Khác / chưa xác định
4292,篮球充气设备,173,False,,Thể thao bóng
4293,键盘架,173,False,,Dụng cụ nhà bếp
4294,MP3/MP4保护套,172,False,,Điện thoại & phụ kiện
4295,帘杆,172,False,,Khác / chưa xác định
4296,有机玻璃板,172,False,,Khác / chưa xác định
4297,油箱,172,False,,Khác / chưa xác định
4298,男士面部精华,172,False,,Chăm sóc da mặt
4299,硅碳棒,172,False,,Khác / chưa xác định
4300,绕线板,172,False,,Khác / chưa xác định
4301,车载诊断系统/OBD,172,False,,Ô tô: phụ tùng & phụ kiện
4302,御泥坊 晶亮红石榴洁面乳,171,False,,Chăm sóc da mặt
4303,牙盘,171,False,,Dụng cụ nhà bếp
4304,原厂烟灰缸,170,False,,Đồ dùng hút thuốc
4305,止推环,170,False,,Khác / chưa xác định
4306,苍蝇拍,170,False,,Khác / chưa xác định
4307,饮水机罩,170,False,,Thiết bị lọc nước
4308,军舰/航母,169,False,,Khác / chưa xác định
4309,山羊/跳马/跳箱,169,False,,Khác / chưa xác định
4310,平头铆钉,169,False,,Khác / chưa xác định
4311,木塞/木榫,169,False,,Khác / chưa xác định
4312,盖土网/防尘网,169,False,,Khác / chưa xác định
4313,芋头条,169,False,,Khác / chưa xác định
4314,隔热手套,169,False,,"Mũ, khăn & găng tay"
4315,乒乓球拍套/包,168,False,,Thể thao bóng
4316,国际象棋,168,False,,Khác / chưa xác định
4317,地埋散射喷头,168,False,,Khác / chưa xác định
4318,拨片,168,False,,Khác / chưa xác định
4319,果肉条,168,False,,Khác / chưa xác định
4320,浴袍,168,False,,Khác / chưa xác định
4321,电子导游机/讲解器,168,False,,Khác / chưa xác định
4322,车载蓝牙电话/蓝牙耳机,168,False,,Âm thanh & nhạc cụ
4323,三聚氰胺板,167,False,,Khác / chưa xác định
4324,大码下装,167,False,,Khác / chưa xác định
4325,糖缸,167,False,,Khác / chưa xác định
4326,被套定制,167,False,,Chăn ga gối đệm
4327,车用芯片,167,False,,Khác / chưa xác định
4328,金水,167,False,,Khác / chưa xác định
4329,圆头锤,166,False,,Khác / chưa xác định
4330,大提琴,166,False,,Khác / chưa xác định
4331,湘绣,166,False,,Khác / chưa xác định
4332,胶合板,166,False,,Khác / chưa xác định
4333,连体书桌柜,166,False,,Nội thất văn phòng & học tập
4334,钓鱼鞋,166,False,,Câu cá & săn bắn
4335,扎丝,165,False,,Khác / chưa xác định
4336,花艺套餐,165,False,,Khác / chưa xác định
4337,高尔夫衣物包,165,False,,Thể thao bóng
4338,便当包,164,False,,Khác / chưa xác định
4339,修正液,164,False,,Khác / chưa xác định
4340,发酵饼干,164,False,,Đồ ăn vặt
4341,螺丝刀,164,False,,Dụng cụ cầm tay
4342,裙子,164,False,,Khác / chưa xác định
4343,半圆头铆钉,163,False,,Khác / chưa xác định
4344,吹风机,163,False,,Chăm sóc tóc
4345,失手绳,163,False,,Khác / chưa xác định
4346,旅行剃须刀,163,False,,Khác / chưa xác định
4347,视频矩阵服务器,163,False,,Dịch vụ & vé
4348,调压变压器,163,False,,Linh kiện & thiết bị điện
4349,车用头枕屏,163,False,,Khác / chưa xác định
4350,多夹子晾衣架,162,False,,Khác / chưa xác định
4351,泳衣胸垫,162,False,,Đồ bơi & thể thao nước
4352,牛尾,162,False,,Khác / chưa xác định
4353,电动瘦腿带/美腿仪/瘦腿垫,162,False,,Khác / chưa xác định
4354,节电器/省电器,162,False,,Khác / chưa xác định
4355,蔬菜架,162,False,,Khác / chưa xác định
4356,新鲜豆类,161,False,,Khác / chưa xác định
4357,棘轮螺丝批,161,False,,Khác / chưa xác định
4358,爵士舞鞋,161,False,,Khác / chưa xác định
4359,电子合成器,161,False,,Khác / chưa xác định
4360,跆拳道鞋,161,False,,Khác / chưa xác định
4361,餐盘收集车,161,False,,Dụng cụ nhà bếp
4362,划线车,160,False,,Khác / chưa xác định
4363,方向盘锁,160,False,,Dụng cụ nhà bếp
4364,杆盒/杆筒/杆袋,160,False,,Khác / chưa xác định
4365,洗金水,160,False,,Khác / chưa xác định
4366,育儿背巾,160,False,,Khác / chưa xác định
4367,门轨,160,False,,Khác / chưa xác định
4368,交通指示牌,159,False,,Khác / chưa xác định
4369,数字温控器,159,False,,Khác / chưa xác định
4370,葱类,159,False,,Khác / chưa xác định
4371,邮筒,159,False,,Khác / chưa xác định
4372,驱蚊器,159,False,,Khác / chưa xác định
4373,12角套筒,158,False,,Khác / chưa xác định
4374,小儿肠胃,158,False,,Khác / chưa xác định
4375,枇杷,158,False,,Khác / chưa xác định
4376,电源变压器,158,False,,Linh kiện & thiết bị điện
4377,速干衬衣,158,False,,Khác / chưa xác định
4378,鱼露,158,False,,Khác / chưa xác định
4379,保暖披肩,157,False,,Khác / chưa xác định
4380,喜蛋,157,False,,Khác / chưa xác định
4381,喷彩/喷雪,157,False,,Khác / chưa xác định
4382,家居智能设备,157,False,,Khác / chưa xác định
4383,手柄,157,False,,Khác / chưa xác định
4384,扭腰盘,157,False,,Dụng cụ nhà bếp
4385,棒球帽,157,False,,Khác / chưa xác định
4386,观赏虾蟹等饲料,157,False,,Khác / chưa xác định
4387,车顶帐篷,157,False,,Cắm trại & dã ngoại
4388,轮滑包,157,False,,Khác / chưa xác định
4389,地暖阀门,156,False,,Khác / chưa xác định
4390,地板胶垫,156,False,,Vật liệu xây dựng
4391,奶瓶盖,156,False,,Đồ dùng cho bé
4392,巴克球/磁力球,156,False,,Khác / chưa xác định
4393,打印服务器,156,False,,Dịch vụ & vé
4394,气锤,156,False,,Khác / chưa xác định
4395,玻璃纸,156,False,,Khác / chưa xác định
4396,电池修复液,156,False,,Khác / chưa xác định
4397,砂岩雕刻,156,False,,Đồ thủ công & mỹ thuật
4398,铝箔隔热膜,156,False,,Khác / chưa xác định
4399,马头琴,156,False,,Khác / chưa xác định
4400,兰蔻 菁纯洁面凝乳,155,False,,Chăm sóc da mặt
4401,整形锉,155,False,,Khác / chưa xác định
4402,新娘头饰,155,False,,Đồ cưới & trang trí sự kiện
4403,相机眼罩,155,False,,Camera & nhiếp ảnh
4404,花窗,155,False,,Khác / chưa xác định
4405,车窗/玻璃安装更换工时,155,False,,Khác / chưa xác định
4406,黑水泥,155,False,,Vật liệu xây dựng
4407,充气沙发,154,False,,Nội thất phòng khách
4408,冲锋衣裤套装,154,False,,Khác / chưa xác định
4409,摄像头模块/视频采集模块,154,False,,Thiết bị mạng & an ninh
4410,甜瓜,154,False,,Khác / chưa xác định
4411,电动车防尘罩,154,False,,Xe đạp & xe điện
4412,菠萝,154,False,,Khác / chưa xác định
4413,行李箱/储物箱,154,False,,Túi xách & vali
4414,视频监控测试仪,154,False,,Thiết bị mạng & an ninh
4415,小儿维矿,153,False,,Khác / chưa xác định
4416,格架,153,False,,Khác / chưa xác định
4417,装饰碗,153,False,,Dụng cụ nhà bếp
4418,遮挡箱/钥匙盒,153,False,,Khác / chưa xác định
4419,儿童速干T恤,152,False,,Áo nam
4420,兰蔻 臻白乳液,152,False,,Chăm sóc da mặt
4421,划粉,152,False,,Khác / chưa xác định
4422,奶罐,152,False,,Khác / chưa xác định
4423,桌面文件柜,152,False,,Nội thất văn phòng & học tập
4424,脊背/羊蝎子,152,False,,Khác / chưa xác định
4425,降温喷雾,152,False,,Chăm sóc da mặt
4426,领带架,152,False,,Khác / chưa xác định
4427,黑乌龙,152,False,,Khác / chưa xác định
4428,丝锥扳手,151,False,,Dụng cụ cầm tay
4429,商用咖啡机,151,False,,"Trà, cà phê & đồ uống"
4430,插卡取电开关,151,False,,Linh kiện & thiết bị điện
4431,轮胎平衡块,151,False,,Ô tô: phụ tùng & phụ kiện
4432,板木结合床,150,False,,Nội thất phòng ngủ
4433,袜子,150,False,,Khác / chưa xác định
4434,龙骨,150,False,,Khác / chưa xác định
4435,兰蔻 臻白面霜,149,False,,Chăm sóc da mặt
4436,尿布带,149,False,,Khác / chưa xác định
4437,手锣,149,False,,Khác / chưa xác định
4438,抓绒裤,149,False,,Khác / chưa xác định
4439,无线电/对讲机/通讯设备,149,False,,Thiết bị mạng & an ninh
4440,排球鞋,148,False,,Khác / chưa xác định
4441,栅栏,148,False,,Khác / chưa xác định
4442,调色盒,148,False,,Khác / chưa xác định
4443,京胡,147,False,,Khác / chưa xác định
4444,喷泉,147,False,,Khác / chưa xác định
4445,器械减震垫,147,False,,Khác / chưa xác định
4446,手蹼,147,False,,Khác / chưa xác định
4447,打蜡海绵,147,False,,Khác / chưa xác định
4448,扫码支付盒子,147,False,,Khác / chưa xác định
4449,胶粉,147,False,,Khác / chưa xác định
4450,门夹,147,False,,Khác / chưa xác định
4451,吹风机置物架,146,False,,Chăm sóc tóc
4452,拉货灯/代驾灯类,146,False,,Khác / chưa xác định
4453,比目鱼,146,False,,"Thịt, cá & hải sản"
4454,游乐场设施,146,False,,Khác / chưa xác định
4455,补胎片,146,False,,Ô tô: phụ tùng & phụ kiện
4456,踏板,146,False,,Khác / chưa xác định
4457,运动眼镜,146,False,,Kính mắt & kính áp tròng
4458,商用冷柜,145,False,,Điện lạnh & điều hòa
4459,果糖机,145,False,,Khác / chưa xác định
4460,桌上暖垫,145,False,,Khác / chưa xác định
4461,激光测距望远镜,145,False,,"Đồng hồ, thiết bị đo lường"
4462,点痣仪,145,False,,Khác / chưa xác định
4463,龙舌兰/Tequila,145,False,,Khác / chưa xác định
4464,pH计,144,False,,Khác / chưa xác định
4465,儿童勺,144,False,,Khác / chưa xác định
4466,兰蔻 立体塑颜紧致焕白精华凝乳,144,False,,Chăm sóc da mặt
4467,剃须刀架,144,False,,Khác / chưa xác định
4468,子孙桶,144,False,,Khác / chưa xác định
4469,气吹,144,False,,Khác / chưa xác định
4470,瓷器套装,144,False,,Khác / chưa xác định
4471,酒具,144,False,,Bình nước & đồ uống
4472,餐柜,144,False,,Khác / chưa xác định
4473,马达/起动电机,144,False,,Khác / chưa xác định
4474,御泥坊 清爽平衡爽肤水,143,False,,Chăm sóc da mặt
4475,章鱼丸机/鱼丸炉,143,False,,Khác / chưa xác định
4476,缓降器,143,False,,Khác / chưa xác định
4477,菠萝/凤梨干,143,False,,Khác / chưa xác định
4478,雅诗兰黛 多效智妍面霜,143,False,,Chăm sóc da mặt
4479,热熔胶枪,142,False,,Khác / chưa xác định
4480,画布,142,False,,Khác / chưa xác định
4481,绝缘螺丝批,142,False,,Khác / chưa xác định
4482,防寒设备,142,False,,Khác / chưa xác định
4483,领针,142,False,,Khác / chưa xác định
4484,儿童填色本,141,False,,Khác / chưa xác định
4485,剑球/技巧球,141,False,,Khác / chưa xác định
4486,扳手,141,False,,Dụng cụ cầm tay
4487,羽毛球网架/网柱,141,False,,Thể thao bóng
4488,胶装机,141,False,,Khác / chưa xác định
4489,自行车花鼓,141,False,,Xe đạp & xe điện
4490,被子固定器,141,False,,Chăn ga gối đệm
4491,钢琴/玩具钢琴,141,False,,Âm thanh & nhạc cụ
4492,门套线,141,False,,Văn phòng phẩm
4493,大型健身器械配件区,140,False,,Tập luyện & thể hình
4494,大板桌,140,False,,Khác / chưa xác định
4495,婴儿监护器,140,False,,Đồ dùng cho bé
4496,沙滩针织衫,140,False,,Áo nữ
4497,野餐包/户外餐具套装,140,False,,Dụng cụ nhà bếp
4498,VGA切换器,139,False,,Khác / chưa xác định
4499,拉手,139,False,,Khác / chưa xác định
4500,中国结,138,False,,Khác / chưa xác định
4501,单头呆扳手,138,False,,Dụng cụ cầm tay
4502,海绵床垫,138,False,,Nội thất phòng ngủ
4503,电动车/摩托货架,138,False,,Tủ & kệ lưu trữ
4504,门底密封条,138,False,,Khác / chưa xác định
4505,防毒口罩,138,False,,"Mũ, khăn & găng tay"
4506,呼吸调节器,137,False,,Khác / chưa xác định
4507,婚房布置套装,137,False,,Khác / chưa xác định
4508,柿子,137,False,,Khác / chưa xác định
4509,洗鞋机,137,False,,Khác / chưa xác định
4510,潜水帽,137,False,,Khác / chưa xác định
4511,瑜伽环,137,False,,Tập luyện & thể hình
4512,砌刀,137,False,,Khác / chưa xác định
4513,自行车撑伞架,137,False,,Xe đạp & xe điện
4514,角向扳手,137,False,,Dụng cụ cầm tay
4515,运动鼓包/旅行包,137,False,,Khác / chưa xác định
4516,中密度板,136,False,,Khác / chưa xác định
4517,书桌收纳置物架,136,False,,Nội thất văn phòng & học tập
4518,伸缩扣,136,False,,Khác / chưa xác định
4519,兰蔻 立体塑颜紧致焕亮精华水牛奶水,136,False,,Chăm sóc da mặt
4520,兰蔻 菁纯晚霜,136,False,,Chăm sóc da mặt
4521,口袋巾,136,False,,Khác / chưa xác định
4522,地暖发热电缆,136,False,,Linh kiện & thiết bị điện
4523,车用纸巾,136,False,,Khác / chưa xác định
4524,BB煲/电粥锅,135,False,,Khác / chưa xác định
4525,PDU电源分配器,135,False,,Khác / chưa xác định
4526,便携显示器,135,False,,Máy tính & phụ kiện
4527,家居智能用品,135,False,,Khác / chưa xác định
4528,御泥坊 清爽平衡爽肤乳液,135,False,,Chăm sóc da mặt
4529,户外烧水壶/茶壶/咖啡壶,135,False,,Bình nước & đồ uống
4530,气门芯,135,False,,Khác / chưa xác định
4531,滚刀,135,False,,Khác / chưa xác định
4532,键帽,135,False,,Khác / chưa xác định
4533,镐,135,False,,Khác / chưa xác định
4534,雨罩,135,False,,Khác / chưa xác định
4535,USB暖手鼠标垫,134,False,,Máy tính & phụ kiện
4536,健身椅,134,False,,Tập luyện & thể hình
4537,兰蔻 立体塑颜紧致焕白精华乳,134,False,,Chăm sóc da mặt
4538,杜邦线/彩排线,134,False,,Văn phòng phẩm
4539,苹果干,134,False,,Gia vị & thực phẩm khô
4540,防打鼾用品,134,False,,Khác / chưa xác định
4541,高拍仪,134,False,,Khác / chưa xác định
4542,BNC头,133,False,,Khác / chưa xác định
4543,台尼/台球布,133,False,,Khác / chưa xác định
4544,智能电脑硬件,133,False,,Máy tính & phụ kiện
4545,木琴/钟琴,133,False,,Khác / chưa xác định
4546,汽车模型,133,False,,Ô tô: phụ tùng & phụ kiện
4547,潜水电脑,133,False,,Máy tính & phụ kiện
4548,草架,133,False,,Khác / chưa xác định
4549,醒目豆,133,False,,Khác / chưa xác định
4550,单簧管,132,False,,Khác / chưa xác định
4551,新鲜百合,132,False,,Khác / chưa xác định
4552,热靴水平仪,132,False,,Khác / chưa xác định
4553,男士润唇膏,132,False,,Trang điểm
4554,退卸衬套,132,False,,Khác / chưa xác định
4555,遥控器防尘套,132,False,,Khác / chưa xác định
4556,三面刃铣刀,131,False,,Khác / chưa xác định
4557,弯管,131,False,,Khác / chưa xác định
4558,烘鞋器,131,False,,Khác / chưa xác định
4559,血氧仪,131,False,,Khác / chưa xác định
4560,西柚,131,False,,Khác / chưa xác định
4561,调心滚子轴承,131,False,,Khác / chưa xác định
4562,抽纸袋,130,False,,Dụng cụ vệ sinh nhà cửa
4563,挂屏,130,False,,Khác / chưa xác định
4564,电池转换器器,130,False,,Khác / chưa xác định
4565,草坪网/草坪墙/工地围挡草坪,130,False,,Khác / chưa xác định
4566,葫芦膜,130,False,,Khác / chưa xác định
4567,防护板,130,False,,Khác / chưa xác định
4568,鼻夹,130,False,,Khác / chưa xác định
4569,和室椅,129,False,,Khác / chưa xác định
4570,奶瓶干燥架,129,False,,Đồ dùng cho bé
4571,手机直播补光灯,129,False,,Camera & nhiếp ảnh
4572,无纺布,129,False,,Khác / chưa xác định
4573,田径运动服,129,False,,Khác / chưa xác định
4574,脚凳,129,False,,Khác / chưa xác định
4575,保护屏/防尘罩,128,False,,Khác / chưa xác định
4576,售报亭,128,False,,Khác / chưa xác định
4577,篮球网,128,False,,Thể thao bóng
4578,铅画纸,128,False,,Khác / chưa xác định
4579,冰箱防尘罩,127,False,,Điện lạnh & điều hòa
4580,家用新风机,127,False,,Khác / chưa xác định
4581,智能家居套装,127,False,,Khác / chưa xác định
4582,通用电缆,127,False,,Linh kiện & thiết bị điện
4583,食物烘干机,127,False,,Khác / chưa xác định
4584,冲茶器,126,False,,Khác / chưa xác định
4585,呼吸机,126,False,,Sức khỏe & thiết bị y tế
4586,护脐贴,126,False,,Khác / chưa xác định
4587,浴室镜,126,False,,Khác / chưa xác định
4588,百变造型香皂,126,False,,Chăm sóc cơ thể
4589,胎心仪/胎语仪,126,False,,Khác / chưa xác định
4590,骑行袜,126,False,,Khác / chưa xác định
4591,USB多功能数码宝,125,False,,Khác / chưa xác định
4592,智能园艺用品,125,False,,Nông nghiệp & làm vườn
4593,游戏毯/音乐毯,125,False,,Khác / chưa xác định
4594,竿止,125,False,,Khác / chưa xác định
4595,分布式路由器,124,False,,Máy tính & phụ kiện
4596,前桥,124,False,,Khác / chưa xác định
4597,医用手套,124,False,,Sức khỏe & thiết bị y tế
4598,台球三指手套,124,False,,"Mũ, khăn & găng tay"
4599,台面,124,False,,Khác / chưa xác định
4600,希芸 清透肌精华露,124,False,,Chăm sóc da mặt
4601,沙发+茶几+电视柜+角几,124,False,,Nội thất phòng khách
4602,瑜伽连体衣,124,False,,Quần áo trẻ em
4603,跳舞台,124,False,,Khác / chưa xác định
4604,鞋袋,124,False,,Khác / chưa xác định
4605,书画毛毡垫,123,False,,Khác / chưa xác định
4606,壶套/杯套/保温套,123,False,,Khác / chưa xác định
4607,多联机,123,False,,Khác / chưa xác định
4608,柠檬杯,123,False,,Khác / chưa xác định
4609,白巧克力,123,False,,Khác / chưa xác định
4610,耳套/耳暖,123,False,,Khác / chưa xác định
4611,自行车车头碗,123,False,,Dụng cụ nhà bếp
4612,荔枝,123,False,,Khác / chưa xác định
4613,酸奶/咖啡机配件及辅料,123,False,,"Trà, cà phê & đồ uống"
4614,包包收纳袋,122,False,,Khác / chưa xác định
4615,口,122,False,,Khác / chưa xác định
4616,四轮定位仪,122,False,,Khác / chưa xác định
4617,开关防尘贴,122,False,,Linh kiện & thiết bị điện
4618,泡钉,122,False,,Khác / chưa xác định
4619,漂盒,122,False,,Khác / chưa xác định
4620,私处护理（器械）,122,False,,Khác / chưa xác định
4621,车底检查镜,122,False,,Khác / chưa xác định
4622,轮胎平衡仪,122,False,,Ô tô: phụ tùng & phụ kiện
4623,隔离器/耦合器,122,False,,Trang điểm
4624,乒乓球网架/网,121,False,,Thể thao bóng
4625,智能安防报警器材,121,False,,Thiết bị mạng & an ninh
4626,木偶/关节木偶,121,False,,Khác / chưa xác định
4627,燕麦巧克力饼干,121,False,,Đồ ăn vặt
4628,网球服,121,False,,Thể thao bóng
4629,美缝贴,121,False,,Khác / chưa xác định
4630,黄皮,121,False,,Khác / chưa xác định
4631,儿童餐椅,120,False,,Nội thất phòng ăn
4632,兔绳,120,False,,Khác / chưa xác định
4633,北极贝,120,False,,Khác / chưa xác định
4634,升降桌,120,False,,Khác / chưa xác định
4635,外悬窗,120,False,,Khác / chưa xác định
4636,茶几垫,120,False,,Nội thất phòng khách
4637,车载冰箱,120,False,,Điện lạnh & điều hòa
4638,雅诗兰黛 红石榴洁面乳,120,False,,Chăm sóc da mặt
4639,凉霸,119,False,,Khác / chưa xác định
4640,圣诞鹿,119,False,,Khác / chưa xác định
4641,拖车拖挂,119,False,,Khác / chưa xác định
4642,旅行发卡,119,False,,Khác / chưa xác định
4643,木工锤,119,False,,Khác / chưa xác định
4644,气镐,119,False,,Khác / chưa xác định
4645,滚子,119,False,,Khác / chưa xác định
4646,绝缘手套,119,False,,"Mũ, khăn & găng tay"
4647,LED透镜,118,False,,Khác / chưa xác định
4648,USB按摩器,118,False,,Sức khỏe & thiết bị y tế
4649,低压开关柜,118,False,,Linh kiện & thiết bị điện
4650,保暖手套,118,False,,"Mũ, khăn & găng tay"
4651,功率补偿器件,118,False,,Khác / chưa xác định
4652,医用体温计,118,False,,Sức khỏe & thiết bị y tế
4653,求生锯/绳锯/线锯,118,False,,Dụng cụ cầm tay
4654,烘焙器具套装,118,False,,Khác / chưa xác định
4655,自行车飞轮,118,False,,Xe đạp & xe điện
4656,花杆,118,False,,Khác / chưa xác định
4657,听诊器,117,False,,Khác / chưa xác định
4658,基膜,117,False,,Khác / chưa xác định
4659,旅行梳子,117,False,,Chăm sóc tóc
4660,条码扫描器,117,False,,Khác / chưa xác định
4661,猕猴桃干,117,False,,Khác / chưa xác định
4662,肘部防护用品,117,False,,Khác / chưa xác định
4663,莲雾,117,False,,Khác / chưa xác định
4664,速干衣裤套装,117,False,,Khác / chưa xác định
4665,青口贝,117,False,,Khác / chưa xác định
4666,手动按摩器,116,False,,Sức khỏe & thiết bị y tế
4667,旅行简装麻将,116,False,,Khác / chưa xác định
4668,旋具头组套,116,False,,Khác / chưa xác định
4669,桌虎钳,116,False,,Khác / chưa xác định
4670,电热板/电热毯,116,False,,"Nồi, chảo & đồ nấu ăn"
4671,空气消毒机,116,False,,Khác / chưa xác định
4672,跑步裤,116,False,,Khác / chưa xác định
4673,面罩,116,False,,Khác / chưa xác định
4674,普通餐椅,115,False,,Nội thất phòng ăn
4675,水床垫,115,False,,Nội thất phòng ngủ
4676,点钞机配件,115,False,,Khác / chưa xác định
4677,电工刀,115,False,,Khác / chưa xác định
4678,组合衣架,115,False,,Khác / chưa xác định
4679,调色板,115,False,,Khác / chưa xác định
4680,国际彩色隐形眼镜,114,False,,Kính mắt & kính áp tròng
4681,抢答器/答题器,114,False,,Khác / chưa xác định
4682,拳击头盔,114,False,,Khác / chưa xác định
4683,散热板,114,False,,Khác / chưa xác định
4684,特种电缆,114,False,,Linh kiện & thiết bị điện
4685,精油收纳盒,114,False,,Nước hoa & hương thơm
4686,网球练习器,114,False,,Thể thao bóng
4687,西瓜,114,False,,Khác / chưa xác định
4688,量秤,114,False,,Khác / chưa xác định
4689,仿真摄像机,113,False,,Camera & nhiếp ảnh
4690,写真机,113,False,,Khác / chưa xác định
4691,吉士粉,113,False,,Khác / chưa xác định
4692,护理美甲器,113,False,,Khác / chưa xác định
4693,摄影台/静物台,113,False,,Camera & nhiếp ảnh
4694,碟/电池/电源适配器,113,False,,Khác / chưa xác định
4695,塑料胀塞,112,False,,Khác / chưa xác định
4696,玩具,112,False,,Đồ chơi mô hình & điều khiển
4697,美肤宝 精萃亮肤洁面膏,112,False,,Chăm sóc da mặt
4698,角色扮演类用品,112,False,,Khác / chưa xác định
4699,飞轮/齿轮,112,False,,Khác / chưa xác định
4700,PDA/掌上电脑,111,False,,Máy tính & phụ kiện
4701,创意颈枕,111,False,,Khác / chưa xác định
4702,床罩定制,111,False,,Khác / chưa xác định
4703,欧缇丽 大葡萄 美白淡斑精华液,111,False,,Chăm sóc da mặt
4704,空气压缩机,111,False,,Khác / chưa xác định
4705,精油瓶,111,False,,Nước hoa & hương thơm
4706,胎毛绣,111,False,,Khác / chưa xác định
4707,鲽鱼,111,False,,"Thịt, cá & hải sản"
4708,家用气泡水机,110,False,,Khác / chưa xác định
4709,家用瓷器,110,False,,Khác / chưa xác định
4710,智能后视镜导航,110,False,,Khác / chưa xác định
4711,海鲜丸类,110,False,,"Thịt, cá & hải sản"
4712,电动车/摩托车点烟器,110,False,,Xe đạp & xe điện
4713,蜘蛛,110,False,,Khác / chưa xác định
4714,起钉器,110,False,,Khác / chưa xác định
4715,雅诗兰黛 弹性紧实柔肤日霜15ml,110,False,,Khác / chưa xác định
4716,3D床垫,109,False,,Nội thất phòng ngủ
4717,GPS模块/北斗模块/导航模块,109,False,,Khác / chưa xác định
4718,PC游戏软件,109,False,,Khác / chưa xác định
4719,便携衣架,109,False,,Khác / chưa xác định
4720,微波炉置物架,109,False,,Tủ & kệ lưu trữ
4721,杨梅,109,False,,Khác / chưa xác định
4722,漏粪板,109,False,,Khác / chưa xác định
4723,秋刀鱼,109,False,,"Thịt, cá & hải sản"
4724,野外沐浴袋/太阳能沐浴袋,109,False,,Chăm sóc cơ thể
4725,锤头,109,False,,Khác / chưa xác định
4726,雅诗兰黛 特润修护面部精华露小棕瓶,109,False,,Chăm sóc da mặt
4727,餐台,109,False,,Khác / chưa xác định
4728,塑料薄膜,108,False,,Khác / chưa xác định
4729,定制背景墙,108,False,,Khác / chưa xác định
4730,白水泥,108,False,,Vật liệu xây dựng
4731,磨刀棒,108,False,,Khác / chưa xác định
4732,高压清洗机,108,False,,Khác / chưa xác định
4733,宝宝海报/胎教海报,107,False,,Đồ dùng cho bé
4734,拔河绳,107,False,,Khác / chưa xác định
4735,机床灯具,107,False,,Đèn & chiếu sáng
4736,理线带/理线器,107,False,,Khác / chưa xác định
4737,电子吹管,107,False,,Khác / chưa xác định
4738,电抗器,107,False,,Khác / chưa xác định
4739,相机专用遥控器,107,False,,Camera & nhiếp ảnh
4740,碳纤维改装件,107,False,,Khác / chưa xác định
4741,花壶瓶,107,False,,Khác / chưa xác định
4742,防护镜,107,False,,Khác / chưa xác định
4743,雅诗兰黛 小棕瓶眼霜,107,False,,Chăm sóc da mặt
4744,鞋塞,107,False,,Khác / chưa xác định
4745,马口铁盒,107,False,,Khác / chưa xác định
4746,保险柜（新增）,106,False,,Khác / chưa xác định
4747,单马甲,106,False,,Áo nam
4748,复写纸,106,False,,Khác / chưa xác định
4749,安检门,106,False,,Khác / chưa xác định
4750,小军鼓,106,False,,Khác / chưa xác định
4751,接待椅（新增）,106,False,,Khác / chưa xác định
4752,服装标签,106,False,,Khác / chưa xác định
4753,清洁保养套装,106,False,,Khác / chưa xác định
4754,玩具小提琴/手风琴,106,False,,Đồ chơi mô hình & điều khiển
4755,篮球板,106,False,,Thể thao bóng
4756,线垂,106,False,,Khác / chưa xác định
4757,蘸水笔,106,False,,Văn phòng phẩm
4758,GPS/电子导航设备,105,False,,Khác / chưa xác định
4759,划规,105,False,,Khác / chưa xác định
4760,奶酥,105,False,,Khác / chưa xác định
4761,工业网络交换机,105,False,,Máy móc công nghiệp
4762,底盘维修工具,105,False,,Dụng cụ nhà bếp
4763,炒冰/冰粥机,105,False,,Khác / chưa xác định
4764,牛油果,105,False,,Khác / chưa xác định
4765,电视分配器,105,False,,Thiết bị điện tử gia đình
4766,二件套,104,False,,Khác / chưa xác định
4767,兰蔻 美肤修护美容液,104,False,,Chăm sóc da mặt
4768,战术护具/护膝/护腕,104,False,,Đồ dùng quân sự & mô phỏng
4769,提菜器,104,False,,Khác / chưa xác định
4770,鹅卵石,104,False,,Khác / chưa xác định
4771,气瓶,103,False,,Khác / chưa xác định
4772,电脑麦克风/话筒,103,False,,Âm thanh & nhạc cụ
4773,笛膜,103,False,,Khác / chưa xác định
4774,装卸车,103,False,,Máy móc công nghiệp
4775,迪奥 乐肤源水露精萃40ml,103,False,,Chăm sóc da mặt
4776,雅诗兰黛 柔丝焕彩大粉水,103,False,,Khác / chưa xác định
4777,CEMOY 白金流明洗面奶,102,False,,Chăm sóc da mặt
4778,复健椅,102,False,,Khác / chưa xác định
4779,多控开关,102,False,,Linh kiện & thiết bị điện
4780,毛笔字帖,102,False,,Văn phòng phẩm
4781,滚铁环,102,False,,Khác / chưa xác định
4782,潜水仪表,102,False,,Khác / chưa xác định
4783,潜水靴,102,False,,Khác / chưa xác định
4784,电子美牙产品,102,False,,Khác / chưa xác định
4785,肌肤之钥 化妆水,102,False,,Chăm sóc da mặt
4786,CEMOY 白金流明系列修复面霜,101,False,,Chăm sóc da mặt
4787,兰蔻 小黑瓶日霜,101,False,,Chăm sóc da mặt
4788,声卡转换器,101,False,,Khác / chưa xác định
4789,婴童衣架,101,False,,Khác / chưa xác định
4790,智能监控摄像机,101,False,,Camera & nhiếp ảnh
4791,曲轴,101,False,,Khác / chưa xác định
4792,机油泵,101,False,,Ô tô: phụ tùng & phụ kiện
4793,棒球手套,101,False,,"Mũ, khăn & găng tay"
4794,滑棒/指套,101,False,,Khác / chưa xác định
4795,瘪胎助推器,101,False,,Khác / chưa xác định
4796,秧歌服,101,False,,Khác / chưa xác định
4797,雅诗兰黛 细致焕采洁面乳,101,False,,Chăm sóc da mặt
4798,兰蔻 臻白晚霜,100,False,,Chăm sóc da mặt
4799,垃圾袋收纳盒/袋,100,False,,Khác / chưa xác định
4800,婴童睡袋/防踢被,100,False,,Chăn ga gối đệm
4801,宠物智能喂养设备,100,False,,Khác / chưa xác định
4802,尼龙绳,100,False,,Khác / chưa xác định
4803,文具整理盒,100,False,,Văn phòng phẩm
4804,欧缇丽  护手乳霜,100,False,,Chăm sóc da mặt
4805,欧缇丽 葡萄多酚润唇膏,100,False,,Chăm sóc da mặt
4806,电视插座,100,False,,Thiết bị điện tử gia đình
4807,竖琴,100,False,,Khác / chưa xác định
4808,雅诗兰黛 面部精华高能小棕瓶,100,False,,Chăm sóc da mặt
4809,香托/香盘/香座/香插,100,False,,Dụng cụ nhà bếp
4810,黄糖包,100,False,,Khác / chưa xác định
4811,中山装,99,False,,Khác / chưa xác định
4812,侧面孔勾扳手,99,False,,Dụng cụ cầm tay
4813,儿童速干裤,99,False,,Quần áo trẻ em
4814,墨块/墨丸,99,False,,Khác / chưa xác định
4815,多春鱼（新）,99,False,,Khác / chưa xác định
4816,板羽球拍,99,False,,Khác / chưa xác định
4817,滤冰器,99,False,,Khác / chưa xác định
4818,燃气表,99,False,,Nhiên liệu & phụ gia
4819,等候椅系列,99,False,,Khác / chưa xác định
4820,踏套/脚垫,99,False,,Ô tô: phụ tùng & phụ kiện
4821,迪奥 花秘瑰萃眼部精华,99,False,,Chăm sóc da mặt
4822,香榧,99,False,,Khác / chưa xác định
4823,古典吉他弦,98,False,,Âm thanh & nhạc cụ
4824,手工食品制作,98,False,,Đồ thủ công & mỹ thuật
4825,活珠子/毛胚蛋,98,False,,Khác / chưa xác định
4826,炒冰机,98,False,,Khác / chưa xác định
4827,纸麻将,98,False,,Khác / chưa xác định
4828,键槽铣刀,98,False,,Khác / chưa xác định
4829,集成吊顶套餐,98,False,,Khác / chưa xác định
4830,集装箱/集装箱房,98,False,,Khác / chưa xác định
4831,专业比赛牵引带,97,False,,Khác / chưa xác định
4832,吸痰器,97,False,,Khác / chưa xác định
4833,拖车钩,97,False,,Khác / chưa xác định
4834,欧缇丽 葡萄籽冰淇淋面霜,97,False,,Chăm sóc da mặt
4835,汽车杀菌/消毒剂,97,False,,Ô tô: phụ tùng & phụ kiện
4836,牛皮纸胶带,97,False,,Văn phòng phẩm
4837,话筒夹/话筒架,97,False,,Khác / chưa xác định
4838,鲜花拱门,97,False,,Khác / chưa xác định
4839,弦枕,96,False,,Khác / chưa xác định
4840,弦柱,96,False,,Khác / chưa xác định
4841,画架,96,False,,Khác / chưa xác định
4842,米糠油,96,False,,Khác / chưa xác định
4843,网球线,96,False,,Thể thao bóng
4844,美肤宝 精萃舒润洁面膏,96,False,,Chăm sóc da mặt
4845,肌肤之钥 光采赋活日间防护乳,96,False,,Chăm sóc da mặt
4846,光盘盒/CD包,95,False,,Dụng cụ nhà bếp
4847,内衣皂,95,False,,Khác / chưa xác định
4848,御泥坊 玫瑰滋养润肤水,95,False,,Chăm sóc da mặt
4849,样板,95,False,,Khác / chưa xác định
4850,版画,95,False,,Khác / chưa xác định
4851,纳米胶带,95,False,,Văn phòng phẩm
4852,螺丝,95,False,,Khác / chưa xác định
4853,迪奥 乐肤源平衡沁润保湿水175ml,95,False,,Chăm sóc da mặt
4854,通用后备箱垫,95,False,,Ô tô: phụ tùng & phụ kiện
4855,香皂花,95,False,,Chăm sóc cơ thể
4856,健美操鞋,94,False,,Khác / chưa xác định
4857,儿童POLO衫,94,False,,Áo nam
4858,柔道服,94,False,,Khác / chưa xác định
4859,电压转换器,94,False,,Khác / chưa xác định
4860,电脑+电话插座,94,False,,Điện thoại & phụ kiện
4861,米粮桶,94,False,,Khác / chưa xác định
4862,绣架,94,False,,Khác / chưa xác định
4863,背带钮,94,False,,Khác / chưa xác định
4864,充气水球/戏水球,93,False,,Khác / chưa xác định
4865,功能内衣上装,93,False,,Khác / chưa xác định
4866,吸油纸/膜,93,False,,Khác / chưa xác định
4867,壁挂炉,93,False,,Khác / chưa xác định
4868,手喷漆,93,False,,Khác / chưa xác định
4869,拆信刀,93,False,,Khác / chưa xác định
4870,摩托车挡风被,93,False,,Khác / chưa xác định
4871,根雕花架,93,False,,Nông nghiệp & làm vườn
4872,楼梯踏步板,93,False,,Khác / chưa xác định
4873,浴巾毛巾方巾套装/三件套,93,False,,"Rèm, thảm & vải gia dụng"
4874,窗纱,93,False,,Khác / chưa xác định
4875,脚垫,93,False,,Ô tô: phụ tùng & phụ kiện
4876,补习袋,93,False,,Khác / chưa xác định
4877,试鞋凳,93,False,,Khác / chưa xác định
4878,铅球,93,False,,Khác / chưa xác định
4879,CEMOY 白金流明精华乳液,92,False,,Chăm sóc da mặt
4880,孔明灯,92,False,,Khác / chưa xác định
4881,户外鼓风机,92,False,,Cắm trại & dã ngoại
4882,气动冷压接钳,92,False,,Khác / chưa xác định
4883,烤火罩,92,False,,Khác / chưa xác định
4884,电动车铃/喇叭,92,False,,Xe đạp & xe điện
4885,电笔,92,False,,Văn phòng phẩm
4886,调光开关,92,False,,Linh kiện & thiết bị điện
4887,迪奥 肌活蕴能精华,92,False,,Chăm sóc da mặt
4888,军棋/陆战棋,91,False,,Khác / chưa xác định
4889,安全座椅凉席,91,False,,Đồ dùng cho bé
4890,御泥坊 水润茶萃微囊滋养霜,91,False,,Khác / chưa xác định
4891,扫把头,91,False,,Dụng cụ vệ sinh nhà cửa
4892,机动车驾驶镜,91,False,,Khác / chưa xác định
4893,桌子,91,False,,Khác / chưa xác định
4894,棋桌,91,False,,Khác / chưa xác định
4895,正姿笔,91,False,,Văn phòng phẩm
4896,荔枝干,91,False,,Khác / chưa xác định
4897,车载应急包,91,False,,Ô tô: phụ tùng & phụ kiện
4898,迪奥 乐肤源轻柔卸妆水,91,False,,Chăm sóc da mặt
4899,KVM切换器,90,False,,Khác / chưa xác định
4900,叉,90,False,,Khác / chưa xác định
4901,奶瓶夹,90,False,,Đồ dùng cho bé
4902,安全梳子/刷子,90,False,,Chăm sóc tóc
4903,快挂(专业攀岩用),90,False,,Khác / chưa xác định
4904,海鲜/水产品/制品提货券,90,False,,"Thịt, cá & hải sản"
4905,消毒水生成机,90,False,,Khác / chưa xác định
4906,电脑+电视插座,90,False,,Thiết bị điện tử gia đình
4907,胡桃钳,90,False,,Khác / chưa xác định
4908,调心球轴承,90,False,,Khác / chưa xác định
4909,一次性浴缸袋,89,False,,Thiết bị phòng tắm
4910,儿童筷子,89,False,,Dụng cụ nhà bếp
4911,冷凝器,89,False,,Khác / chưa xác định
4912,台球架杆器,89,False,,Khác / chưa xác định
4913,吸管刷,89,False,,Khác / chưa xác định
4914,圣诞服饰,89,False,,Khác / chưa xác định
4915,地胶,89,False,,Khác / chưa xác định
4916,山竹,89,False,,Khác / chưa xác định
4917,床褥,89,False,,Khác / chưa xác định
4918,洗烘套装,89,False,,Khác / chưa xác định
4919,海螺,89,False,,Khác / chưa xác định
4920,盲区监测BSD/并线辅助系统,89,False,,Khác / chưa xác định
4921,节油器,89,False,,Khác / chưa xác định
4922,跑步T恤,89,False,,Áo nam
4923,边角料,89,False,,Khác / chưa xác định
4924,防雨罩,89,False,,Khác / chưa xác định
4925,雅诗兰黛 小黄瓜抗氧化晚霜,89,False,,Khác / chưa xác định
4926,国际风湿骨伤药品,88,False,,Sức khỏe & thiết bị y tế
4927,成套办公家具,88,False,,Khác / chưa xác định
4928,擦地/拖地机器人,88,False,,Đồ chơi mô hình & điều khiển
4929,登车桥,88,False,,Khác / chưa xác định
4930,白发脱发,88,False,,Khác / chưa xác định
4931,迪奥 淡彩变色润唇膏,88,False,,Trang điểm
4932,USB迷你冰箱,87,False,,Điện lạnh & điều hòa
4933,原木板/实木板,87,False,,Khác / chưa xác định
4934,圆柱铣刀,87,False,,Khác / chưa xác định
4935,复古冰箱,87,False,,Điện lạnh & điều hòa
4936,床中床,87,False,,Nội thất phòng ngủ
4937,止血钳,87,False,,Khác / chưa xác định
4938,磁带,87,False,,Khác / chưa xác định
4939,酥油灯,87,False,,Khác / chưa xác định
4940,飞镖,87,False,,Thể thao bóng
4941,专用呼吸管,86,False,,Khác / chưa xác định
4942,棉马甲,86,False,,Áo nam
4943,腰鼓,86,False,,Khác / chưa xác định
4944,一次成像相机专用包,85,False,,Camera & nhiếp ảnh
4945,削笔器/削笔刀,85,False,,Văn phòng phẩm
4946,卷烟器,85,False,,Khác / chưa xác định
4947,安全锤,85,False,,Khác / chưa xác định
4948,插屏,85,False,,Khác / chưa xác định
4949,油画笔,85,False,,Đồ trang trí nhà cửa
4950,铝箔自封袋,85,False,,Khác / chưa xác định
4951,风管机,85,False,,Khác / chưa xác định
4952,龙头置物架,85,False,,Tủ & kệ lưu trữ
4953,6863口腔科材料,84,False,,Chăm sóc răng miệng
4954,平板电脑底座,84,False,,Máy tính & phụ kiện
4955,排气歧管,84,False,,Khác / chưa xác định
4956,生鲜灯,84,False,,Khác / chưa xác định
4957,训练防护衣裤,84,False,,Khác / chưa xác định
4958,避孕,84,False,,Khác / chưa xác định
4959,骑士马靴,84,False,,Khác / chưa xác định
4960,3D立体眼镜,83,False,,Kính mắt & kính áp tròng
4961,双人/三人自行车,83,False,,Xe đạp & xe điện
4962,套几,83,False,,Khác / chưa xác định
4963,抱被,83,False,,Khác / chưa xác định
4964,橱柜收纳筐,83,False,,Khác / chưa xác định
4965,消防斧,83,False,,Phòng cháy chữa cháy
4966,翻页激光笔,83,False,,Văn phòng phẩm
4967,假发发网,82,False,,Chăm sóc tóc
4968,兰蔻 根源啫喱,82,False,,Chăm sóc da mặt
4969,医用橡皮膏创可贴,82,False,,Sức khỏe & thiết bị y tế
4970,国际解热镇痛用药,82,False,,Khác / chưa xác định
4971,无尘手套,82,False,,"Mũ, khăn & găng tay"
4972,清洁镊子,82,False,,Khác / chưa xác định
4973,滑板包,82,False,,Tập luyện & thể hình
4974,组合轴承,82,False,,Khác / chưa xác định
4975,脚手架,82,False,,Khác / chưa xác định
4976,防滑粉,82,False,,Khác / chưa xác định
4977,TSA密码锁,81,False,,Khác / chưa xác định
4978,一次性拖鞋,81,False,,Khác / chưa xác định
4979,三弦,81,False,,Khác / chưa xác định
4980,冰吧,81,False,,Khác / chưa xác định
4981,娃娃跳/弹跳器,81,False,,Búp bê & đồ chơi nhập vai
4982,宝宝饰品套装,81,False,,Đồ dùng cho bé
4983,截链器,81,False,,Khác / chưa xác định
4984,排笔,81,False,,Văn phòng phẩm
4985,气缸头,81,False,,Khác / chưa xác định
4986,绣线,81,False,,Văn phòng phẩm
4987,一次性汽车脚垫,80,False,,Ô tô: phụ tùng & phụ kiện
4988,下降器,80,False,,Khác / chưa xác định
4989,儿童运动裤,80,False,,Quần áo trẻ em
4990,凤梨,80,False,,Khác / chưa xác định
4991,口红收纳包/盒/袋,80,False,,Trang điểm
4992,导航贴膜,80,False,,Khác / chưa xác định
4993,手账/错题打印机,80,False,,Máy tính & phụ kiện
4994,普通真无线耳机,80,False,,Âm thanh & nhạc cụ
4995,梆子,80,False,,Khác / chưa xác định
4996,梵洁诗 绿茶原液精华莹肌冰露,80,False,,Chăm sóc da mặt
4997,爵士舞服装,80,False,,Khác / chưa xác định
4998,精密仪器刷,80,False,,"Đồng hồ, thiết bị đo lường"
4999,豚鼠,80,False,,Khác / chưa xác định
5000,速干背心,80,False,,Áo nam
5001,重型刀,80,False,,Khác / chưa xác định
5002,switch保护壳套,79,False,,Khác / chưa xác định
5003,净水桶/净水杯,79,False,,Bình nước & đồ uống
5004,剃须清洁刷,79,False,,Khác / chưa xác định
5005,塔塔粉,79,False,,Khác / chưa xác định
5006,奶干,79,False,,Khác / chưa xác định
5007,希芸 清透肌洁面乳,79,False,,Chăm sóc da mặt
5008,挂袋,79,False,,Khác / chưa xác định
5009,楼梯玻璃连接,79,False,,Khác / chưa xác định
5010,水槽置物架,79,False,,Tủ & kệ lưu trữ
5011,泡泡笔,79,False,,Văn phòng phẩm
5012,相框,79,False,,Đồ trang trí nhà cửa
5013,蜗轮,79,False,,Khác / chưa xác định
5014,裸钻,79,False,,Khác / chưa xác định
5015,调色纸,79,False,,Khác / chưa xác định
5016,赶猪器,79,False,,Khác / chưa xác định
5017,地布/地席,78,False,,Khác / chưa xác định
5018,场效应管,78,False,,Khác / chưa xác định
5019,定制电视柜,78,False,,Nội thất phòng khách
5020,文化创意钱包/购物收纳袋,78,False,,Túi xách & vali
5021,棒球,78,False,,Khác / chưa xác định
5022,欧缇丽 大葡萄皇后水活性精华爽肤水,78,False,,Chăm sóc da mặt
5023,玻璃钻头,78,False,,Khác / chưa xác định
5024,白果/银杏果,78,False,,Khác / chưa xác định
5025,笙,78,False,,Khác / chưa xác định
5026,红花籽油,78,False,,Khác / chưa xác định
5027,衣钩,78,False,,Khác / chưa xác định
5028,鲤鱼钳,78,False,,Khác / chưa xác định
5029,黄金蟹,78,False,,Khác / chưa xác định
5030,龙眼,78,False,,Khác / chưa xác định
5031,修甲剪刀,77,False,,Dụng cụ nhà bếp
5032,儿童房空间定制,77,False,,Khác / chưa xác định
5033,儿童摇铃,77,False,,Khác / chưa xác định
5034,太极佛尘,77,False,,Đồ dùng tôn giáo & phong thủy
5035,打线刀,77,False,,Khác / chưa xác định
5036,男士唇膏,77,False,,Trang điểm
5037,钳,77,False,,Khác / chưa xác định
5038,雅诗兰黛 青瓜面霜,77,False,,Chăm sóc da mặt
5039,马术头盔,77,False,,Khác / chưa xác định
5040,CEMOY 白金流明水,76,False,,Chăm sóc da mặt
5041,MIDI键盘控制器,76,False,,Dụng cụ nhà bếp
5042,体操服,76,False,,Khác / chưa xác định
5043,六角球/反应球,76,False,,Khác / chưa xác định
5044,喜碗/敬茶杯,76,False,,Dụng cụ nhà bếp
5045,定制酒柜,76,False,,Nội thất phòng khách
5046,照片夹子,76,False,,Khác / chưa xác định
5047,牌九,76,False,,Khác / chưa xác định
5048,笔搁,76,False,,Văn phòng phẩm
5049,隔音地板,76,False,,Vật liệu xây dựng
5050,伴热设备,75,False,,Khác / chưa xác định
5051,创意根雕,75,False,,Khác / chưa xác định
5052,办公桌垫,75,False,,Nội thất văn phòng & học tập
5053,急救毯/保温毯,75,False,,Khác / chưa xác định
5054,电视背景墙,75,False,,Thiết bị điện tử gia đình
5055,一次成像相册,74,False,,Khác / chưa xác định
5056,多功能组合电器,74,False,,Khác / chưa xác định
5057,定制包装袋/纸/箱,74,False,,Khác / chưa xác định
5058,嵌入式微蒸烤套装,74,False,,Khác / chưa xác định
5059,帘珠,74,False,,Khác / chưa xác định
5060,应急去污宝,74,False,,Khác / chưa xác định
5061,枪机,74,False,,Khác / chưa xác định
5062,樟木块,74,False,,Khác / chưa xác định
5063,渔具套装,74,False,,Câu cá & săn bắn
5064,烟斗包,74,False,,Đồ dùng hút thuốc
5065,裁缝刀剪,74,False,,Khác / chưa xác định
5066,上升器,73,False,,Khác / chưa xác định
5067,后视提篮镜,73,False,,Khác / chưa xác định
5068,智能水杯,73,False,,Bình nước & đồ uống
5069,桌上冰球,73,False,,Khác / chưa xác định
5070,肝胆用药,73,False,,Khác / chưa xác định
5071,车载剃须刀,73,False,,Ô tô: phụ tùng & phụ kiện
5072,马车配件,73,False,,Khác / chưa xác định
5073,乒乓球训练器,72,False,,Thể thao bóng
5074,家用收纳手推车,72,False,,Khác / chưa xác định
5075,户外休闲衣裤套装,72,False,,Cắm trại & dã ngoại
5076,挡风板,72,False,,Khác / chưa xác định
5077,琴码,72,False,,Khác / chưa xác định
5078,番荔枝/释迦,72,False,,Khác / chưa xác định
5079,绝缘靴,72,False,,Khác / chưa xác định
5080,羽毛球网/网柱/网架,72,False,,Thể thao bóng
5081,迪奥 花蜜活颜斯悦按摩眼霜,72,False,,Chăm sóc da mặt
5082,太极棍,71,False,,Khác / chưa xác định
5083,存储器/存储模块,71,False,,Khác / chưa xác định
5084,广告毛巾/礼品毛巾,71,False,,Quà tặng & đồ lưu niệm
5085,柜脚/腿,71,False,,Khác / chưa xác định
5086,洛丽塔鞋类,71,False,,Khác / chưa xác định
5087,路由器收纳盒/架,71,False,,Máy tính & phụ kiện
5088,量块,71,False,,Khác / chưa xác định
5089,兰蔻 口红,70,False,,Chăm sóc da mặt
5090,汽车清洁软胶,70,False,,Ô tô: phụ tùng & phụ kiện
5091,男士眉笔,70,False,,Trang điểm
5092,笔记本保护壳,70,False,,Máy tính & phụ kiện
5093,马裤/大恰,70,False,,Khác / chưa xác định
5094,儿童马桶盖,69,False,,Thiết bị phòng tắm
5095,养殖场蚊香棒,69,False,,Khác / chưa xác định
5096,卡钳,69,False,,Khác / chưa xác định
5097,家具贴,69,False,,Khác / chưa xác định
5098,御泥坊 玫瑰滋养润肤乳液,69,False,,Chăm sóc da mặt
5099,拍板,69,False,,Khác / chưa xác định
5100,旋塞阀,69,False,,Khác / chưa xác định
5101,梵洁诗 蓝钻氨基酸洁面乳,69,False,,Chăm sóc da mặt
5102,男科用药,69,False,,Khác / chưa xác định
5103,膝部防护用品,69,False,,Khác / chưa xác định
5104,轮滑桩,69,False,,Khác / chưa xác định
5105,半成品水产,68,False,,Khác / chưa xác định
5106,喷灯,68,False,,Khác / chưa xác định
5107,壁挂洗衣机,68,False,,Điện lạnh & điều hòa
5108,奶嘴储存盒/奶嘴盒,68,False,,Đồ dùng cho bé
5109,平板电脑充电器,68,False,,Điện thoại & phụ kiện
5110,御泥坊 水润茶萃精华液,68,False,,Chăm sóc da mặt
5111,标牌铆钉,68,False,,Khác / chưa xác định
5112,汽车防虫网,68,False,,Ô tô: phụ tùng & phụ kiện
5113,海鲜酱,68,False,,"Thịt, cá & hải sản"
5114,爆米花机,68,False,,Khác / chưa xác định
5115,钉冲,68,False,,Khác / chưa xác định
5116,面盆架,68,False,,Khác / chưa xác định
5117,GPS充电器,67,False,,Điện thoại & phụ kiện
5118,儿童滑雪服,67,False,,Quần áo trẻ em
5119,内衣收纳袋,67,False,,Khác / chưa xác định
5120,空灵鼓,67,False,,Khác / chưa xác định
5121,裁缝剪,67,False,,Khác / chưa xác định
5122,RCA头,66,False,,Khác / chưa xác định
5123,书桌椅+书柜,66,False,,Nội thất văn phòng & học tập
5124,儿童成套家具,66,False,,Khác / chưa xác định
5125,兰蔻 菁纯夜间修护精华油,66,False,,Chăm sóc da mặt
5126,刮刮乐拖把,66,False,,Dụng cụ vệ sinh nhà cửa
5127,家居系统套装,66,False,,Khác / chưa xác định
5128,家用场景面板,66,False,,Khác / chưa xác định
5129,快速管子扳手,66,False,,Dụng cụ cầm tay
5130,折叠床,66,False,,Nội thất phòng ngủ
5131,拳击擂台,66,False,,Khác / chưa xác định
5132,智能配饰,66,False,,Khác / chưa xác định
5133,桌上足球,66,False,,Thể thao bóng
5134,洗衣机底座,66,False,,Điện lạnh & điều hòa
5135,电动车控制器,66,False,,Xe đạp & xe điện
5136,相片角贴,66,False,,Khác / chưa xác định
5137,组装液晶显示器,66,False,,Máy tính & phụ kiện
5138,荸荠/马蹄,66,False,,Khác / chưa xác định
5139,衣物消毒机,66,False,,Khác / chưa xác định
5140,跆拳道表演板,66,False,,Khác / chưa xác định
5141,锁紧螺母,66,False,,Khác / chưa xác định
5142,F头,65,False,,Khác / chưa xác định
5143,书桌+写字椅,65,False,,Nội thất văn phòng & học tập
5144,划针,65,False,,Khác / chưa xác định
5145,卷/美发棒,65,False,,Khác / chưa xác định
5146,地贴,65,False,,Khác / chưa xác định
5147,塑木,65,False,,Khác / chưa xác định
5148,整装定制,65,False,,Khác / chưa xác định
5149,月琴,65,False,,Khác / chưa xác định
5150,牵马/调教龙头,65,False,,Khác / chưa xác định
5151,电动车充电插座,65,False,,Linh kiện & thiết bị điện
5152,电话插座,65,False,,Điện thoại & phụ kiện
5153,芦笋,65,False,,Khác / chưa xác định
5154,速滑刀架,65,False,,Khác / chưa xác định
5155,修补包/修补贴,64,False,,Khác / chưa xác định
5156,功能内裤,64,False,,Đồ lót & đồ ngủ
5157,均衡(舞台),64,False,,Khác / chưa xác định
5158,女用剃毛刀,64,False,,Khác / chưa xác định
5159,干发毛巾,64,False,,"Rèm, thảm & vải gia dụng"
5160,挤柠檬器,64,False,,Khác / chưa xác định
5161,点塑手套,64,False,,"Mũ, khăn & găng tay"
5162,酒店行李柜,64,False,,Khác / chưa xác định
5163,铝板网,64,False,,Khác / chưa xác định
5164,马鞍,64,False,,Khác / chưa xác định
5165,鼻喷剂/鼻炎凝胶（器械）,64,False,,Khác / chưa xác định
5166,AB胶,63,False,,Khác / chưa xác định
5167,人参果,63,False,,Khác / chưa xác định
5168,尺八,63,False,,Khác / chưa xác định
5169,快显胶片,63,False,,Khác / chưa xác định
5170,情趣护理用品,63,False,,Khác / chưa xác định
5171,数字电视机顶盒,63,False,,Thiết bị điện tử gia đình
5172,果汁/饮品,63,False,,"Trà, cà phê & đồ uống"
5173,欧缇丽 葡萄籽急救保湿精华,63,False,,Chăm sóc da mặt
5174,硅钙板,63,False,,Khác / chưa xác định
5175,移动/便携DVD,63,False,,Khác / chưa xác định
5176,章鱼干,63,False,,"Thịt, cá & hải sản"
5177,脱扣器,63,False,,Khác / chưa xác định
5178,藏族舞鞋,63,False,,Khác / chưa xác định
5179,雅诗兰黛 净莹柔肤洁面乳,63,False,,Chăm sóc da mặt
5180,颐莲 嘭润霜,63,False,,Khác / chưa xác định
5181,大中幅相机,62,False,,Camera & nhiếp ảnh
5182,婚房装扮用品,62,False,,Khác / chưa xác định
5183,床头柜盖布,62,False,,Nội thất phòng ngủ
5184,斗兽棋,62,False,,Khác / chưa xác định
5185,止推杆,62,False,,Khác / chưa xác định
5186,混合巧克力,62,False,,Khác / chưa xác định
5187,火锅炉,62,False,,"Nồi, chảo & đồ nấu ăn"
5188,电烤枪,62,False,,Khác / chưa xác định
5189,纸自封袋,62,False,,Khác / chưa xác định
5190,绝缘布,62,False,,Khác / chưa xác định
5191,身高尺,62,False,,Khác / chưa xác định
5192,车条/幅条,62,False,,Khác / chưa xác định
5193,迪奥 梦幻美肌柔润精萃乳  素颜霜修颜乳,62,False,,Chăm sóc da mặt
5194,铅印钳,62,False,,Khác / chưa xác định
5195,鼓皮,62,False,,Khác / chưa xác định
5196,DIY玉米粒,61,False,,Khác / chưa xác định
5197,乒乓球挡板,61,False,,Thể thao bóng
5198,兔子灯,61,False,,Khác / chưa xác định
5199,垂钓望远镜,61,False,,Kính mắt & kính áp tròng
5200,帐杆/支撑杆/单杆修补管,61,False,,Khác / chưa xác định
5201,机箱电源风扇套装,61,False,,Điện lạnh & điều hòa
5202,湿巾加热器,61,False,,Dụng cụ vệ sinh nhà cửa
5203,照明变压器,61,False,,Đèn & chiếu sáng
5204,高尔夫伞,61,False,,Thể thao bóng
5205,USB保温碟/保温垫,60,False,,Khác / chưa xác định
5206,光盘拷贝机,60,False,,Dụng cụ nhà bếp
5207,兰蔻 清滢清洁面膜,60,False,,Chăm sóc da mặt
5208,助跳板,60,False,,Khác / chưa xác định
5209,南瓜干,60,False,,Khác / chưa xác định
5210,卧室空间定制,60,False,,Khác / chưa xác định
5211,大宝 眼袋霜,60,False,,Chăm sóc da mặt
5212,安全别针,60,False,,Khác / chưa xác định
5213,家用单机温感探测器,60,False,,Khác / chưa xác định
5214,拉弦板,60,False,,Khác / chưa xác định
5215,柳琴,60,False,,Khác / chưa xác định
5216,汽车除锈剂/防锈剂,60,False,,Ô tô: phụ tùng & phụ kiện
5217,温碧泉 磨砂洗面奶,60,False,,Chăm sóc da mặt
5218,灯眉,60,False,,Khác / chưa xác định
5219,电热炉,60,False,,"Nồi, chảo & đồ nấu ăn"
5220,脚架接环,60,False,,Khác / chưa xác định
5221,螺帽破开器,60,False,,Khác / chưa xác định
5222,跨栏架,60,False,,Khác / chưa xác định
5223,鸡蛋包装,60,False,,Gia vị & thực phẩm khô
5224,BMX小轮车,59,False,,Khác / chưa xác định
5225,中心冲,59,False,,Khác / chưa xác định
5226,仓储笼,59,False,,Khác / chưa xác định
5227,冰球杆,59,False,,Khác / chưa xác định
5228,单反/单电充电器,59,False,,Điện thoại & phụ kiện
5229,定制书柜,59,False,,Nội thất văn phòng & học tập
5230,手用铰刀,59,False,,Khác / chưa xác định
5231,摩托车行车记录仪,59,False,,Ô tô: phụ tùng & phụ kiện
5232,照片/画片,59,False,,Khác / chưa xác định
5233,牙盘曲柄中轴套装,59,False,,Dụng cụ nhà bếp
5234,皮脂汗腺,59,False,,Khác / chưa xác định
5235,花托,59,False,,Khác / chưa xác định
5236,闻香杯,59,False,,Khác / chưa xác định
5237,雅诗兰黛 多效智妍晚霜,59,False,,Khác / chưa xác định
5238,书写板,58,False,,Khác / chưa xác định
5239,号嘴,58,False,,Khác / chưa xác định
5240,扭曲勺,58,False,,Khác / chưa xác định
5241,无线运动耳机,58,False,,Âm thanh & nhạc cụ
5242,服饰,58,False,,Khác / chưa xác định
5243,测湿仪,58,False,,Khác / chưa xác định
5244,溜冰鞋/旱冰鞋,58,False,,Khác / chưa xác định
5245,烧烤夹,58,False,,Khác / chưa xác định
5246,电动车/摩托车充气泵,58,False,,Xe đạp & xe điện
5247,车载电饭煲,58,False,,Thiết bị gia dụng nhỏ
5248,连接杆,58,False,,Khác / chưa xác định
5249,透光石,58,False,,Khác / chưa xác định
5250,量脚器,58,False,,Khác / chưa xác định
5251,阳台置物架,58,False,,Tủ & kệ lưu trữ
5252,充气设备,57,False,,Khác / chưa xác định
5253,兰蔻 菁纯玫瑰面膜,57,False,,Chăm sóc da mặt
5254,外用延时剂,57,False,,Khác / chưa xác định
5255,御泥坊 海洋精华眼霜,57,False,,Chăm sóc da mặt
5256,托纸板/进纸托盘,57,False,,Dụng cụ nhà bếp
5257,拆线器/拆线刀,57,False,,Khác / chưa xác định
5258,散装犬主粮,57,False,,Thú cưng: thức ăn
5259,椅扶手,57,False,,Khác / chưa xác định
5260,榻榻米辅料,57,False,,Khác / chưa xác định
5261,洗眼液,57,False,,Khác / chưa xác định
5262,消防头盔,57,False,,Phòng cháy chữa cháy
5263,版纸,57,False,,Khác / chưa xác định
5264,话筒放大器,57,False,,Khác / chưa xác định
5265,运动毛衣/线衫,57,False,,Áo nữ
5266,135胶片单反,56,False,,Khác / chưa xác định
5267,万年红对联纸,56,False,,Khác / chưa xác định
5268,主令电器,56,False,,Khác / chưa xác định
5269,儿童牛仔外套,56,False,,Áo khoác & trang phục giữ ấm
5270,分频器(舞台),56,False,,Khác / chưa xác định
5271,医用护目镜,56,False,,Sức khỏe & thiết bị y tế
5272,台球修杆器,56,False,,Khác / chưa xác định
5273,固定器,56,False,,Khác / chưa xác định
5274,天馈系统,56,False,,Khác / chưa xác định
5275,拍纸本,56,False,,Khác / chưa xác định
5276,排球柱,56,False,,Khác / chưa xác định
5277,梵洁诗 玫瑰原液精华洁面膏,56,False,,Chăm sóc da mặt
5278,肌肤之钥 夜间修复乳液,56,False,,Chăm sóc da mặt
5279,艾灸仪／艾灸盒／艾灸装置,56,False,,Sức khỏe & thiết bị y tế
5280,裁判服,56,False,,Khác / chưa xác định
5281,车载驱鼠器,56,False,,Ô tô: phụ tùng & phụ kiện
5282,酒壶,56,False,,Bình nước & đồ uống
5283,验孕棒/验孕仪器,56,False,,"Đồng hồ, thiết bị đo lường"
5284,T型棍/T型拐,55,False,,Khác / chưa xác định
5285,会议麦克风,55,False,,Âm thanh & nhạc cụ
5286,全景相机,55,False,,Camera & nhiếp ảnh
5287,冰刀刀套,55,False,,Khác / chưa xác định
5288,冰箱除味器,55,False,,Điện lạnh & điều hòa
5289,分页纸/索引纸,55,False,,Khác / chưa xác định
5290,原汁机,55,False,,Khác / chưa xác định
5291,大型晒衣架,55,False,,Khác / chưa xác định
5292,活塞环,55,False,,Khác / chưa xác định
5293,电子焊接工具套装,55,False,,Khác / chưa xác định
5294,电机,55,False,,Khác / chưa xác định
5295,电话亭,55,False,,Điện thoại & phụ kiện
5296,相机挂绳,55,False,,Camera & nhiếp ảnh
5297,腕部防护用品,55,False,,Khác / chưa xác định
5298,镊子/手术剪（器械）,55,False,,Khác / chưa xác định
5299,高尔夫球服,55,False,,Thể thao bóng
5300,高胡,55,False,,Khác / chưa xác định
5301,K歌/直播声卡套装,54,False,,Khác / chưa xác định
5302,交椅,54,False,,Khác / chưa xác định
5303,体操道具,54,False,,Khác / chưa xác định
5304,体育网/围网,54,False,,Khác / chưa xác định
5305,儿童装饰手表,54,False,,Đồng hồ
5306,冰洗套装,54,False,,Khác / chưa xác định
5307,刷子,54,False,,Khác / chưa xác định
5308,半球型摄像机,54,False,,Camera & nhiếp ảnh
5309,圣女果干,54,False,,Khác / chưa xác định
5310,指挥棒,54,False,,Khác / chưa xác định
5311,湿手器,54,False,,Khác / chưa xác định
5312,滑雪鞋,54,False,,Khác / chưa xác định
5313,笔洗,54,False,,Văn phòng phẩm
5314,花蓝螺丝,54,False,,Khác / chưa xác định
5315,锯锉,54,False,,Dụng cụ cầm tay
5316,雅诗兰黛 白金级花菁萃紧颜精粹水,54,False,,Khác / chưa xác định
5317,TAPE磁带随身听,53,False,,Khác / chưa xác định
5318,伞坐,53,False,,Khác / chưa xác định
5319,健身锤/按摩捶,53,False,,Tập luyện & thể hình
5320,击剑鞋,53,False,,Khác / chưa xác định
5321,居家婚庆拖鞋,53,False,,Đồ cưới & trang trí sự kiện
5322,巧固架/堆垛架,53,False,,Khác / chưa xác định
5323,数码设备外接键盘,53,False,,Dụng cụ nhà bếp
5324,模拟人,53,False,,Khác / chưa xác định
5325,欧提丽 冰激凌保湿面霜,53,False,,Chăm sóc da mặt
5326,气动棘轮扳手,53,False,,Dụng cụ cầm tay
5327,水槽过滤网,53,False,,Khác / chưa xác định
5328,游泳拖鞋,53,False,,Đồ bơi & thể thao nước
5329,牙刷消毒器,53,False,,Chăm sóc răng miệng
5330,衣物柔顺/柔软剂,53,False,,Khác / chưa xác định
5331,迪奥 花蜜活颜丝悦玫瑰润养凝珠精华,53,False,,Chăm sóc da mặt
5332,雅诗兰黛 红石榴晚霜,53,False,,Khác / chưa xác định
5333,音叉,53,False,,Khác / chưa xác định
5334,制冰机,52,False,,Thiết bị nhà hàng & khách sạn
5335,医疗器械配件,52,False,,Sức khỏe & thiết bị y tế
5336,垃圾筒,52,False,,Khác / chưa xác định
5337,宝宝料理机/食物搅拌器,52,False,,Thiết bị gia dụng nhỏ
5338,扁嘴钳,52,False,,Khác / chưa xác định
5339,显示器/打印机色彩校正仪,52,False,,Máy tính & phụ kiện
5340,木龙骨,52,False,,Khác / chưa xác định
5341,滑雪镜,52,False,,Khác / chưa xác định
5342,电动车雨披,52,False,,Xe đạp & xe điện
5343,石膏板配件,52,False,,Khác / chưa xác định
5344,管子,52,False,,Khác / chưa xác định
5345,菱角,52,False,,Khác / chưa xác định
5346,藏族舞服,52,False,,Khác / chưa xác định
5347,蝎类,52,False,,Khác / chưa xác định
5348,装饰网/彩色防护网,52,False,,Khác / chưa xác định
5349,贝司音箱,52,False,,Âm thanh & nhạc cụ
5350,赛车T恤,52,False,,Áo nam
5351,防水万次火柴,52,False,,Khác / chưa xác định
5352,防静电服,52,False,,Khác / chưa xác định
5353,页轮/页片,52,False,,Khác / chưa xác định
5354,switch手柄,51,False,,Khác / chưa xác định
5355,丝杆,51,False,,Khác / chưa xác định
5356,化妆箱/盒,51,False,,Khác / chưa xác định
5357,塑料周转箱,51,False,,Khác / chưa xác định
5358,定制鞋柜,51,False,,Phụ kiện giày
5359,康复训练器材（器械）,51,False,,Khác / chưa xác định
5360,按摩椅,51,False,,Khác / chưa xác định
5361,收钱码/收款码/收款牌,51,False,,Khác / chưa xác định
5362,普拉提床,51,False,,Nội thất phòng ngủ
5363,沙发+茶几+电视柜,51,False,,Nội thất phòng khách
5364,热像仪,51,False,,Khác / chưa xác định
5365,球杆加长器,51,False,,Khác / chưa xác định
5366,秤,51,False,,Khác / chưa xác định
5367,计时/显示设备,51,False,,Khác / chưa xác định
5368,证件收纳盒,51,False,,Khác / chưa xác định
5369,齿科器械,51,False,,Khác / chưa xác định
5370,内四方扳手,50,False,,Dụng cụ cầm tay
5371,千张,50,False,,Khác / chưa xác định
5372,压条,50,False,,Khác / chưa xác định
5373,定制浴室柜,50,False,,Thiết bị phòng tắm
5374,宠物指甲套,50,False,,Khác / chưa xác định
5375,弯排机,50,False,,Khác / chưa xác định
5376,扁带,50,False,,Khác / chưa xác định
5377,智能出行,50,False,,Khác / chưa xác định
5378,电度表,50,False,,Khác / chưa xác định
5379,笔帘,50,False,,Văn phòng phẩm
5380,绣绷,50,False,,Khác / chưa xác định
5381,美肤宝 精粹舒润动力乳,50,False,,Chăm sóc da mặt
5382,装饰盆,50,False,,Khác / chưa xác định
5383,调音台,50,False,,Khác / chưa xác định
5384,铲子/锄头,50,False,,Khác / chưa xác định
5385,阴蒂刺激,50,False,,Khác / chưa xác định
5386,雪花秀 滋阴平衡水,50,False,,Khác / chưa xác định
5387,FM/MP3发射器,49,False,,Khác / chưa xác định
5388,兰蔻 小黑瓶晚霜,49,False,,Chăm sóc da mặt
5389,创意贴纸,49,False,,Văn phòng phẩm
5390,削皮机,49,False,,Khác / chưa xác định
5391,口罩护耳/防勒带,49,False,,"Mũ, khăn & găng tay"
5392,情趣跳蛋,49,False,,Khác / chưa xác định
5393,无极健身球,49,False,,Tập luyện & thể hình
5394,无障碍设施,49,False,,Khác / chưa xác định
5395,智能手表贴膜,49,False,,Đồng hồ
5396,智能闹钟,49,False,,Đồng hồ
5397,梵洁诗 玫瑰原液精华保湿莹露,49,False,,Chăm sóc da mặt
5398,水力发电机,49,False,,Máy móc công nghiệp
5399,水彩纸/本/水彩水粉颜料本,49,False,,Đồ thủ công & mỹ thuật
5400,测光表,49,False,,Khác / chưa xác định
5401,烫衣板,49,False,,Khác / chưa xác định
5402,草地铺设及设备,49,False,,Khác / chưa xác định
5403,车用砂纸,49,False,,Khác / chưa xác định
5404,针扎针插,49,False,,Khác / chưa xác định
5405,钢管舞钢管,49,False,,Khác / chưa xác định
5406,雅诗兰黛 全新专研 防晒30ml,49,False,,Chăm sóc da mặt
5407,AGV小车,48,False,,Khác / chưa xác định
5408,一次性餐桌用品套装,48,False,,Nội thất phòng ăn
5409,修正贴,48,False,,Khác / chưa xác định
5410,儿童房/婴儿房（原婴童）,48,False,,Đồ dùng cho bé
5411,大宝 美容日霜,48,False,,Chăm sóc da mặt
5412,婴儿床,48,False,,Nội thất phòng ngủ
5413,带放大镜指甲钳,48,False,,Kính mắt & kính áp tròng
5414,拳击鞋,48,False,,Khác / chưa xác định
5415,摩托车遮阳伞,48,False,,Khác / chưa xác định
5416,杨桃,48,False,,Khác / chưa xác định
5417,欧缇丽 葡萄籽温和卸妆乳,48,False,,Chăm sóc da mặt
5418,水素杯,48,False,,Khác / chưa xác định
5419,泥雪沙地脱困板,48,False,,Khác / chưa xác định
5420,滚花刀,48,False,,Khác / chưa xác định
5421,独木舟,48,False,,Khác / chưa xác định
5422,皇冠配饰,48,False,,Khác / chưa xác định
5423,真无线降噪耳机,48,False,,Âm thanh & nhạc cụ
5424,绣针,48,False,,Khác / chưa xác định
5425,肩部防护用品,48,False,,Khác / chưa xác định
5426,花型套筒,48,False,,Khác / chưa xác định
5427,迪奥 乐肤源 清润凝霜 雪酪面霜,48,False,,Chăm sóc da mặt
5428,雅诗兰黛 红石榴面霜,48,False,,Chăm sóc da mặt
5429,风筝线,48,False,,Đồ chơi ngoài trời
5430,低体重儿/早产儿奶粉,47,False,,Sữa & thực phẩm cho bé
5431,兰蔻 根源面膜,47,False,,Chăm sóc da mặt
5432,商务礼品包装,47,False,,Quà tặng & đồ lưu niệm
5433,形状配对扭扭蛋,47,False,,Khác / chưa xác định
5434,摔跤布袋,47,False,,Khác / chưa xác định
5435,杂志报刊架,47,False,,"Sách, tạp chí & âm nhạc"
5436,梵洁诗 玫瑰原液精华肌底液,47,False,,Chăm sóc da mặt
5437,泡脚袋,47,False,,Khác / chưa xác định
5438,车架,47,False,,Khác / chưa xác định
5439,防疲劳/防瞌睡提醒器,47,False,,Khác / chưa xác định
5440,雅诗兰黛 肌初赋活微精华原生液,47,False,,Chăm sóc da mặt
5441,雅诗兰黛 肌初赋活微精华原生液15ml,47,False,,Chăm sóc da mặt
5442,CD盒,46,False,,"Sách, tạp chí & âm nhạc"
5443,下水道密封圈,46,False,,Khác / chưa xác định
5444,便携音响/音箱,46,False,,Thiết bị điện tử gia đình
5445,假发发箍,46,False,,Chăm sóc tóc
5446,全屋净水系统,46,False,,Khác / chưa xác định
5447,固齿器,46,False,,Khác / chưa xác định
5448,场地吸水器,46,False,,Khác / chưa xác định
5449,客厅空间定制,46,False,,Khác / chưa xác định
5450,嵌入式空调/天花机,46,False,,Điện lạnh & điều hòa
5451,希芸 清透肌爽肤乳液,46,False,,Chăm sóc da mặt
5452,木折尺,46,False,,Khác / chưa xác định
5453,生日报,46,False,,Khác / chưa xác định
5454,电动轻便摩托车,46,False,,Khác / chưa xác định
5455,粉扑,46,False,,Khác / chưa xác định
5456,耳麦,46,False,,Khác / chưa xác định
5457,话放,46,False,,Khác / chưa xác định
5458,越野射灯,46,False,,Đèn & chiếu sáng
5459,足浴盆,46,False,,Khác / chưa xác định
5460,金属罐包装,46,False,,Khác / chưa xác định
5461,CD架,45,False,,"Sách, tạp chí & âm nhạc"
5462,商用电饭煲,45,False,,Thiết bị gia dụng nhỏ
5463,四胡,45,False,,Khác / chưa xác định
5464,套件定制,45,False,,Khác / chưa xác định
5465,学习手写板,45,False,,Khác / chưa xác định
5466,宠物汽车安全带,45,False,,Ô tô: phụ tùng & phụ kiện
5467,巧克力喷泉机,45,False,,Khác / chưa xác định
5468,推力滚子轴承,45,False,,Khác / chưa xác định
5469,梵洁诗 绿茶原液精华莹肌润肤乳,45,False,,Chăm sóc da mặt
5470,棉布袋,45,False,,Khác / chưa xác định
5471,橄榄球,45,False,,Khác / chưa xác định
5472,焊工墨镜,45,False,,Kính mắt & kính áp tròng
5473,焗油围布,45,False,,Khác / chưa xác định
5474,玻璃拉杆,45,False,,Khác / chưa xác định
5475,珀莱雅 靓白芯肌晶采洁面乳,45,False,,Chăm sóc da mặt
5476,理发剪,45,False,,Khác / chưa xác định
5477,迪奥 雪精灵雪晶灵焕亮微珠美容液,45,False,,Chăm sóc da mặt
5478,防晒网/遮光网/遮阳网,45,False,,Chăm sóc da mặt
5479,驱蚊草,45,False,,Khác / chưa xác định
5480,高尔夫杆包,45,False,,Thể thao bóng
5481,会议电话产品,44,False,,Điện thoại & phụ kiện
5482,健步鞋,44,False,,Khác / chưa xác định
5483,单台嵌入式冰箱,44,False,,Điện lạnh & điều hòa
5484,发牌机,44,False,,Khác / chưa xác định
5485,地插底盒,44,False,,Khác / chưa xác định
5486,增力扳手,44,False,,Dụng cụ cầm tay
5487,宠物车载笼,44,False,,Ô tô: phụ tùng & phụ kiện
5488,小银杏,44,False,,Khác / chưa xác định
5489,新世纪福音战士机体专区,44,False,,Khác / chưa xác định
5490,梵洁诗 蓝钻爽肤水,44,False,,Chăm sóc da mặt
5491,焗油耳罩,44,False,,"Mũ, khăn & găng tay"
5492,生物识别采集器,44,False,,Khác / chưa xác định
5493,窗帘面料,44,False,,"Rèm, thảm & vải gia dụng"
5494,象拔蚌,44,False,,Khác / chưa xác định
5495,迪奥 花秘瑰萃 修护精华露,44,False,,Chăm sóc da mặt
5496,冰枕,43,False,,Khác / chưa xác định
5497,呼吸配件（器械）,43,False,,Khác / chưa xác định
5498,多功能手电,43,False,,Khác / chưa xác định
5499,宠物狐狸,43,False,,Khác / chưa xác định
5500,接力棒,43,False,,Khác / chưa xác định
5501,条状拖把头,43,False,,Dụng cụ vệ sinh nhà cửa
5502,滑水板,43,False,,Khác / chưa xác định
5503,花心,43,False,,Khác / chưa xác định
5504,视频转换器,43,False,,Khác / chưa xác định
5505,许愿瓶/幸运星瓶,43,False,,Khác / chưa xác định
5506,量油尺,43,False,,Khác / chưa xác định
5507,钢丝绳吊索,43,False,,Khác / chưa xác định
5508,餐桌椅+餐边柜+酒柜+餐车,43,False,,Nội thất phòng khách
5509,G点后庭,42,False,,Khác / chưa xác định
5510,MCU/会议服务器,42,False,,Dịch vụ & vé
5511,剑,42,False,,Khác / chưa xác định
5512,宝宝量温,42,False,,Đồ dùng cho bé
5513,希芸 清透肌女爽肤水,42,False,,Chăm sóc da mặt
5514,排卵卡笔/排卵检测仪,42,False,,Văn phòng phẩm
5515,机油/机滤更换工时,42,False,,Ô tô: phụ tùng & phụ kiện
5516,活力板,42,False,,Khác / chưa xác định
5517,瑜伽手套,42,False,,"Mũ, khăn & găng tay"
5518,电话套,42,False,,Điện thoại & phụ kiện
5519,竞技独轮车,42,False,,Khác / chưa xác định
5520,足球战术板,42,False,,Thể thao bóng
5521,采伐斧,42,False,,Khác / chưa xác định
5522,防护口罩,42,False,,"Mũ, khăn & găng tay"
5523,雅诗兰黛 红石榴水 鲜活营养精华水 爽肤水,42,False,,Chăm sóc da mặt
5524,风铃及配件,42,False,,Khác / chưa xác định
5525,司机防晒手套,41,False,,Chăm sóc da mặt
5526,增距镜,41,False,,Khác / chưa xác định
5527,微波炉面板,41,False,,Thiết bị gia dụng nhỏ
5528,水溶笔,41,False,,Văn phòng phẩm
5529,纸罐,41,False,,Khác / chưa xác định
5530,美妆蛋收纳盒/架,41,False,,Trang điểm
5531,防走光扣,41,False,,Khác / chưa xác định
5532,假发梳子,40,False,,Chăm sóc tóc
5533,医用防护服,40,False,,Sức khỏe & thiết bị y tế
5534,圆嘴钳,40,False,,Khác / chưa xác định
5535,孕产康复仪,40,False,,Khác / chưa xác định
5536,宠物医疗,40,False,,Sức khỏe & thiết bị y tế
5537,急救用品（器械）,40,False,,Khác / chưa xác định
5538,揉面垫,40,False,,Khác / chưa xác định
5539,揉面袋,40,False,,Khác / chưa xác định
5540,散装猫主粮,40,False,,Thú cưng: thức ăn
5541,水槽沥水袋,40,False,,Khác / chưa xác định
5542,浴帽/洗发帽,40,False,,Chăm sóc tóc
5543,液晶屏保护膜,40,False,,Khác / chưa xác định
5544,相机/摄像机专用充电套装,40,False,,Camera & nhiếp ảnh
5545,眩晕晕车用药,40,False,,Khác / chưa xác định
5546,秋葵,40,False,,Khác / chưa xác định
5547,管道清洁棒,40,False,,Khác / chưa xác định
5548,节电器,40,False,,Khác / chưa xác định
5549,防尘胶条,40,False,,Khác / chưa xác định
5550,防砸皮鞋,40,False,,Giày nam
5551,阳光房定制,40,False,,Khác / chưa xác định
5552,鼓凳,40,False,,Khác / chưa xác định
5553,MP3/MP4耳机,39,False,,Âm thanh & nhạc cụ
5554,PSV彩贴/贴纸,39,False,,Văn phòng phẩm
5555,儿童抓绒衣,39,False,,Quần áo trẻ em
5556,分流器,39,False,,Khác / chưa xác định
5557,化妆品冰箱,39,False,,Điện lạnh & điều hòa
5558,台球三角架,39,False,,Khác / chưa xác định
5559,异形锉,39,False,,Khác / chưa xác định
5560,御泥坊 黑玫瑰洁面乳,39,False,,Chăm sóc da mặt
5561,曲柄,39,False,,Khác / chưa xác định
5562,梵洁诗 鱼子酱魔力霜,39,False,,Khác / chưa xác định
5563,橱柜脚,39,False,,Khác / chưa xác định
5564,混响,39,False,,Khác / chưa xác định
5565,珀莱雅 靓白芯肌晶采面霜,39,False,,Chăm sóc da mặt
5566,瘦手臂套,39,False,,Khác / chưa xác định
5567,腿套,39,False,,Khác / chưa xác định
5568,螺丝形状配对玩具,39,False,,Đồ chơi mô hình & điều khiển
5569,儿童踏脚凳（原婴童）,38,False,,Khác / chưa xác định
5570,兰蔻 根源日霜,38,False,,Chăm sóc da mặt
5571,分电器,38,False,,Khác / chưa xác định
5572,卷包/折叠床垫,38,False,,Nội thất phòng ngủ
5573,同仁堂 舒缓轻柔修护液 保湿液,38,False,,Sức khỏe & thiết bị y tế
5574,四轮定位,38,False,,Khác / chưa xác định
5575,园艺检测仪,38,False,,Nông nghiệp & làm vườn
5576,奶瓶温度计,38,False,,Đồ dùng cho bé
5577,扭剪扳手,38,False,,Dụng cụ cầm tay
5578,果岭叉,38,False,,Khác / chưa xác định
5579,篮球战术板,38,False,,Thể thao bóng
5580,车载折叠马桶,38,False,,Thiết bị phòng tắm
5581,迪奥 花蜜活颜丝悦盈润乳霜,38,False,,Chăm sóc da mặt
5582,锁紧垫圈,38,False,,Khác / chưa xác định
5583,镜头笔,38,False,,Camera & nhiếp ảnh
5584,门球杆,38,False,,Khác / chưa xác định
5585,防蜂衣/防蜂帽/马蜂服,38,False,,Khác / chưa xác định
5586,RAID卡,37,False,,Khác / chưa xác định
5587,乐器周边,37,False,,Âm thanh & nhạc cụ
5588,乐器连接线,37,False,,Âm thanh & nhạc cụ
5589,保养工具,37,False,,Khác / chưa xác định
5590,内饰贴膜,37,False,,Khác / chưa xác định
5591,商用筷子消毒机,37,False,,Dụng cụ nhà bếp
5592,夹背锯,37,False,,Dụng cụ cầm tay
5593,拳击袋/拳击手套,37,False,,"Mũ, khăn & găng tay"
5594,普通有线耳机,37,False,,Âm thanh & nhạc cụ
5595,梵洁诗 摇醒青春幼龄反重力精华露,37,False,,Chăm sóc da mặt
5596,梵洁诗 炫舞青春面部精华液,37,False,,Chăm sóc da mặt
5597,水密码 水光安平精华液,37,False,,Chăm sóc da mặt
5598,滤清磁铁,37,False,,Khác / chưa xác định
5599,珀莱雅 面部精华液,37,False,,Chăm sóc da mặt
5600,瑜伽鞋,37,False,,Tập luyện & thể hình
5601,电动车内胎,37,False,,Xe đạp & xe điện
5602,电子书灯,37,False,,Khác / chưa xác định
5603,移动洗澡机,37,False,,Khác / chưa xác định
5604,缝隙柜,37,False,,Khác / chưa xác định
5605,自行车停放设施,37,False,,Xe đạp & xe điện
5606,花材,37,False,,Khác / chưa xác định
5607,虎音锣,37,False,,Khác / chưa xác định
5608,软件压缩卡,37,False,,Khác / chưa xác định
5609,兰蔻 美肤修护日霜,36,False,,Chăm sóc da mặt
5610,护理屏风,36,False,,Khác / chưa xác định
5611,果蔬置物架/篮/框,36,False,,Tủ & kệ lưu trữ
5612,法兰分离器,36,False,,Khác / chưa xác định
5613,消防靴,36,False,,Phòng cháy chữa cháy
5614,电力猫,36,False,,Khác / chưa xác định
5615,秧歌鞋,36,False,,Khác / chưa xác định
5616,荠菜,36,False,,Khác / chưa xác định
5617,裁判巡边旗,36,False,,Khác / chưa xác định
5618,迪奥 花秘瑰萃 修护霜,36,False,,Chăm sóc da mặt
5619,通讯录/电话本,36,False,,Điện thoại & phụ kiện
5620,雅丽洁 芦荟清透洁面啫喱,36,False,,Chăm sóc da mặt
5621,音箱支架,36,False,,Âm thanh & nhạc cụ
5622,驱蚊扣,36,False,,Khác / chưa xác định
5623,鼓架/镲架,36,False,,Khác / chưa xác định
5624,6864卫生材料及敷料,35,False,,Khác / chưa xác định
5625,主机包,35,False,,Khác / chưa xác định
5626,刀锉,35,False,,Khác / chưa xác định
5627,双面镜,35,False,,Khác / chưa xác định
5628,大头针,35,False,,Khác / chưa xác định
5629,婴童/儿童四件套,35,False,,Chăn ga gối đệm
5630,家用保险箱,35,False,,Khác / chưa xác định
5631,御泥坊 水润茶萃微囊洁面乳,35,False,,Chăm sóc da mặt
5632,微波炉防尘罩,35,False,,Thiết bị gia dụng nhỏ
5633,微调,35,False,,Khác / chưa xác định
5634,手揉纸,35,False,,Khác / chưa xác định
5635,折纸机,35,False,,Khác / chưa xác định
5636,摇表器,35,False,,Khác / chưa xác định
5637,棒球鞋,35,False,,Khác / chưa xác định
5638,海鲜水产礼盒套装,35,False,,"Thịt, cá & hải sản"
5639,珍宝蟹,35,False,,Khác / chưa xác định
5640,空中瑜伽吊床,35,False,,Nội thất phòng ngủ
5641,跳跳环/闪光跳,35,False,,Khác / chưa xác định
5642,迪奥 乐肤源深润乳霜,35,False,,Chăm sóc da mặt
5643,零食收纳筐,35,False,,Đồ ăn vặt
5644,功能内衣下装,34,False,,Khác / chưa xác định
5645,定扭矩扳手,34,False,,Dụng cụ cầm tay
5646,悦诗风吟 森林男士控油清爽洗面奶,34,False,,Chăm sóc da mặt
5647,新疆舞服,34,False,,Khác / chưa xác định
5648,水槽厨电一体机,34,False,,Máy tính & phụ kiện
5649,紧定套,34,False,,Khác / chưa xác định
5650,触笔,34,False,,Văn phòng phẩm
5651,转椅扶手,34,False,,Khác / chưa xác định
5652,阀门箱,34,False,,Khác / chưa xác định
5653,雅丽洁 芦荟胶,34,False,,Chăm sóc da mặt
5654,不锈钢垃圾桶,33,False,,Dụng cụ vệ sinh nhà cửa
5655,倒车灯,33,False,,Khác / chưa xác định
5656,冲牙器／洗牙器／洁牙机,33,False,,Chăm sóc răng miệng
5657,定制洗衣机柜,33,False,,Điện lạnh & điều hòa
5658,家具底座,33,False,,Khác / chưa xác định
5659,布基胶带,33,False,,Văn phòng phẩm
5660,弯嘴钳,33,False,,Khác / chưa xác định
5661,御泥坊 玫瑰滋养矿物润肤水,33,False,,Chăm sóc da mặt
5662,旅行洗漱套装,33,False,,Khác / chưa xác định
5663,甜品台装饰,33,False,,Khác / chưa xác định
5664,电动清洁刷,33,False,,Khác / chưa xác định
5665,直磨机,33,False,,Khác / chưa xác định
5666,磁盘阵列,33,False,,Dụng cụ nhà bếp
5667,管活两用扳手,33,False,,Dụng cụ cầm tay
5668,美容/美甲沙发,33,False,,Nội thất phòng khách
5669,肌肤之钥 日用乳液,33,False,,Chăm sóc da mặt
5670,起跑器,33,False,,Khác / chưa xác định
5671,起重链条,33,False,,Khác / chưa xác định
5672,踢踏舞鞋,33,False,,Khác / chưa xác định
5673,车罩,33,False,,Khác / chưa xác định
5674,遮阳伞雨披,33,False,,Khác / chưa xác định
5675,雪莲果,33,False,,Khác / chưa xác định
5676,下水道垃圾夹,32,False,,Khác / chưa xác định
5677,专业音频放大器(舞台),32,False,,Khác / chưa xác định
5678,保护箱,32,False,,Khác / chưa xác định
5679,商用柜机空调,32,False,,Điện lạnh & điều hòa
5680,户外摄影包,32,False,,Camera & nhiếp ảnh
5681,手动鼓风机,32,False,,Khác / chưa xác định
5682,扳杆,32,False,,Khác / chưa xác định
5683,数码望远镜,32,False,,Kính mắt & kính áp tròng
5684,有线游戏耳机,32,False,,Âm thanh & nhạc cụ
5685,束腿带,32,False,,Khác / chưa xác định
5686,焗油帽子,32,False,,"Mũ, khăn & găng tay"
5687,电动车音响/音箱,32,False,,Thiết bị điện tử gia đình
5688,组合嵌入式冰箱,32,False,,Điện lạnh & điều hòa
5689,越野平衡仪,32,False,,Khác / chưa xác định
5690,车壳,32,False,,Khác / chưa xác định
5691,车用指南针/指南球,32,False,,Khác / chưa xác định
5692,迪奥 花秘瑰萃洁颜泡沫,32,False,,Chăm sóc da mặt
5693,opp胶带,31,False,,Văn phòng phẩm
5694,体操鞋,31,False,,Khác / chưa xác định
5695,保丽龙颗粒,31,False,,Khác / chưa xác định
5696,信息张贴栏,31,False,,Khác / chưa xác định
5697,儿童口琴,31,False,,Âm thanh & nhạc cụ
5698,兰蔻 水份缘眼霜,31,False,,Chăm sóc da mặt
5699,单杆轻便推车,31,False,,Khác / chưa xác định
5700,单车护链贴,31,False,,Khác / chưa xác định
5701,地板弹簧,31,False,,Vật liệu xây dựng
5702,大宝 眼角皱纹蜜,31,False,,Chăm sóc da mặt
5703,对焦屏,31,False,,Khác / chưa xác định
5704,御泥坊 黑玫瑰矿物柔肤乳,31,False,,Khác / chưa xác định
5705,心电监测仪,31,False,,Khác / chưa xác định
5706,排球球网,31,False,,Khác / chưa xác định
5707,板羽球(三毛球),31,False,,Khác / chưa xác định
5708,梯子,31,False,,Khác / chưa xác định
5709,欧缇丽 尊贵璀璨时光修护眼霜,31,False,,Chăm sóc da mặt
5710,水中拉力带,31,False,,Khác / chưa xác định
5711,洗牌机,31,False,,Khác / chưa xác định
5712,消防栓/灭火栓,31,False,,Phòng cháy chữa cháy
5713,电子计步器,31,False,,Khác / chưa xác định
5714,美容服,31,False,,Khác / chưa xác định
5715,美肤宝 精粹舒润保湿水,31,False,,Chăm sóc da mặt
5716,肉桂粉,31,False,,Khác / chưa xác định
5717,证卡打印机,31,False,,Máy tính & phụ kiện
5718,跑步外套,31,False,,Áo khoác & trang phục giữ ấm
5719,防化服,31,False,,Khác / chưa xác định
5720,雅诗兰黛 卸妆洗面奶30ml,31,False,,Chăm sóc da mặt
5721,雅诗兰黛 肌透修护洁面乳,31,False,,Chăm sóc da mặt
5722,鱼塘撒药机/洒药机,31,False,,Khác / chưa xác định
5723,鳕蟹,31,False,,Khác / chưa xác định
5724,儿童冲锋裤,30,False,,Quần áo trẻ em
5725,安全警戒线,30,False,,Văn phòng phẩm
5726,御泥坊 小蓝瓶深补水弹润水,30,False,,Khác / chưa xác định
5727,手电头带,30,False,,Khác / chưa xác định
5728,更多橄榄球配件,30,False,,Khác / chưa xác định
5729,欧松板,30,False,,Khác / chưa xác định
5730,止鼾器（器械）,30,False,,Khác / chưa xác định
5731,氮气充气机,30,False,,Khác / chưa xác định
5732,滑雪手套,30,False,,"Mũ, khăn & găng tay"
5733,电动花剑整剑,30,False,,Khác / chưa xác định
5734,电阻,30,False,,Khác / chưa xác định
5735,苹果取卡针,30,False,,Gia vị & thực phẩm khô
5736,血糖仪,30,False,,Sức khỏe & thiết bị y tế
5737,贝司弦,30,False,,Khác / chưa xác định
5738,轮胎螺丝帽,30,False,,Ô tô: phụ tùng & phụ kiện
5739,迪奥 花蜜活颜丝悦玫瑰精粹露,30,False,,Chăm sóc da mặt
5740,键盘刷,30,False,,Dụng cụ nhà bếp
5741,门厅柜+鞋柜,30,False,,Phụ kiện giày
5742,颐莲 玻尿酸嘭润水,30,False,,Khác / chưa xác định
5743,3G无线上网卡设备,29,False,,Khác / chưa xác định
5744,cmos清洁,29,False,,Khác / chưa xác định
5745,军刀卡/万能刀卡,29,False,,Khác / chưa xác định
5746,包/箱配件,29,False,,Khác / chưa xác định
5747,推车雨罩,29,False,,Khác / chưa xác định
5748,电子鞭炮,29,False,,Khác / chưa xác định
5749,硬盘抽取盒,29,False,,Dụng cụ nhà bếp
5750,空手道服,29,False,,Khác / chưa xác định
5751,花剑面罩,29,False,,Khác / chưa xác định
5752,车载碟盒,29,False,,Ô tô: phụ tùng & phụ kiện
5753,车载自行车架,29,False,,Ô tô: phụ tùng & phụ kiện
5754,迪奥 肌活蕴能精萃液 精华水,29,False,,Chăm sóc da mặt
5755,长号,29,False,,Khác / chưa xác định
5756,阳光罐/月光罐,29,False,,Khác / chưa xác định
5757,雅诗兰黛 细致焕采护肤水爽肤水大蓝水,29,False,,Chăm sóc da mặt
5758,频率元件,29,False,,Khác / chưa xác định
5759,KVM,28,False,,Khác / chưa xác định
5760,Kinect体感器,28,False,,Khác / chưa xác định
5761,一次性鞋套,28,False,,Khác / chưa xác định
5762,乒乓球盒,28,False,,Thể thao bóng
5763,京二胡,28,False,,Khác / chưa xác định
5764,大宝 眼霜,28,False,,Chăm sóc da mặt
5765,玻璃托/夹,28,False,,Khác / chưa xác định
5766,电动车面罩/帽,28,False,,Xe đạp & xe điện
5767,眼镜收纳盒,28,False,,Kính mắt & kính áp tròng
5768,移门路轨,28,False,,Khác / chưa xác định
5769,芦笙,28,False,,Khác / chưa xác định
5770,鞍袋,28,False,,Khác / chưa xác định
5771,音乐枕,28,False,,Khác / chưa xác định
5772,顶切钳,28,False,,Khác / chưa xác định
5773,餐桌椅+餐车,28,False,,Nội thất phòng ăn
5774,全屋窗帘套餐,27,False,,"Rèm, thảm & vải gia dụng"
5775,同仁堂 舒缓轻柔洁面乳,27,False,,Chăm sóc da mặt
5776,大号,27,False,,Khác / chưa xác định
5777,手虎钳,27,False,,Khác / chưa xác định
5778,投影机包,27,False,,Khác / chưa xác định
5779,挂快劳/快劳夹,27,False,,Khác / chưa xác định
5780,整车检测仪,27,False,,"Đồng hồ, thiết bị đo lường"
5781,游泳镜,27,False,,Đồ bơi & thể thao nước
5782,滑杆,27,False,,Khác / chưa xác định
5783,美肤宝 水感透白美肌水,27,False,,Chăm sóc da mặt
5784,翻译笔,27,False,,Văn phòng phẩm
5785,货品支架,27,False,,Linh kiện & thiết bị điện
5786,轮胎清理钩/耙,27,False,,Ô tô: phụ tùng & phụ kiện
5787,量筒/量杯,27,False,,Khác / chưa xác định
5788,镜梳套装,27,False,,Khác / chưa xác định
5789,集装桶/吨桶/千升桶,27,False,,Khác / chưa xác định
5790,高温胶带,27,False,,Văn phòng phẩm
5791,魔方/3D魔方,27,False,,Đồ chơi giáo dục
5792,6806口腔科,26,False,,Chăm sóc răng miệng
5793,口腔检查／护理／治疗器械,26,False,,Chăm sóc răng miệng
5794,咖啡礼盒,26,False,,"Trà, cà phê & đồ uống"
5795,固定椅,26,False,,Khác / chưa xác định
5796,婴童床单,26,False,,Chăn ga gối đệm
5797,定制柜门板,26,False,,Khác / chưa xác định
5798,广角镜,26,False,,Khác / chưa xác định
5799,户外营地车,26,False,,Cắm trại & dã ngoại
5800,执照框,26,False,,Khác / chưa xác định
5801,服务机器人,26,False,,Đồ chơi mô hình & điều khiển
5802,桌面空气净化器,26,False,,Thiết bị gia dụng nhỏ
5803,沐浴桶,26,False,,Chăm sóc cơ thể
5804,烘焙刮板,26,False,,Khác / chưa xác định
5805,玛拉胶带,26,False,,Văn phòng phẩm
5806,珀莱雅 水漾肌密柔肤水,26,False,,Khác / chưa xác định
5807,皮头胶水,26,False,,Văn phòng phẩm
5808,美肤宝 精萃透白亮肤乳液,26,False,,Chăm sóc da mặt
5809,肌肤之钥 夜用乳液,26,False,,Chăm sóc da mặt
5810,花剑剑服,26,False,,Khác / chưa xác định
5811,钣金锤,26,False,,Khác / chưa xác định
5812,阅览桌,26,False,,Khác / chưa xác định
5813,防尘服,26,False,,Khác / chưa xác định
5814,雅诗兰黛 沁水倍润天使眼霜,26,False,,Chăm sóc da mặt
5815,颐莲 玻尿酸嘭润乳液,26,False,,Chăm sóc da mặt
5816,香薰灯,26,False,,Nước hoa & hương thơm
5817,单反机身盖,25,False,,Khác / chưa xác định
5818,双人床+床头柜+衣柜,25,False,,Nội thất phòng ngủ
5819,后挂摩托车拖架,25,False,,Khác / chưa xác định
5820,定制入户柜,25,False,,Khác / chưa xác định
5821,抓绒衣裤套装,25,False,,Khác / chưa xác định
5822,指板,25,False,,Khác / chưa xác định
5823,无盘工作站,25,False,,Dụng cụ nhà bếp
5824,气动捣固机,25,False,,Khác / chưa xác định
5825,焗油梳子,25,False,,Chăm sóc tóc
5826,身份牌/金属牌,25,False,,Khác / chưa xác định
5827,马镫,25,False,,Khác / chưa xác định
5828,20米清洗套装,24,False,,Khác / chưa xác định
5829,优资莱 绿茶洗面奶,24,False,,Chăm sóc da mặt
5830,倒立凳,24,False,,Khác / chưa xác định
5831,倒车镜/后视镜安装工时,24,False,,Ô tô: phụ tùng & phụ kiện
5832,傻瓜相机,24,False,,Camera & nhiếp ảnh
5833,婚庆花篮,24,False,,Đồ cưới & trang trí sự kiện
5834,定制餐边柜,24,False,,Nội thất phòng khách
5835,实体娃娃,24,False,,Búp bê & đồ chơi nhập vai
5836,弦钮,24,False,,Khác / chưa xác định
5837,御泥坊 亮采嫩肤洁面乳,24,False,,Chăm sóc da mặt
5838,情趣睡衣,24,False,,Đồ lót & đồ ngủ
5839,打击垫,24,False,,Khác / chưa xác định
5840,按摩器材（器械）,24,False,,Sức khỏe & thiết bị y tế
5841,梵洁诗 绿钻爽肤水,24,False,,Chăm sóc da mặt
5842,水密码 水光亮白精华乳液,24,False,,Chăm sóc da mặt
5843,沙滩桌,24,False,,Khác / chưa xác định
5844,珀莱雅 水漾肌密恒润乳液,24,False,,Chăm sóc da mặt
5845,甜菜头,24,False,,Khác / chưa xác định
5846,皮纹纸,24,False,,Khác / chưa xác định
5847,研钵,24,False,,Khác / chưa xác định
5848,线缆收纳器/集线器,24,False,,Khác / chưa xác định
5849,细腰鼓,24,False,,Khác / chưa xác định
5850,网络加速及优化,24,False,,Khác / chưa xác định
5851,耳,24,False,,Khác / chưa xác định
5852,跑步套装,24,False,,Khác / chưa xác định
5853,边灯,24,False,,Khác / chưa xác định
5854,迪奥 肌活蕴能洁面乳凝露洗面奶,24,False,,Chăm sóc da mặt
5855,雅诗兰黛 沁水倍润保湿乳,24,False,,Khác / chưa xác định
5856,饼干,24,False,,Đồ ăn vặt
5857,CD随身听,23,False,,"Sách, tạp chí & âm nhạc"
5858,儿童运动衣,23,False,,Quần áo trẻ em
5859,儿童钢琴,23,False,,Âm thanh & nhạc cụ
5860,凉席定制定做,23,False,,Khác / chưa xác định
5861,商用净水设备,23,False,,Thiết bị thương mại
5862,壶铃,23,False,,Khác / chưa xác định
5863,夏夷贝,23,False,,Khác / chưa xác định
5864,御泥坊 清爽平衡矿物爽肤水,23,False,,Chăm sóc da mặt
5865,毛刷,23,False,,Khác / chưa xác định
5866,烧烤用具套装,23,False,,Khác / chưa xác định
5867,瘦小腿套,23,False,,Khác / chưa xác định
5868,箱琴音箱,23,False,,Âm thanh & nhạc cụ
5869,红黄牌,23,False,,Khác / chưa xác định
5870,绣布,23,False,,Khác / chưa xác định
5871,网关,23,False,,Khác / chưa xác định
5872,自助点餐机,23,False,,Khác / chưa xác định
5873,草裙,23,False,,Khác / chưa xác định
5874,藤球,23,False,,Khác / chưa xác định
5875,车载电脑/准系统,23,False,,Máy tính & phụ kiện
5876,雅丽洁 芦荟菁萃柔肤水,23,False,,Chăm sóc da mặt
5877,中医保健,22,False,,Khác / chưa xác định
5878,体温计,22,False,,Sức khỏe & thiết bị y tế
5879,儿童牵引绳,22,False,,Khác / chưa xác định
5880,包包收纳盒/箱,22,False,,Khác / chưa xác định
5881,卡祖笛,22,False,,Khác / chưa xác định
5882,反光穿戴用品,22,False,,Khác / chưa xác định
5883,发贴,22,False,,Khác / chưa xác định
5884,套环,22,False,,Khác / chưa xác định
5885,女式情趣内裤,22,False,,Đồ lót & đồ ngủ
5886,帽子假发,22,False,,Chăm sóc tóc
5887,情趣套装,22,False,,Khác / chưa xác định
5888,指环,22,False,,Khác / chưa xác định
5889,换人牌,22,False,,Khác / chưa xác định
5890,李医生 祛斑洗面奶,22,False,,Chăm sóc da mặt
5891,橄榄球服,22,False,,Khác / chưa xác định
5892,欧缇丽 葡萄籽洁颜清浊面膜,22,False,,Chăm sóc da mặt
5893,滑水手套,22,False,,"Mũ, khăn & găng tay"
5894,烹饪机器人,22,False,,Đồ chơi mô hình & điều khiển
5895,玫瑰花瓣,22,False,,Khác / chưa xác định
5896,相机包,22,False,,Camera & nhiếp ảnh
5897,眼枕,22,False,,Khác / chưa xác định
5898,细木工板,22,False,,Khác / chưa xác định
5899,蓝口贝,22,False,,Khác / chưa xác định
5900,邦戈鼓,22,False,,Khác / chưa xác định
5901,门板封边,22,False,,Khác / chưa xác định
5902,雅诗兰黛 肌初赋活原生液,22,False,,Khác / chưa xác định
5903,雾灯,22,False,,Khác / chưa xác định
5904,香薰DIY材料/工具,22,False,,Nước hoa & hương thơm
5905,鲍鱼果,22,False,,Khác / chưa xác định
5906,鲜果篮(预定与速递),22,False,,Khác / chưa xác định
5907,10米清洗套装,21,False,,Khác / chưa xác định
5908,AHC 黄金蜗牛原液精华液,21,False,,Chăm sóc da mặt
5909,主机箱托架,21,False,,Linh kiện máy tính
5910,乳牙收纳盒,21,False,,Khác / chưa xác định
5911,亚克力,21,False,,Khác / chưa xác định
5912,冷冻调理刀,21,False,,Khác / chưa xác định
5913,口衔铁/马嚼/马衔,21,False,,Khác / chưa xác định
5914,口香糖柜,21,False,,Khác / chưa xác định
5915,叶子板/内衬安装改装工时,21,False,,Khác / chưa xác định
5916,圆床垫,21,False,,Nội thất phòng ngủ
5917,地暖专用循环水泵,21,False,,"Đồng hồ, thiết bị đo lường"
5918,大富翁,21,False,,Khác / chưa xác định
5919,家用空调套装,21,False,,Điện lạnh & điều hòa
5920,床插,21,False,,Khác / chưa xác định
5921,御泥坊 玫瑰滋养矿物润肤乳,21,False,,Chăm sóc da mặt
5922,悠悠/溜溜球,21,False,,Khác / chưa xác định
5923,数码维修工具,21,False,,Khác / chưa xác định
5924,欧缇丽 葡萄籽净肤调理祛痘精华,21,False,,Chăm sóc da mặt
5925,洗胶绵,21,False,,Khác / chưa xác định
5926,烧烤叉,21,False,,Khác / chưa xác định
5927,电源（舞台）,21,False,,Khác / chưa xác định
5928,短笛,21,False,,Khác / chưa xác định
5929,蔬菜种子/种苗,21,False,,Nông nghiệp & làm vườn
5930,跳高架,21,False,,Khác / chưa xác định
5931,雅丽洁 芦荟菁萃补水保湿乳,21,False,,Chăm sóc da mặt
5932,马桶消毒器,21,False,,Thiết bị phòng tắm
5933,马绑腿/马护腿/马护蹄,21,False,,Khác / chưa xác định
5934,传真机,20,False,,Khác / chưa xác định
5935,同仁堂 舒缓轻柔修护乳液,20,False,,Chăm sóc da mặt
5936,婴儿电吹风,20,False,,Đồ dùng cho bé
5937,展板,20,False,,Khác / chưa xác định
5938,广告帐蓬,20,False,,Khác / chưa xác định
5939,德妃 紫苏乳液,20,False,,Chăm sóc da mặt
5940,德妃 紫苏舒缓爽肤水,20,False,,Chăm sóc da mặt
5941,汽车驱鼠剂,20,False,,Ô tô: phụ tùng & phụ kiện
5942,牙齿美白仪,20,False,,Khác / chưa xác định
5943,电子秤量勺/勺子秤,20,False,,Khác / chưa xác định
5944,相宜本草 红石榴乳液,20,False,,Chăm sóc da mặt
5945,纸桶,20,False,,Khác / chưa xác định
5946,网球帽,20,False,,Thể thao bóng
5947,网络切换器,20,False,,Khác / chưa xác định
5948,蔬菜沙拉,20,False,,Khác / chưa xác định
5949,赛车文化,20,False,,Khác / chưa xác định
5950,迪奥 修护乳霜,20,False,,Chăm sóc da mặt
5951,防火墙,20,False,,Khác / chưa xác định
5952,马术手套,20,False,,"Mũ, khăn & găng tay"
5953,S钩,19,False,,Khác / chưa xác định
5954,交换器,19,False,,Khác / chưa xác định
5955,修车架,19,False,,Khác / chưa xác định
5956,合约机,19,False,,Khác / chưa xác định
5957,堆高车,19,False,,Khác / chưa xác định
5958,平锥头铆钉,19,False,,Khác / chưa xác định
5959,心脑血管,19,False,,Khác / chưa xác định
5960,抽屉滑轨,19,False,,Khác / chưa xác định
5961,旅行镜子,19,False,,Khác / chưa xác định
5962,水密码 海洋源萃水,19,False,,Chăm sóc da mặt
5963,洗澡书,19,False,,Khác / chưa xác định
5964,燃气发电机,19,False,,Máy móc công nghiệp
5965,电动喷绘笔,19,False,,Văn phòng phẩm
5966,组合互感器,19,False,,Khác / chưa xác định
5967,网球框,19,False,,Thể thao bóng
5968,自封袋/自粘袋,19,False,,Khác / chưa xác định
5969,镁粉袋,19,False,,Khác / chưa xác định
5970,门帘布料,19,False,,Khác / chưa xác định
5971,门球,19,False,,Khác / chưa xác định
5972,隔断+ 鞋柜,19,False,,Phụ kiện giày
5973,面部清洁护理产品（器械）,19,False,,Khác / chưa xác định
5974,马缰绳,19,False,,Khác / chưa xác định
5975,骑行防水鞋套,19,False,,Khác / chưa xác định
5976,高压水枪,19,False,,Đồ chơi ngoài trời
5977,AV切换器,18,False,,Khác / chưa xác định
5978,候车亭,18,False,,Khác / chưa xác định
5979,农用吸粮机,18,False,,Khác / chưa xác định
5980,冰菊 八杯水保湿嫩肤洁面乳,18,False,,Chăm sóc da mặt
5981,御泥坊 晶亮红石榴养肤水,18,False,,Khác / chưa xác định
5982,情趣丝袜,18,False,,Đồ lót & đồ ngủ
5983,手机同屏器,18,False,,Điện thoại & phụ kiện
5984,智能记事本/手写本/办公本,18,False,,Khác / chưa xác định
5985,柜体,18,False,,Khác / chưa xác định
5986,橄榄球头盔,18,False,,Khác / chưa xác định
5987,欧缇丽 葡萄籽冰激凌乳液,18,False,,Chăm sóc da mặt
5988,欧缇丽 葡萄籽净痘平衡乳液,18,False,,Chăm sóc da mặt
5989,水温计/温度计,18,False,,Khác / chưa xác định
5990,沙发罩,18,False,,Nội thất phòng khách
5991,瑜伽披肩,18,False,,Tập luyện & thể hình
5992,电动车,18,False,,Xe đạp & xe điện
5993,电动送风面罩,18,False,,Khác / chưa xác định
5994,相宜本草 洗面奶,18,False,,Chăm sóc da mặt
5995,纱布袋,18,False,,Khác / chưa xác định
5996,线剪钳,18,False,,Khác / chưa xác định
5997,美肤宝 精萃舒润保湿乳,18,False,,Chăm sóc da mặt
5998,羽拍袋,18,False,,Khác / chưa xác định
5999,雪花秀 滋盈生人参焕颜乳,18,False,,Khác / chưa xác định
6000,震动棒,18,False,,Khác / chưa xác định
6001,4S服务套餐/定金/团购,17,False,,Dịch vụ & vé
6002,PSV充电器,17,False,,Điện thoại & phụ kiện
6003,优资莱 绿茶活萃芯肌保湿水,17,False,,Chăm sóc da mặt
6004,养殖标记笔,17,False,,Văn phòng phẩm
6005,切药器,17,False,,Khác / chưa xác định
6006,包装纸（待合并）,17,False,,Khác / chưa xác định
6007,定制玄关柜,17,False,,Tủ & kệ lưu trữ
6008,打火机用油,17,False,,Quà tặng & đồ lưu niệm
6009,插线板收纳盒,17,False,,Khác / chưa xác định
6010,欧缇丽 葡萄籽焕颜晚霜,17,False,,Chăm sóc da mặt
6011,洗衣吸毛器,17,False,,Khác / chưa xác định
6012,温室阳光板,17,False,,Khác / chưa xác định
6013,珀莱雅 靓白芯肌晶采乳液,17,False,,Chăm sóc da mặt
6014,相宜本草 净肤保湿水,17,False,,Chăm sóc da mặt
6015,筋膜柱,17,False,,Khác / chưa xác định
6016,箱式变电站,17,False,,Khác / chưa xác định
6017,编曲键盘,17,False,,Dụng cụ nhà bếp
6018,美肤宝 透白美肌霜,17,False,,Chăm sóc da mặt
6019,肚带/肚带扣,17,False,,Khác / chưa xác định
6020,计时器,17,False,,Khác / chưa xác định
6021,雪杖,17,False,,Khác / chưa xác định
6022,飞镖套装,17,False,,Thể thao bóng
6023,15米清洗套装,16,False,,Khác / chưa xác định
6024,6857消毒和灭菌,16,False,,Khác / chưa xác định
6025,传统医用血压计,16,False,,Sức khỏe & thiết bị y tế
6026,刹车蹄,16,False,,Khác / chưa xác định
6027,卷发球,16,False,,Khác / chưa xác định
6028,圆号,16,False,,Khác / chưa xác định
6029,宠物链,16,False,,Khác / chưa xác định
6030,御泥坊 玫瑰滋养洗面奶,16,False,,Khác / chưa xác định
6031,擦拭棒/净化棉签,16,False,,Khác / chưa xác định
6032,果汁瓶,16,False,,"Trà, cà phê & đồ uống"
6033,欧缇丽 葡萄籽亮白精华露,16,False,,Chăm sóc da mặt
6034,漂移板护边,16,False,,Khác / chưa xác định
6035,烘培刀,16,False,,Khác / chưa xác định
6036,焊锡丝,16,False,,Khác / chưa xác định
6037,珀莱雅 水漾肌密 眼部凝露,16,False,,Khác / chưa xác định
6038,电动重剑整剑,16,False,,Khác / chưa xác định
6039,筹码架,16,False,,Khác / chưa xác định
6040,纸巾盒/纸巾套,16,False,,Khác / chưa xác định
6041,花剑手套,16,False,,"Mũ, khăn & găng tay"
6042,药箱（器械）,16,False,,Khác / chưa xác định
6043,购物车袋/包,16,False,,Khác / chưa xác định
6044,车载儿童增高垫,16,False,,Ô tô: phụ tùng & phụ kiện
6045,车载驱蚊器/灭蚊器,16,False,,Ô tô: phụ tùng & phụ kiện
6046,软驱,16,False,,Khác / chưa xác định
6047,迪奥 面部密集修护精华红色一号红,16,False,,Chăm sóc da mặt
6048,锹,16,False,,Khác / chưa xác định
6049,门弹弓,16,False,,Khác / chưa xác định
6050,马鞍垫,16,False,,Khác / chưa xác định
6051,骑马机,16,False,,Khác / chưa xác định
6052,优资莱 绿茶芯肌面霜,15,False,,Chăm sóc da mặt
6053,儿童架子鼓,15,False,,Khác / chưa xác định
6054,复合床垫,15,False,,Nội thất phòng ngủ
6055,多件套,15,False,,Khác / chưa xác định
6056,婚庆跪垫,15,False,,Đồ cưới & trang trí sự kiện
6057,宫颈癌疫苗,15,False,,Khác / chưa xác định
6058,床铰链,15,False,,Khác / chưa xác định
6059,御泥坊 清爽平衡矿物洁面乳,15,False,,Chăm sóc da mặt
6060,德妃 紫苏舒缓保湿乳液,15,False,,Chăm sóc da mặt
6061,护腕垫,15,False,,Khác / chưa xác định
6062,搬家纸箱,15,False,,Khác / chưa xác định
6063,水密码 净白焕彩洗面奶水,15,False,,Chăm sóc da mặt
6064,清洁用品,15,False,,Khác / chưa xác định
6065,清洗刷,15,False,,Khác / chưa xác định
6066,温碧泉 3号乳液,15,False,,Chăm sóc da mặt
6067,电瓶/蓄电池安装更换工时,15,False,,Khác / chưa xác định
6068,电纸书防护包,15,False,,Khác / chưa xác định
6069,笔挂,15,False,,Văn phòng phẩm
6070,红毛蟹,15,False,,Khác / chưa xác định
6071,落地镜,15,False,,Khác / chưa xác định
6072,起泡网,15,False,,Khác / chưa xác định
6073,锡纸,15,False,,Khác / chưa xác định
6074,音响线,15,False,,Thiết bị điện tử gia đình
6075,风动密封圈,15,False,,Khác / chưa xác định
6076,黄油枪,15,False,,Khác / chưa xác định
6077,保龄球,14,False,,Khác / chưa xác định
6078,击剑袜,14,False,,Khác / chưa xác định
6079,剃须刀收纳包/架/盒,14,False,,Khác / chưa xác định
6080,单刀片,14,False,,Khác / chưa xác định
6081,圆锥冲,14,False,,Khác / chưa xác định
6082,御泥坊 清爽平衡矿物爽肤乳,14,False,,Khác / chưa xác định
6083,悦诗风吟 森林男士控油平衡凝露,14,False,,Chăm sóc da mặt
6084,手机屏幕放大器,14,False,,Điện thoại & phụ kiện
6085,按摩滚轮,14,False,,Khác / chưa xác định
6086,擦拭布/抛光布,14,False,,Khác / chưa xác định
6087,春节礼盒 ,14,False,,
6088,暖宫贴,14,False,,Khác / chưa xác định
6089,桑拿浴箱配件,14,False,,Khác / chưa xác định
6090,梵洁诗 绿钻公主凝时活颜玉肌冰露,14,False,,Khác / chưa xác định
6091,水密码 水光亮白透肌水,14,False,,Chăm sóc da mặt
6092,洁牙粉,14,False,,Khác / chưa xác định
6093,电动打奶器,14,False,,Khác / chưa xác định
6094,美臀训练器,14,False,,Khác / chưa xác định
6095,车用除雪铲/除雪工具,14,False,,Khác / chưa xác định
6096,软壳衣裤套装,14,False,,Khác / chưa xác định
6097,迪奥 花蜜精华水150ml,14,False,,Chăm sóc da mặt
6098,通条,14,False,,Khác / chưa xác định
6099,铁饼,14,False,,Khác / chưa xác định
6100,阳台空间定制,14,False,,Khác / chưa xác định
6101,雅诗兰黛 果酸焕肤面膜50ML,14,False,,Chăm sóc da mặt
6102,靴夹,14,False,,Khác / chưa xác định
6103,乒乓球拍,13,False,,Thể thao bóng
6104,儿童牛仔裙,13,False,,Quần áo trẻ em
6105,内网安全,13,False,,Khác / chưa xác định
6106,冰鞋套,13,False,,Khác / chưa xác định
6107,刨片,13,False,,Khác / chưa xác định
6108,吹风机防尘袋/罩/架,13,False,,Chăm sóc tóc
6109,场地测量尺,13,False,,"Đồng hồ, thiết bị đo lường"
6110,大棚保温被/防寒毡,13,False,,Khác / chưa xác định
6111,掸头,13,False,,Khác / chưa xác định
6112,浴罩,13,False,,Khác / chưa xác định
6113,激情用具,13,False,,Khác / chưa xác định
6114,牛排机,13,False,,Khác / chưa xác định
6115,电台/对讲设备/中继台,13,False,,Thiết bị truyền thông
6116,白炽灯,13,False,,Khác / chưa xác định
6117,箭,13,False,,Khác / chưa xác định
6118,粘尘纸,13,False,,Khác / chưa xác định
6119,纸袋纸/杯纸,13,False,,Khác / chưa xác định
6120,缝纫配件,13,False,,Khác / chưa xác định
6121,芝士炉/电烤盘,13,False,,Dụng cụ nhà bếp
6122,行李架横杆,13,False,,Khác / chưa xác định
6123,西兰花/花菜,13,False,,Khác / chưa xác định
6124,软头笔,13,False,,Văn phòng phẩm
6125,迪奥 魅惑丰唇蜜润唇,13,False,,Chăm sóc da mặt
6126,雅诗兰黛 红石榴乳液,13,False,,Chăm sóc da mặt
6127,上门搭电/换电瓶/补胎/换胎,12,False,,Ô tô: phụ tùng & phụ kiện
6128,下辊轴套,12,False,,Khác / chưa xác định
6129,中央空调单品,12,False,,Điện lạnh & điều hòa
6130,传真纸,12,False,,Khác / chưa xác định
6131,储能机,12,False,,Khác / chưa xác định
6132,儿童枕套,12,False,,Khác / chưa xác định
6133,双袖型合页,12,False,,Khác / chưa xác định
6134,宠物垫,12,False,,Khác / chưa xác định
6135,宠物智能穿戴设备,12,False,,Khác / chưa xác định
6136,干手器,12,False,,Khác / chưa xác định
6137,手柄充电器,12,False,,Điện thoại & phụ kiện
6138,挡雨帽,12,False,,Khác / chưa xác định
6139,智能奶瓶,12,False,,Đồ dùng cho bé
6140,欧缇丽 清痘净肤洁面啫喱,12,False,,Chăm sóc da mặt
6141,潜水镜,12,False,,Khác / chưa xác định
6142,珀莱雅 洗面奶,12,False,,Khác / chưa xác định
6143,电纸书屏幕贴膜,12,False,,Khác / chưa xác định
6144,罚款代缴服务,12,False,,Dịch vụ & vé
6145,自慰杯,12,False,,Khác / chưa xác định
6146,通用型稳压器,12,False,,Khác / chưa xác định
6147,阴臀倒模,12,False,,Khác / chưa xác định
6148,颐莲 红石榴焕颜精华乳,12,False,,Chăm sóc da mặt
6149,马衣,12,False,,Khác / chưa xác định
6150,鱼塘投饵机/投料机,12,False,,Khác / chưa xác định
6151,鸡尾锯,12,False,,Dụng cụ cầm tay
6152,SIM 剪卡钳,11,False,,Khác / chưa xác định
6153,中央空调套装,11,False,,Điện lạnh & điều hòa
6154,书房空间定制,11,False,,Khác / chưa xác định
6155,京锣,11,False,,Khác / chưa xác định
6156,发动机/动力系统部件更换工时,11,False,,Khác / chưa xác định
6157,岩钉,11,False,,Khác / chưa xác định
6158,弹布尔,11,False,,Khác / chưa xác định
6159,手机智能按键,11,False,,Điện thoại & phụ kiện
6160,新鲜莲蓬,11,False,,Khác / chưa xác định
6161,早早孕检测试纸(盒),11,False,,"Đồng hồ, thiết bị đo lường"
6162,暖风模块,11,False,,Khác / chưa xác định
6163,欧缇丽 葡萄净痘平衡水,11,False,,Chăm sóc da mặt
6164,水勒缰(水勒/缰绳/口衔套装),11,False,,Khác / chưa xác định
6165,温湿度计/室温计,11,False,,Khác / chưa xác định
6166,玩具椅（原婴童）,11,False,,Đồ chơi mô hình & điều khiển
6167,瓦楞纸,11,False,,Khác / chưa xác định
6168,电动车/摩托车导航仪,11,False,,Xe đạp & xe điện
6169,电动车定时器,11,False,,Xe đạp & xe điện
6170,电动车打气筒,11,False,,Xe đạp & xe điện
6171,矿用变压器,11,False,,Linh kiện & thiết bị điện
6172,绘图板配件,11,False,,Khác / chưa xác định
6173,计分器/翻分牌,11,False,,Khác / chưa xác định
6174,评价器,11,False,,Khác / chưa xác định
6175,车载保温箱,11,False,,Ô tô: phụ tùng & phụ kiện
6176,配件礼盒套装,11,False,,Quà tặng & đồ lưu niệm
6177,闪存卡转接套,11,False,,Máy tính & phụ kiện
6178,防雾湿巾,11,False,,Dụng cụ vệ sinh nhà cửa
6179,PSV屏幕贴膜,10,False,,Khác / chưa xác định
6180,app互动玩具,10,False,,Đồ chơi mô hình & điều khiển
6181,专业摄影背心,10,False,,Áo nam
6182,丝瓜络玩具,10,False,,Đồ chơi mô hình & điều khiển
6183,中提琴,10,False,,Khác / chưa xác định
6184,保龄球鞋,10,False,,Khác / chưa xác định
6185,另类玩具,10,False,,Đồ chơi mô hình & điều khiển
6186,台球刷,10,False,,Khác / chưa xác định
6187,回形针座/盒,10,False,,Khác / chưa xác định
6188,康佳鼓,10,False,,Khác / chưa xác định
6189,扣板吸盘,10,False,,Dụng cụ nhà bếp
6190,欧缇丽 葡萄籽活性保湿喷雾,10,False,,Chăm sóc da mặt
6191,洁耳器,10,False,,Khác / chưa xác định
6192,消防电话,10,False,,Điện thoại & phụ kiện
6193,炭雕（不含挂盘）,10,False,,Dụng cụ nhà bếp
6194,牧草种子/种苗,10,False,,Nông nghiệp & làm vườn
6195,玖美堂 男士沐浴露,10,False,,Chăm sóc da mặt
6196,玻璃布胶带,10,False,,Văn phòng phẩm
6197,电子书手写笔/电磁笔,10,False,,Văn phòng phẩm
6198,男用调情香水,10,False,,Nước hoa & hương thơm
6199,空手道手套,10,False,,"Mũ, khăn & găng tay"
6200,迪奥 花蜜活颜丝悦 精华5ml,10,False,,Chăm sóc da mặt
6201,迷你榨汁机,10,False,,Thiết bị gia dụng nhỏ
6202,钢管舞服,10,False,,Khác / chưa xác định
6203,铰链(合页),10,False,,Khác / chưa xác định
6204,30米清洗套装,9,False,,Khác / chưa xác định
6205,XBOX电源,9,False,,Linh kiện & thiết bị điện
6206,三国杀,9,False,,Khác / chưa xác định
6207,便当袋,9,False,,Khác / chưa xác định
6208,保暖棉衣裤套装,9,False,,Áo khoác & trang phục giữ ấm
6209,冰菊 玻尿酸保湿精华乳,9,False,,Chăm sóc da mặt
6210,口罩消毒机,9,False,,"Mũ, khăn & găng tay"
6211,吸奶机/挤奶机/集乳器,9,False,,Khác / chưa xác định
6212,塑料孔塞盖,9,False,,Khác / chưa xác định
6213,壁球,9,False,,Khác / chưa xác định
6214,多功能钳,9,False,,Khác / chưa xác định
6215,岛柜,9,False,,Khác / chưa xác định
6216,布艺,9,False,,"Rèm, thảm & vải gia dụng"
6217,广告板材,9,False,,Khác / chưa xác định
6218,德妃 紫苏爽肤水200ml,9,False,,Chăm sóc da mặt
6219,扎带,9,False,,Khác / chưa xác định
6220,沥青胶带,9,False,,Văn phòng phẩm
6221,泌尿生殖,9,False,,Khác / chưa xác định
6222,洗车卷管器,9,False,,Khác / chưa xác định
6223,火灾显示盘,9,False,,Dụng cụ nhà bếp
6224,烫金纸/电化铝,9,False,,Khác / chưa xác định
6225,玻璃修复,9,False,,Khác / chưa xác định
6226,电蒸炉,9,False,,Khác / chưa xác định
6227,男士阴影,9,False,,Khác / chưa xác định
6228,相宜本草 红石榴嫩肤水,9,False,,Chăm sóc da mặt
6229,羊眼,9,False,,Khác / chưa xác định
6230,美妆消毒器,9,False,,Khác / chưa xác định
6231,花栅栏,9,False,,Khác / chưa xác định
6232,试管刷,9,False,,Khác / chưa xác định
6233,道次墩,9,False,,Khác / chưa xác định
6234,钢镐,9,False,,Khác / chưa xác định
6235,钣金修复机,9,False,,Khác / chưa xác định
6236,镲锅,9,False,,Khác / chưa xác định
6237,防紫外线镜,9,False,,Khác / chưa xác định
6238,12角长套筒,8,False,,Khác / chưa xác định
6239,一次性防尘罩,8,False,,Khác / chưa xác định
6240,中央新风机,8,False,,Khác / chưa xác định
6241,佩剑剑服,8,False,,Khác / chưa xác định
6242,保温桶,8,False,,Khác / chưa xác định
6243,修车躺板,8,False,,Khác / chưa xác định
6244,充气泵及修补工具,8,False,,Khác / chưa xác định
6245,冬不拉,8,False,,Khác / chưa xác định
6246,冰镐,8,False,,Khác / chưa xác định
6247,奶嘴打孔器,8,False,,Đồ dùng cho bé
6248,定制杂物柜,8,False,,Khác / chưa xác định
6249,尾翼/顶翼安装改装工时,8,False,,Ô tô: phụ tùng & phụ kiện
6250,嵌入式微波炉,8,False,,Thiết bị gia dụng nhỏ
6251,座充,8,False,,Khác / chưa xác định
6252,御泥坊 水润茶萃微囊滋养乳(老包装),8,False,,Khác / chưa xác định
6253,新能源汽车充电器/桩,8,False,,Điện thoại & phụ kiện
6254,早餐吧,8,False,,Khác / chưa xác định
6255,汽车太阳能充电板,8,False,,Ô tô: phụ tùng & phụ kiện
6256,汽车烤漆灯,8,False,,Ô tô: phụ tùng & phụ kiện
6257,汽车除油剂,8,False,,Ô tô: phụ tùng & phụ kiện
6258,玻璃,8,False,,Khác / chưa xác định
6259,瑜伽椅,8,False,,Tập luyện & thể hình
6260,生存包,8,False,,Khác / chưa xác định
6261,电脑防尘罩,8,False,,Máy tính & phụ kiện
6262,穿钉,8,False,,Khác / chưa xác định
6263,背夹电源,8,False,,Linh kiện & thiết bị điện
6264,色彩风干器/速干器,8,False,,Khác / chưa xác định
6265,裁判椅,8,False,,Khác / chưa xác định
6266,裁剪人台,8,False,,Khác / chưa xác định
6267,走步机,8,False,,Khác / chưa xác định
6268,违章代办服务,8,False,,Dịch vụ & vé
6269,酒店毛巾浴巾,8,False,,"Rèm, thảm & vải gia dụng"
6270,锨,8,False,,Khác / chưa xác định
6271,门辅料,8,False,,Khác / chưa xác định
6272,防风镜,8,False,,Khác / chưa xác định
6273,面霜罐,8,False,,Chăm sóc da mặt
6274,中青年体检,7,False,,Khác / chưa xác định
6275,任天堂电源,7,False,,Linh kiện & thiết bị điện
6276,信号镜,7,False,,Khác / chưa xác định
6277,儿童口风琴,7,False,,Khác / chưa xác định
6278,儿童吉他,7,False,,Âm thanh & nhạc cụ
6279,儿童软壳裤,7,False,,Quần áo trẻ em
6280,儿童马桶架,7,False,,Thiết bị phòng tắm
6281,充气凳,7,False,,Khác / chưa xác định
6282,冲锋舟,7,False,,Khác / chưa xác định
6283,压舌板,7,False,,Khác / chưa xác định
6284,国际避孕套,7,False,,Khác / chưa xác định
6285,席子收纳袋,7,False,,Khác / chưa xác định
6286,情趣套,7,False,,Khác / chưa xác định
6287,情趣环,7,False,,Khác / chưa xác định
6288,拐杖,7,False,,Khác / chưa xác định
6289,橡皮塞/密封塞/反口塞,7,False,,Khác / chưa xác định
6290,欧缇丽 沁心玫瑰香氛沐浴露,7,False,,Chăm sóc da mặt
6291,液压秆,7,False,,Máy móc công nghiệp
6292,滑水绳,7,False,,Khác / chưa xác định
6293,滑水鞋,7,False,,Khác / chưa xác định
6294,瑜伽服用胸垫,7,False,,Tập luyện & thể hình
6295,电话+电视插座,7,False,,Thiết bị điện tử gia đình
6296,白板纸,7,False,,Khác / chưa xác định
6297,石工斧,7,False,,Khác / chưa xác định
6298,绷带,7,False,,Khác / chưa xác định
6299,老虎蟹,7,False,,Khác / chưa xác định
6300,轮毂维修,7,False,,Ô tô: phụ tùng & phụ kiện
6301,轮眉/灯眉安装改装工时,7,False,,Khác / chưa xác định
6302,钣金/油漆,7,False,,Khác / chưa xác định
6303,铅线,7,False,,Văn phòng phẩm
6304,门标配五金件,7,False,,Vật liệu xây dựng
6305,门鼻,7,False,,Khác / chưa xác định
6306,防寒衣/防磨衣,7,False,,Khác / chưa xác định
6307,CD包,6,False,,"Sách, tạp chí & âm nhạc"
6308,MP3/MP4连接线,6,False,,Văn phòng phẩm
6309,中网/前脸安装改装工时,6,False,,Khác / chưa xác định
6310,冰球球门,6,False,,Khác / chưa xác định
6311,吹风机炫彩贴,6,False,,Chăm sóc tóc
6312,回路板,6,False,,Khác / chưa xác định
6313,墨汁,6,False,,Khác / chưa xác định
6314,壁球拍,6,False,,Khác / chưa xác định
6315,定制书架,6,False,,Nội thất văn phòng & học tập
6316,宝宝蒸蛋机/煮蛋器,6,False,,Đồ dùng cho bé
6317,工矿鞋,6,False,,Khác / chưa xác định
6318,帆船,6,False,,Khác / chưa xác định
6319,平板电脑数据线,6,False,,Điện thoại & phụ kiện
6320,御泥坊 红石榴洁面乳,6,False,,Chăm sóc da mặt
6321,果蔬采收筐/周转筐,6,False,,Khác / chưa xác định
6322,树干保温保湿带,6,False,,Khác / chưa xác định
6323,母球定位器,6,False,,Khác / chưa xác định
6324,涤纶绳,6,False,,Khác / chưa xác định
6325,漫步机,6,False,,Khác / chưa xác định
6326,电动车飞轮,6,False,,Xe đạp & xe điện
6327,电视高压包,6,False,,Thiết bị điện tử gia đình
6328,粉斗,6,False,,Khác / chưa xác định
6329,绝缘胶布,6,False,,Khác / chưa xác định
6330,美胸喷雾,6,False,,Chăm sóc da mặt
6331,药匙/药勺/样品匙,6,False,,Khác / chưa xác định
6332,视频眼镜,6,False,,Kính mắt & kính áp tròng
6333,赛车帽,6,False,,Khác / chưa xác định
6334,跳高杆,6,False,,Khác / chưa xác định
6335,轮毂修复套件,6,False,,Ô tô: phụ tùng & phụ kiện
6336,迪奥 花漾甜心小姐女士香水,6,False,,Nước hoa & hương thơm
6337,防胀气装置,6,False,,Khác / chưa xác định
6338,麻将尺,6,False,,Khác / chưa xác định
6339,MP3/MP4充电器,5,False,,Điện thoại & phụ kiện
6340,switch钢化膜,5,False,,Khác / chưa xác định
6341,上门刹车油/刹车片/刹车盘更换,5,False,,Dụng cụ nhà bếp
6342,儿童床笠/床罩,5,False,,Khác / chưa xác định
6343,儿童牛仔衬衫,5,False,,Áo nam
6344,冰锥,5,False,,Khác / chưa xác định
6345,加速器,5,False,,Khác / chưa xác định
6346,多功能空气质量检测仪,5,False,,"Đồng hồ, thiết bị đo lường"
6347,家用热水系统,5,False,,Khác / chưa xác định
6348,工业防锈纸,5,False,,Máy móc công nghiệp
6349,平砂板,5,False,,Khác / chưa xác định
6350,排卵检测试纸(盒),5,False,,"Đồng hồ, thiết bị đo lường"
6351,朝鲜舞鞋,5,False,,Khác / chưa xác định
6352,梵洁诗 绿茶原液精华莹肌高能化妆水 新版,5,False,,Chăm sóc da mặt
6353,椰子壳,5,False,,Khác / chưa xác định
6354,洗车地格栅,5,False,,Khác / chưa xác định
6355,活页胶圈,5,False,,Khác / chưa xác định
6356,焗油碗,5,False,,Dụng cụ nhà bếp
6357,电动车撑伞架,5,False,,Xe đạp & xe điện
6358,电工锤,5,False,,Khác / chưa xác định
6359,电视罩,5,False,,Thiết bị điện tử gia đình
6360,移动试衣间,5,False,,Khác / chưa xác định
6361,绣花机,5,False,,Khác / chưa xác định
6362,绿板,5,False,,Khác / chưa xác định
6363,羊毛球,5,False,,Khác / chưa xác định
6364,舟山锣,5,False,,Khác / chưa xác định
6365,训练佩剑整剑,5,False,,Khác / chưa xác định
6366,记忆棉床垫,5,False,,Nội thất phòng ngủ
6367,车载儿童坐垫,5,False,,Ô tô: phụ tùng & phụ kiện
6368,车顶储物包,5,False,,Ô tô: phụ tùng & phụ kiện
6369,遥控器篮,5,False,,Khác / chưa xác định
6370,遮雪挡,5,False,,Khác / chưa xác định
6371,重剑剑服,5,False,,Khác / chưa xác định
6372,铁饼链球插牌,5,False,,Khác / chưa xác định
6373,隔尿裙,5,False,,Khác / chưa xác định
6374,XBOX硬盘盒,4,False,,Dụng cụ nhà bếp
6375,上辊轴套,4,False,,Khác / chưa xác định
6376,划线盘,4,False,,Dụng cụ nhà bếp
6377,可乐球,4,False,,Khác / chưa xác định
6378,商用水饮设备配件,4,False,,Thiết bị thương mại
6379,外饰改装套件,4,False,,Khác / chưa xác định
6380,安全气囊/气囊电脑,4,False,,Máy tính & phụ kiện
6381,屏幕,4,False,,Khác / chưa xác định
6382,工频不间断电源,4,False,,Linh kiện & thiết bị điện
6383,打泡器,4,False,,Khác / chưa xác định
6384,挂烫机防尘罩,4,False,,Khác / chưa xác định
6385,毛丹/毛荔枝,4,False,,Khác / chưa xác định
6386,汽车玻璃/前挡/后挡/侧窗,4,False,,Ô tô: phụ tùng & phụ kiện
6387,点读机/点读笔配件,4,False,,Văn phòng phẩm
6388,烟刀,4,False,,Khác / chưa xác định
6389,电竞太空舱,4,False,,Khác / chưa xác định
6390,电视卡/电视盒,4,False,,Thiết bị điện tử gia đình
6391,空降包,4,False,,Khác / chưa xác định
6392,绝缘纸,4,False,,Khác / chưa xác định
6393,耳机线夹,4,False,,Âm thanh & nhạc cụ
6394,补胎,4,False,,Ô tô: phụ tùng & phụ kiện
6395,足浴养生泡脚盆（器械）,4,False,,Khác / chưa xác định
6396,车顶灯,4,False,,Ô tô: phụ tùng & phụ kiện
6397,转椅五星脚,4,False,,Khác / chưa xác định
6398,轮胎/轮毂更换改装工时,4,False,,Ô tô: phụ tùng & phụ kiện
6399,钳形电流互感器,4,False,,Khác / chưa xác định
6400,铜书板,4,False,,Khác / chưa xác định
6401,6812妇产科,3,False,,Khác / chưa xác định
6402,专用型稳压器,3,False,,Khác / chưa xác định
6403,传真服务器,3,False,,Dịch vụ & vé
6404,佩剑面罩,3,False,,Khác / chưa xác định
6405,冲浪板背袋,3,False,,Đồ bơi & thể thao nước
6406,厨房空间套餐,3,False,,Khác / chưa xác định
6407,可收纳情趣家具,3,False,,Khác / chưa xác định
6408,吸顶式消防广播音箱,3,False,,Âm thanh & nhạc cụ
6409,固定翼飞机,3,False,,Khác / chưa xác định
6410,大棚增温块,3,False,,Khác / chưa xác định
6411,小腿拉伸训练器/拉筋训练器,3,False,,Khác / chưa xác định
6412,岩石塞,3,False,,Khác / chưa xác định
6413,广告自行车,3,False,,Xe đạp & xe điện
6414,废油抽接机,3,False,,Khác / chưa xác định
6415,御泥坊 红酒透亮矿物养肤水,3,False,,Rượu vang & rượu mạnh
6416,情趣文胸/情趣内衣套装,3,False,,Đồ lót & đồ ngủ
6417,情趣胸部用品,3,False,,Khác / chưa xác định
6418,挑边器,3,False,,Khác / chưa xác định
6419,标示贴,3,False,,Khác / chưa xác định
6420,深孔板,3,False,,Khác / chưa xác định
6421,班卓琴,3,False,,Khác / chưa xác định
6422,箭靶,3,False,,Khác / chưa xác định
6423,脂肪测量仪（器械）,3,False,,"Đồng hồ, thiết bị đo lường"
6424,脏衣篓,3,False,,Khác / chưa xác định
6425,芭蕾舞护腿袜/护具,3,False,,Sức khỏe & thiết bị y tế
6426,葫芦笙,3,False,,Khác / chưa xác định
6427,蓝牙检测仪,3,False,,"Đồng hồ, thiết bị đo lường"
6428,蜡块,3,False,,Khác / chưa xác định
6429,记忆卡,3,False,,Khác / chưa xác định
6430,负载均衡,3,False,,Khác / chưa xác định
6431,足球鞋钉,3,False,,Giày thể thao
6432,车载电子烟配件,3,False,,Ô tô: phụ tùng & phụ kiện
6433,铅球架,3,False,,Khác / chưa xác định
6434,防护条,3,False,,Khác / chưa xác định
6435,防滑垫,3,False,,Khác / chưa xác định
6436,防酸碱工作服,3,False,,Đồng phục & trang phục biểu diễn
6437,鼻罩,3,False,,Khác / chưa xác định
6438,AHC 黄金水,2,False,,Khác / chưa xác định
6439,AV线,2,False,,Văn phòng phẩm
6440,Lomo潜水盒,2,False,,Khác / chưa xác định
6441,中药柜,2,False,,Khác / chưa xác định
6442,刹车气管/接头,2,False,,Khác / chưa xác định
6443,前胸带/低头革,2,False,,Khác / chưa xác định
6444,嗒嗒球/球拍,2,False,,Khác / chưa xác định
6445,场地自行车,2,False,,Xe đạp & xe điện
6446,垃圾桶罩,2,False,,Dụng cụ vệ sinh nhà cửa
6447,女用穿戴,2,False,,Khác / chưa xác định
6448,宠物安全扣,2,False,,Khác / chưa xác định
6449,尿素喷嘴,2,False,,Khác / chưa xác định
6450,尿素滤芯,2,False,,Khác / chưa xác định
6451,干身器,2,False,,Khác / chưa xác định
6452,御泥坊 小蓝瓶深补水弹润乳,2,False,,Khác / chưa xác định
6453,德国心脏病,2,False,,Khác / chưa xác định
6454,投币电话/磁卡电话,2,False,,Điện thoại & phụ kiện
6455,抗病毒类,2,False,,Khác / chưa xác định
6456,排球战术板,2,False,,Đồ dùng quân sự & mô phỏng
6457,摄影梯,2,False,,Camera & nhiếp ảnh
6458,智慧白板,2,False,,Khác / chưa xác định
6459,梵洁诗 蓝钻水肌源,2,False,,Khác / chưa xác định
6460,椰胡,2,False,,Khác / chưa xác định
6461,溶质,2,False,,Khác / chưa xác định
6462,牛油纸,2,False,,Khác / chưa xác định
6463,电焊口罩,2,False,,"Mũ, khăn & găng tay"
6464,电话防尘罩,2,False,,Điện thoại & phụ kiện
6465,眼胶,2,False,,Khác / chưa xác định
6466,移动冰箱,2,False,,Điện lạnh & điều hòa
6467,自慰蛋,2,False,,Khác / chưa xác định
6468,自慰软胶,2,False,,Khác / chưa xác định
6469,螺旋气管/取气管/接头,2,False,,Khác / chưa xác định
6470,记忆棒,2,False,,Khác / chưa xác định
6471,车载儿童颈枕/腰靠,2,False,,Ô tô: phụ tùng & phụ kiện
6472,防溅球/缓冲球,2,False,,Khác / chưa xác định
6473,防锈纸,2,False,,Khác / chưa xác định
6474,韩美肌 素颜霜懒人霜,2,False,,Chăm sóc da mặt
6475,马笼套,2,False,,Khác / chưa xác định
6476,AHC 黄金面霜,1,False,,Chăm sóc da mặt
6477,MP4屏幕保护膜,1,False,,Khác / chưa xác định
6478,一次性防护帽,1,False,,Khác / chưa xác định
6479,交车蝴蝶结,1,False,,Khác / chưa xác định
6480,交通反光背心,1,False,,Áo nam
6481,保龄球包,1,False,,Khác / chưa xác định
6482,倒车后视/雷达安装工时,1,False,,Khác / chưa xác định
6483,健康秤（器械）,1,False,,Khác / chưa xác định
6484,内饰套餐,1,False,,Khác / chưa xác định
6485,农用剪,1,False,,Khác / chưa xác định
6486,冲浪机,1,False,,Đồ bơi & thể thao nước
6487,创意泥人,1,False,,Khác / chưa xác định
6488,创意风筝,1,False,,Đồ chơi ngoài trời
6489,医用放大镜,1,False,,Sức khỏe & thiết bị y tế
6490,发动机皮带/链条更换工时,1,False,,"Mũ, khăn & găng tay"
6491,场馆音响设备,1,False,,Thiết bị điện tử gia đình
6492,多功能餐吧柜,1,False,,Khác / chưa xác định
6493,大型情趣家具,1,False,,Khác / chưa xác định
6494,定制博古柜,1,False,,Khác / chưa xác định
6495,定制洗手柜,1,False,,Khác / chưa xác định
6496,帆板,1,False,,Khác / chưa xác định
6497,帷幔装饰,1,False,,Khác / chưa xác định
6498,御泥坊 黑玫瑰款物柔肤水,1,False,,Khác / chưa xác định
6499,感温探头,1,False,,Khác / chưa xác định
6500,斜躺自行车,1,False,,Xe đạp & xe điện
6501,新车定金(经销商),1,False,,Khác / chưa xác định
6502,旅行险（新）,1,False,,Khác / chưa xác định
6503,智能耳机,1,False,,Âm thanh & nhạc cụ
6504,木桶包装,1,False,,Khác / chưa xác định
6505,桶装水支架,1,False,,Linh kiện & thiết bị điện
6506,梵洁诗 绿钻凝时清润玉肌洁面乳,1,False,,Chăm sóc da mặt
6507,气电混合灶具,1,False,,Khác / chưa xác định
6508,水果保鲜柜,1,False,,Khác / chưa xác định
6509,泵瓶,1,False,,Khác / chưa xác định
6510,消毒家电配件,1,False,,Khác / chưa xác định
6511,男式情趣内裤,1,False,,Đồ lót & đồ ngủ
6512,男用穿戴,1,False,,Khác / chưa xác định
6513,直升飞机,1,False,,Khác / chưa xác định
6514,精油搅拌棒,1,False,,Nước hoa & hương thơm
6515,精油量杯,1,False,,Nước hoa & hương thơm
6516,线号签/线号贴,1,False,,Khác / chưa xác định
6517,花格,1,False,,Khác / chưa xác định
6518,行李柜,1,False,,Khác / chưa xác định
6519,车顶花/玩偶,1,False,,Búp bê & đồ chơi nhập vai
6520,运动类活动/赛事,1,False,,Khác / chưa xác định
6521,迪奥 修护精华7ml 修复精华露,1,False,,Chăm sóc da mặt
6522,重剑手套,1,False,,"Mũ, khăn & găng tay"
